/* Generated by tools/generate_fonts.py from Montserrat (SIL Open Font License 1.1). */
#include "bed_fonts.h"
#include "bed_icons.h"

static LV_ATTRIBUTE_LARGE_CONST const uint8_t glyph_bitmap_text_10[] = {
    /* U+0021 */ 0x4f, 0x14, 0xf0, 0x4f, 0x04, 0xf0, 0x1c, 0x01, 0x70, 0x6f, 0x20, 0x00,
    /* U+0022 */ 0x8a, 0x88, 0x88, 0x88, 0x46, 0x66,
    /* U+0023 */ 0x00, 0xc1, 0x4c, 0x02, 0x4f, 0x47, 0xa3, 0x48, 0xe8, 0xcc, 0x70, 0x4c, 0x09, 0x40, 0x6a, 0xd8, 0xea, 0x43, 0xaa, 0x4e, 0x42, 0x08, 0x50, 0xf0, 0x00,
    /* U+0024 */ 0x00, 0x12, 0x00, 0x00, 0x48, 0x00, 0x1a, 0xff, 0xf6, 0x7e, 0x68, 0x33, 0x7f, 0x88, 0x00, 0x09, 0xff, 0xb3, 0x00, 0x4a, 0xce, 0x46, 0x48, 0x9e, 0x4e, 0xff, 0xe3, 0x00, 0x48, 0x00, 0x00, 0x12, 0x00,
    /* U+0025 */ 0x00, 0x00, 0x00, 0x00, 0x04, 0xdd, 0x40, 0x3d, 0x00, 0xb4, 0x4b, 0x0d, 0x30, 0x09, 0x55, 0xa8, 0x80, 0x00, 0x1b, 0xb4, 0xd5, 0xc8, 0x00, 0x01, 0xc2, 0xd0, 0xb3, 0x00, 0x97, 0x0c, 0x09, 0x40, 0x4c, 0x00, 0xac, 0xc0, 0x00, 0x00, 0x00, 0x00, 0x00,
    /* U+0026 */ 0x00, 0x00, 0x00, 0x00, 0x5f, 0xdc, 0x00, 0x0c, 0x80, 0xf2, 0x00, 0x8d, 0xbb, 0x00, 0x09, 0xff, 0x14, 0x37, 0xe1, 0xae, 0xc7, 0x8d, 0x00, 0xbf, 0x41, 0xcf, 0xfc, 0x8a, 0x00, 0x00, 0x00, 0x00,
    /* U+0027 */ 0x8a, 0x88, 0x46,
    /* U+0028 */ 0x00, 0x81, 0x07, 0xd0, 0x0d, 0x70, 0x0f, 0x40, 0x2f, 0x10, 0x4f, 0x00, 0x1f, 0x30, 0x0f, 0x50, 0x0a, 0xa0, 0x04, 0xf1,
    /* U+0029 */ 0x54, 0x06, 0xe0, 0x0f, 0x40, 0xc8, 0x0a, 0x80, 0x8a, 0x0b, 0x80, 0xd6, 0x2f, 0x28, 0xa0,
    /* U+002A */ 0x02, 0x40, 0x88, 0xb9, 0x2f, 0xf4, 0x88, 0xb9, 0x02, 0x40,
    /* U+002B */ 0x00, 0x66, 0x00, 0x00, 0x88, 0x00, 0x4f, 0xff, 0xf4, 0x00, 0x88, 0x00, 0x00, 0x66, 0x00,
    /* U+002C */ 0x37, 0x07, 0xf0, 0x4a, 0x04, 0x30,
    /* U+002D */ 0x24, 0x41, 0x6c, 0xc3,
    /* U+002E */ 0x37, 0x07, 0xf0, 0x00, 0x00,
    /* U+002F */ 0x00, 0x00, 0x80, 0x00, 0x05, 0xd0, 0x00, 0x0b, 0x70, 0x00, 0x1f, 0x20, 0x00, 0x6c, 0x00, 0x00, 0xb6, 0x00, 0x01, 0xf1, 0x00, 0x07, 0xb0, 0x00, 0x0d, 0x60, 0x00, 0x2f, 0x10, 0x00,
    /* U+0030 */ 0x00, 0x00, 0x00, 0x00, 0x6f, 0xfe, 0x30, 0x2f, 0x60, 0xae, 0x08, 0xd0, 0x02, 0xf3, 0x8c, 0x00, 0x0f, 0x48, 0xd0, 0x02, 0xf3, 0x2f, 0x60, 0xae, 0x00, 0x6f, 0xfe, 0x30, 0x00, 0x00, 0x00, 0x00,
    /* U+0031 */ 0xff, 0xc0, 0x8c, 0x08, 0xc0, 0x8c, 0x08, 0xc0, 0x8c, 0x08, 0xc0,
    /* U+0032 */ 0x00, 0x00, 0x00, 0x6e, 0xff, 0x90, 0x66, 0x05, 0xf3, 0x00, 0x02, 0xf3, 0x00, 0x1d, 0xa0, 0x01, 0xda, 0x00, 0x2d, 0xa0, 0x00, 0xcf, 0xff, 0xf8,
    /* U+0033 */ 0xcf, 0xff, 0xf0, 0x00, 0x1d, 0xa0, 0x00, 0xac, 0x00, 0x00, 0xdf, 0xc1, 0x00, 0x01, 0xf6, 0x63, 0x04, 0xf5, 0x9f, 0xff, 0x90, 0x00, 0x00, 0x00,
    /* U+0034 */ 0x00, 0x0a, 0xd0, 0x00, 0x06, 0xf2, 0x00, 0x03, 0xf5, 0x00, 0x01, 0xd9, 0x0c, 0x80, 0x9f, 0xcc, 0xfe, 0x96, 0x88, 0x8e, 0xc6, 0x00, 0x00, 0xc8, 0x00,
    /* U+0035 */ 0x0f, 0xff, 0xf0, 0x2f, 0x00, 0x00, 0x4f, 0x44, 0x00, 0x3c, 0xcf, 0xe2, 0x00, 0x01, 0xe8, 0x55, 0x02, 0xf7, 0x7f, 0xff, 0xa1, 0x00, 0x00, 0x00,
    /* U+0036 */ 0x00, 0x00, 0x00, 0x00, 0x3e, 0xff, 0x80, 0x2f, 0x70, 0x11, 0x07, 0xe2, 0x43, 0x00, 0x8f, 0xec, 0xf9, 0x08, 0xf1, 0x05, 0xf0, 0x3f, 0x30, 0x7f, 0x00, 0x6f, 0xff, 0x40, 0x00, 0x00, 0x00, 0x00,
    /* U+0037 */ 0xcf, 0xff, 0xfc, 0xc8, 0x00, 0xf7, 0x32, 0x06, 0xf1, 0x00, 0x0e, 0x90, 0x00, 0x4f, 0x20, 0x00, 0xca, 0x00, 0x02, 0xf4, 0x00,
    /* U+0038 */ 0x00, 0x00, 0x00, 0x00, 0x9f, 0xfe, 0x30, 0x4f, 0x10, 0x9c, 0x03, 0xf5, 0x2b, 0xb0, 0x1d, 0xfd, 0xf6, 0x08, 0xe1, 0x05, 0xf0, 0x8e, 0x10, 0x7f, 0x01, 0xcf, 0xff, 0x60, 0x00, 0x00, 0x00, 0x00,
    /* U+0039 */ 0x00, 0x00, 0x00, 0x2d, 0xff, 0x90, 0xab, 0x01, 0xe7, 0xc9, 0x00, 0xdc, 0x5f, 0xcd, 0xfc, 0x02, 0x43, 0x9b, 0x02, 0x04, 0xf5, 0x4f, 0xff, 0x70, 0x00, 0x00, 0x00,
    /* U+003A */ 0x25, 0x08, 0xf0, 0x13, 0x00, 0x00, 0x37, 0x07, 0xf0, 0x00, 0x00,
    /* U+003B */ 0x25, 0x08, 0xf0, 0x13, 0x00, 0x00, 0x37, 0x07, 0xf0, 0x4a, 0x04, 0x30,
    /* U+003C */ 0x00, 0x02, 0x93, 0x16, 0xce, 0x81, 0x4f, 0x80, 0x00, 0x16, 0xce, 0x81, 0x00, 0x02, 0x93,
    /* U+003D */ 0x14, 0x44, 0x41, 0x3c, 0xcc, 0xc3, 0x00, 0x00, 0x00, 0x3c, 0xcc, 0xc3, 0x14, 0x44, 0x41,
    /* U+003E */ 0x38, 0x20, 0x00, 0x19, 0xeb, 0x60, 0x00, 0x0a, 0xf4, 0x19, 0xeb, 0x60, 0x38, 0x20, 0x00,
    /* U+003F */ 0x00, 0x00, 0x00, 0x6f, 0xff, 0x90, 0x74, 0x05, 0xf3, 0x00, 0x07, 0xf1, 0x00, 0x5f, 0x30, 0x00, 0x97, 0x00, 0x00, 0x53, 0x00, 0x00, 0xea, 0x00, 0x00, 0x00, 0x00,
    /* U+0040 */ 0x00, 0x00, 0x00, 0x00, 0x00, 0x00, 0x5d, 0xcc, 0xda, 0x10, 0x08, 0xb1, 0x00, 0x06, 0xc1, 0x2e, 0x09, 0xff, 0xdc, 0x78, 0x88, 0x4e, 0x21, 0xbc, 0x0d, 0x85, 0x8c, 0x00, 0x8c, 0x0f, 0x78, 0x5e, 0x10, 0xbc, 0x2c, 0x2e, 0x19, 0xff, 0x8f, 0xf4, 0x06, 0xc2, 0x00, 0x01, 0x00, 0x00, 0x5d, 0xdc, 0xe3, 0x00, 0x00, 0x00, 0x00, 0x00, 0x00,
    /* U+0041 */ 0x00, 0x02, 0xfa, 0x00, 0x00, 0x00, 0xad, 0xf1, 0x00, 0x00, 0x1f, 0x4c, 0x80, 0x00, 0x08, 0xd0, 0x5f, 0x10, 0x00, 0xee, 0xcc, 0xf6, 0x00, 0x6f, 0x88, 0x8b, 0xe0, 0x0e, 0x80, 0x00, 0x1f, 0x50,
    /* U+0042 */ 0x0f, 0xff, 0xfd, 0x30, 0x0f, 0x40, 0x1b, 0xc0, 0x0f, 0x40, 0x1b, 0xa0, 0x0f, 0xff, 0xff, 0x60, 0x0f, 0x40, 0x06, 0xf1, 0x0f, 0x40, 0x07, 0xf2, 0x0f, 0xff, 0xfe, 0x60,
    /* U+0043 */ 0x00, 0x00, 0x00, 0x00, 0x3c, 0xff, 0xe5, 0x1f, 0xb2, 0x07, 0x87, 0xf1, 0x00, 0x00, 0x8c, 0x00, 0x00, 0x07, 0xf1, 0x00, 0x00, 0x1f, 0xb2, 0x07, 0x90, 0x3c, 0xff, 0xe5, 0x00, 0x00, 0x00, 0x00,
    /* U+0044 */ 0x0f, 0xff, 0xfb, 0x40, 0x0f, 0x40, 0x38, 0xf4, 0x0f, 0x40, 0x00, 0xbb, 0x0f, 0x40, 0x00, 0x8c, 0x0f, 0x40, 0x00, 0xbb, 0x0f, 0x40, 0x38, 0xf4, 0x0f, 0xff, 0xfb, 0x40,
    /* U+0045 */ 0x0f, 0xff, 0xff, 0x00, 0xf4, 0x00, 0x00, 0x0f, 0x40, 0x00, 0x00, 0xff, 0xff, 0x80, 0x0f, 0x40, 0x00, 0x00, 0xf4, 0x00, 0x00, 0x0f, 0xff, 0xff, 0x40,
    /* U+0046 */ 0x0f, 0xff, 0xff, 0x00, 0xf4, 0x00, 0x00, 0x0f, 0x40, 0x00, 0x00, 0xfd, 0xcc, 0x60, 0x0f, 0x74, 0x42, 0x00, 0xf4, 0x00, 0x00, 0x0f, 0x40, 0x00, 0x00,
    /* U+0047 */ 0x00, 0x00, 0x00, 0x00, 0x03, 0xcf, 0xff, 0x70, 0x1f, 0xb2, 0x06, 0x90, 0x7f, 0x10, 0x00, 0x00, 0x8c, 0x00, 0x02, 0x80, 0x7f, 0x10, 0x04, 0xf0, 0x1f, 0xb2, 0x07, 0xf0, 0x03, 0xcf, 0xff, 0x80, 0x00, 0x00, 0x00, 0x00,
    /* U+0048 */ 0x0f, 0x40, 0x04, 0xf4, 0x0f, 0x40, 0x04, 0xf4, 0x0f, 0x40, 0x04, 0xf4, 0x0f, 0xff, 0xff, 0xf4, 0x0f, 0x40, 0x04, 0xf4, 0x0f, 0x40, 0x04, 0xf4, 0x0f, 0x40, 0x04, 0xf4,
    /* U+0049 */ 0x0f, 0x40, 0xf4, 0x0f, 0x40, 0xf4, 0x0f, 0x40, 0xf4, 0x0f, 0x40,
    /* U+004A */ 0x08, 0xff, 0xf8, 0x00, 0x00, 0xf8, 0x00, 0x00, 0xf8, 0x00, 0x00, 0xf8, 0x00, 0x00, 0xf8, 0x08, 0x23, 0xf4, 0x0a, 0xff, 0xc0, 0x00, 0x00, 0x00,
    /* U+004B */ 0x0f, 0x40, 0x1d, 0xa0, 0x0f, 0x40, 0xcc, 0x00, 0x0f, 0x4a, 0xd1, 0x00, 0x0f, 0xdf, 0x80, 0x00, 0x0f, 0xd6, 0xf6, 0x00, 0x0f, 0x40, 0x7f, 0x30, 0x0f, 0x40, 0x0a, 0xe1,
    /* U+004C */ 0x0f, 0x40, 0x00, 0x0f, 0x40, 0x00, 0x0f, 0x40, 0x00, 0x0f, 0x40, 0x00, 0x0f, 0x40, 0x00, 0x0f, 0x40, 0x00, 0x0f, 0xff, 0xff,
    /* U+004D */ 0x0f, 0x50, 0x00, 0x0c, 0x80, 0xfe, 0x10, 0x06, 0xf8, 0x0f, 0xf8, 0x01, 0xff, 0x80, 0xf7, 0xf2, 0x8b, 0xc8, 0x0f, 0x49, 0xdf, 0x2c, 0x80, 0xf4, 0x1e, 0x80, 0xc8, 0x0f, 0x40, 0x20, 0x0c, 0x80,
    /* U+004E */ 0x0f, 0x60, 0x04, 0xf4, 0x0f, 0xf4, 0x04, 0xf4, 0x0f, 0xdf, 0x24, 0xf4, 0x0f, 0x4c, 0xd5, 0xf4, 0x0f, 0x41, 0xed, 0xf4, 0x0f, 0x40, 0x3f, 0xf4, 0x0f, 0x40, 0x05, 0xf4,
    /* U+004F */ 0x00, 0x00, 0x00, 0x00, 0x03, 0xcf, 0xfe, 0x60, 0x1f, 0xb2, 0x07, 0xf5, 0x7f, 0x10, 0x00, 0x9e, 0x8c, 0x00, 0x00, 0x4f, 0x7f, 0x10, 0x00, 0x9e, 0x1f, 0xb2, 0x07, 0xf5, 0x03, 0xcf, 0xfe, 0x60, 0x00, 0x00, 0x00, 0x00,
    /* U+0050 */ 0x0f, 0xff, 0xfa, 0x10, 0xf4, 0x03, 0xea, 0x0f, 0x40, 0x08, 0xc0, 0xf4, 0x04, 0xea, 0x0f, 0xff, 0xfa, 0x10, 0xf4, 0x00, 0x00, 0x0f, 0x40, 0x00, 0x00,
    /* U+0051 */ 0x00, 0x00, 0x00, 0x00, 0x00, 0x3c, 0xff, 0xe6, 0x00, 0x1f, 0xb2, 0x07, 0xf5, 0x07, 0xf1, 0x00, 0x09, 0xe0, 0x8c, 0x00, 0x00, 0x4f, 0x07, 0xf1, 0x00, 0x09, 0xe0, 0x1f, 0xb2, 0x07, 0xf5, 0x00, 0x3c, 0xff, 0xe6, 0x00, 0x00, 0x01, 0xbe, 0x8c, 0x20, 0x00, 0x00, 0x68, 0x50,
    /* U+0052 */ 0x0f, 0xff, 0xfa, 0x10, 0xf4, 0x03, 0xea, 0x0f, 0x40, 0x08, 0xc0, 0xf4, 0x04, 0xea, 0x0f, 0xff, 0xfc, 0x10, 0xf4, 0x08, 0xd1, 0x0f, 0x40, 0x0d, 0x90,
    /* U+0053 */ 0x00, 0x00, 0x00, 0x1a, 0xff, 0xf6, 0x7e, 0x20, 0x33, 0x7f, 0x50, 0x00, 0x09, 0xff, 0xb3, 0x00, 0x03, 0xce, 0x46, 0x00, 0x9e, 0x4e, 0xff, 0xe3, 0x00, 0x00, 0x00,
    /* U+0054 */ 0xff, 0xff, 0xff, 0x00, 0xcc, 0x00, 0x00, 0xcc, 0x00, 0x00, 0xcc, 0x00, 0x00, 0xcc, 0x00, 0x00, 0xcc, 0x00, 0x00, 0xcc, 0x00,
    /* U+0055 */ 0x0f, 0x40, 0x04, 0xf0, 0x0f, 0x40, 0x04, 0xf0, 0x0f, 0x40, 0x04, 0xf0, 0x0f, 0x40, 0x04, 0xf0, 0x0f, 0x40, 0x05, 0xf0, 0x0e, 0xb1, 0x2d, 0xb0, 0x03, 0xef, 0xfc, 0x10, 0x00, 0x00, 0x00, 0x00,
    /* U+0056 */ 0x0e, 0xa0, 0x00, 0x2f, 0x20, 0x6f, 0x10, 0x0a, 0xb0, 0x00, 0xf7, 0x01, 0xf4, 0x00, 0x08, 0xe0, 0x8d, 0x00, 0x00, 0x2f, 0x5e, 0x60, 0x00, 0x00, 0xaf, 0xf0, 0x00, 0x00, 0x03, 0xf8, 0x00, 0x00,
    /* U+0057 */ 0x9d, 0x00, 0x1f, 0x90, 0x03, 0xf1, 0x3f, 0x20, 0x6f, 0xe0, 0x09, 0xb0, 0x0e, 0x70, 0xba, 0xf3, 0x0e, 0x60, 0x09, 0xd1, 0xf3, 0xb9, 0x3f, 0x10, 0x03, 0xf8, 0xd0, 0x6e, 0x9b, 0x00, 0x00, 0xef, 0x70, 0x1f, 0xf6, 0x00, 0x00, 0x9f, 0x20, 0x0b, 0xf1, 0x00,
    /* U+0058 */ 0x7f, 0x20, 0x2f, 0x50, 0xbc, 0x0d, 0x90, 0x01, 0xfe, 0xd1, 0x00, 0x08, 0xf7, 0x00, 0x02, 0xfb, 0xf1, 0x00, 0xda, 0x0c, 0xc0, 0x9e, 0x10, 0x1f, 0x80,
    /* U+0059 */ 0x0c, 0xa0, 0x00, 0xe6, 0x03, 0xf4, 0x08, 0xc0, 0x00, 0x9d, 0x2f, 0x30, 0x00, 0x1f, 0xf9, 0x00, 0x00, 0x06, 0xf1, 0x00, 0x00, 0x04, 0xf0, 0x00, 0x00, 0x04, 0xf0, 0x00,
    /* U+005A */ 0x8f, 0xff, 0xff, 0x40, 0x00, 0x0d, 0xc0, 0x00, 0x0a, 0xd1, 0x00, 0x07, 0xf3, 0x00, 0x04, 0xf5, 0x00, 0x03, 0xf7, 0x00, 0x00, 0x8f, 0xff, 0xff, 0x80,
    /* U+005B */ 0x08, 0x82, 0x0f, 0xa2, 0x0f, 0x40, 0x0f, 0x40, 0x0f, 0x40, 0x0f, 0x40, 0x0f, 0x40, 0x0f, 0x40, 0x0f, 0x40, 0x0f, 0xf4,
    /* U+005C */ 0x36, 0x00, 0x00, 0x1f, 0x10, 0x00, 0x0b, 0x60, 0x00, 0x06, 0xb0, 0x00, 0x01, 0xf2, 0x00, 0x00, 0xb7, 0x00, 0x00, 0x5d, 0x00, 0x00, 0x0f, 0x20, 0x00, 0x0a, 0x80, 0x00, 0x05, 0xe0,
    /* U+005D */ 0x68, 0x46, 0xe8, 0x0c, 0x80, 0xc8, 0x0c, 0x80, 0xc8, 0x0c, 0x80, 0xc8, 0x0c, 0x8c, 0xf8,
    /* U+005E */ 0x00, 0x65, 0x00, 0x01, 0xde, 0x00, 0x07, 0x8a, 0x60, 0x0e, 0x22, 0xd0, 0x26, 0x00, 0x71,
    /* U+005F */ 0xcc, 0xcc, 0xc0,
    /* U+0060 */ 0x65, 0x01, 0xc6,
    /* U+0061 */ 0x03, 0x75, 0x10, 0x3e, 0xce, 0xd1, 0x01, 0x01, 0xf4, 0x3f, 0xcc, 0xf4, 0x8c, 0x01, 0xf4, 0x3e, 0xdd, 0xf4, 0x00, 0x00, 0x00,
    /* U+0062 */ 0x28, 0x00, 0x00, 0x04, 0xf0, 0x00, 0x00, 0x4f, 0x16, 0x50, 0x04, 0xfe, 0xce, 0xd0, 0x4f, 0x40, 0x1f, 0x64, 0xf0, 0x00, 0xc8, 0x4f, 0x80, 0x4f, 0x44, 0xfc, 0xff, 0x80, 0x00, 0x00, 0x00, 0x00,
    /* U+0063 */ 0x00, 0x57, 0x20, 0x1d, 0xec, 0xf5, 0x7e, 0x00, 0x30, 0x8c, 0x00, 0x00, 0x6f, 0x30, 0x83, 0x09, 0xff, 0xc2, 0x00, 0x00, 0x00,
    /* U+0064 */ 0x00, 0x00, 0x28, 0x00, 0x00, 0x04, 0xf0, 0x01, 0x56, 0x5f, 0x01, 0xee, 0xcf, 0xf0, 0x8e, 0x00, 0x7f, 0x08, 0xc0, 0x04, 0xf0, 0x6f, 0x30, 0xaf, 0x00, 0x9f, 0xfc, 0xf0, 0x00, 0x00, 0x00, 0x00,
    /* U+0065 */ 0x01, 0x56, 0x20, 0x1d, 0xca, 0xf3, 0x7c, 0x00, 0x8b, 0x8f, 0xcc, 0xc9, 0x6f, 0x30, 0x51, 0x09, 0xff, 0xe3, 0x00, 0x00, 0x00,
    /* U+0066 */ 0x01, 0x87, 0x00, 0xdb, 0x80, 0x4f, 0x73, 0x0c, 0xfd, 0x90, 0x0f, 0x40, 0x00, 0xf4, 0x00, 0x0f, 0x40, 0x00, 0xf4, 0x00,
    /* U+0067 */ 0x01, 0x56, 0x14, 0x02, 0xee, 0xce, 0xf0, 0x8d, 0x00, 0x5f, 0x08, 0xc0, 0x02, 0xf0, 0x4f, 0x85, 0xdf, 0x00, 0x5b, 0xc9, 0xf0, 0x17, 0x21, 0xae, 0x02, 0xbf, 0xfd, 0x30, 0x00, 0x00, 0x00, 0x00,
    /* U+0068 */ 0x28, 0x00, 0x00, 0x04, 0xf0, 0x00, 0x00, 0x4f, 0x26, 0x50, 0x04, 0xfe, 0xcf, 0xc0, 0x4f, 0x40, 0x5f, 0x04, 0xf0, 0x04, 0xf0, 0x4f, 0x00, 0x4f, 0x04, 0xf0, 0x04, 0xf0,
    /* U+0069 */ 0x2b, 0x22, 0xc2, 0x14, 0x04, 0xf0, 0x4f, 0x04, 0xf0, 0x4f, 0x04, 0xf0,
    /* U+006A */ 0x02, 0xc2, 0x02, 0xc2, 0x00, 0x41, 0x00, 0xf4, 0x00, 0xf4, 0x00, 0xf4, 0x00, 0xf4, 0x00, 0xf4, 0x04, 0xf1, 0xcf, 0x90, 0x00, 0x00,
    /* U+006B */ 0x28, 0x00, 0x00, 0x04, 0xf0, 0x00, 0x00, 0x4f, 0x00, 0x24, 0x04, 0xf0, 0x5f, 0x60, 0x4f, 0x6f, 0x60, 0x04, 0xff, 0xf6, 0x00, 0x4f, 0x36, 0xf3, 0x04, 0xf0, 0x09, 0xf1,
    /* U+006C */ 0x28, 0x04, 0xf0, 0x4f, 0x04, 0xf0, 0x4f, 0x04, 0xf0, 0x4f, 0x04, 0xf0,
    /* U+006D */ 0x14, 0x26, 0x50, 0x37, 0x30, 0x4f, 0xec, 0xfc, 0xec, 0xf5, 0x4f, 0x40, 0x7f, 0x10, 0x9c, 0x4f, 0x00, 0x4f, 0x00, 0x8c, 0x4f, 0x00, 0x4f, 0x00, 0x8c, 0x4f, 0x00, 0x4f, 0x00, 0x8c,
    /* U+006E */ 0x14, 0x26, 0x50, 0x04, 0xfe, 0xcf, 0xc0, 0x4f, 0x40, 0x5f, 0x04, 0xf0, 0x04, 0xf0, 0x4f, 0x00, 0x4f, 0x04, 0xf0, 0x04, 0xf0,
    /* U+006F */ 0x00, 0x57, 0x20, 0x01, 0xde, 0xcf, 0x60, 0x7e, 0x00, 0x7f, 0x08, 0xc0, 0x04, 0xf0, 0x6f, 0x31, 0xad, 0x00, 0x9f, 0xfc, 0x30, 0x00, 0x00, 0x00, 0x00,
    /* U+0070 */ 0x14, 0x26, 0x50, 0x04, 0xfe, 0xce, 0xd0, 0x4f, 0x40, 0x1f, 0x64, 0xf0, 0x00, 0xc8, 0x4f, 0x80, 0x4f, 0x44, 0xfc, 0xff, 0x80, 0x4f, 0x00, 0x00, 0x04, 0xf0, 0x00, 0x00,
    /* U+0071 */ 0x01, 0x56, 0x24, 0x01, 0xee, 0xcf, 0xf0, 0x8e, 0x00, 0x7f, 0x08, 0xc0, 0x04, 0xf0, 0x6f, 0x31, 0xaf, 0x00, 0x9f, 0xfc, 0xf0, 0x00, 0x00, 0x4f, 0x00, 0x00, 0x04, 0xf0,
    /* U+0072 */ 0x14, 0x16, 0x4f, 0xfc, 0x4f, 0x50, 0x4f, 0x00, 0x4f, 0x00, 0x4f, 0x00,
    /* U+0073 */ 0x03, 0x75, 0x15, 0xfa, 0xc8, 0x9b, 0x30, 0x01, 0xae, 0xf8, 0x22, 0x06, 0xe7, 0xff, 0xf6, 0x00, 0x00, 0x00,
    /* U+0074 */ 0x08, 0x20, 0x04, 0xf7, 0x30, 0xcf, 0xd9, 0x00, 0xf4, 0x00, 0x0f, 0x40, 0x00, 0xf5, 0x10, 0x09, 0xfe, 0x00, 0x00, 0x00,
    /* U+0075 */ 0x14, 0x00, 0x14, 0x4f, 0x00, 0x4f, 0x4f, 0x00, 0x4f, 0x4f, 0x00, 0x4f, 0x2f, 0x51, 0xbf, 0x09, 0xff, 0xcf, 0x00, 0x00, 0x00,
    /* U+0076 */ 0x04, 0x10, 0x02, 0x30, 0xba, 0x00, 0xc7, 0x04, 0xf1, 0x2f, 0x10, 0x0e, 0x7a, 0xa0, 0x00, 0x6e, 0xf2, 0x00, 0x01, 0xfc, 0x00,
    /* U+0077 */ 0x41, 0x00, 0x41, 0x00, 0x40, 0xa9, 0x03, 0xf7, 0x05, 0xe0, 0x5e, 0x0a, 0xed, 0x0a, 0x70, 0x0e, 0x3f, 0x2f, 0x4f, 0x20, 0x09, 0xed, 0x0a, 0xeb, 0x00, 0x03, 0xf6, 0x03, 0xf6, 0x00,
    /* U+0078 */ 0x33, 0x00, 0x42, 0x3f, 0x37, 0xd1, 0x07, 0xef, 0x30, 0x01, 0xfc, 0x00, 0x0c, 0xad, 0x80, 0x8d, 0x03, 0xf4,
    /* U+0079 */ 0x04, 0x10, 0x02, 0x30, 0xba, 0x00, 0xc7, 0x04, 0xf1, 0x2f, 0x10, 0x0d, 0x7a, 0xa0, 0x00, 0x6e, 0xf2, 0x00, 0x00, 0xfc, 0x00, 0x02, 0x1f, 0x40, 0x00, 0xef, 0x90, 0x00, 0x00, 0x00, 0x00, 0x00,
    /* U+007A */ 0x24, 0x44, 0x46, 0xcc, 0xfd, 0x00, 0x6f, 0x20, 0x3f, 0x30, 0x2f, 0x60, 0x08, 0xff, 0xff,
    /* U+007B */ 0x00, 0x64, 0x08, 0xf4, 0x0c, 0x80, 0x0c, 0x80, 0x2d, 0x80, 0x6f, 0x60, 0x0c, 0x80, 0x0c, 0x80, 0x0b, 0xb0, 0x03, 0xe8,
    /* U+007C */ 0x08, 0x00, 0xf0, 0x0f, 0x00, 0xf0, 0x0f, 0x00, 0xf0, 0x0f, 0x00, 0xf0, 0x0f, 0x00, 0xf0,
    /* U+007D */ 0x64, 0x00, 0x7f, 0x30, 0x0d, 0x80, 0x0c, 0x80, 0x0c, 0xa1, 0x0a, 0xe3, 0x0c, 0x80, 0x0c, 0x80, 0x1f, 0x60, 0xcc, 0x10,
    /* U+007E */ 0x06, 0x50, 0x21, 0x5d, 0xbb, 0xd3, 0x21, 0x06, 0x40,
    /* U+00A1 */ 0x15, 0x05, 0xf3, 0x01, 0x02, 0xf0, 0x4f, 0x04, 0xf0, 0x4f, 0x02, 0x81,
    /* U+00A2 */ 0x00, 0x24, 0x00, 0x00, 0x7b, 0x20, 0x1d, 0xfe, 0xf5, 0x7e, 0x48, 0x30, 0x8c, 0x48, 0x00, 0x6f, 0x78, 0x83, 0x09, 0xff, 0xc2, 0x00, 0x48, 0x00, 0x00, 0x12, 0x00,
    /* U+00A3 */ 0x00, 0x00, 0x00, 0x00, 0x09, 0xff, 0xf4, 0x07, 0xf4, 0x03, 0x10, 0xbc, 0x00, 0x00, 0xcf, 0xff, 0xf4, 0x00, 0xcc, 0x00, 0x00, 0x0c, 0xc0, 0x00, 0x0c, 0xff, 0xff, 0xf4,
    /* U+00A4 */ 0x11, 0x00, 0x01, 0x18, 0xda, 0xca, 0xd8, 0x0f, 0x94, 0x8f, 0x03, 0xe0, 0x00, 0xd3, 0x1f, 0x10, 0x1f, 0x11, 0xee, 0xae, 0xe1, 0x8a, 0x38, 0x3a, 0x80, 0x00, 0x00, 0x00,
    /* U+00A5 */ 0x0c, 0xb0, 0x00, 0x5e, 0x10, 0x2f, 0x50, 0x2f, 0x40, 0x00, 0x5f, 0x2c, 0x90, 0x00, 0x00, 0xbf, 0xd0, 0x00, 0x00, 0x88, 0xfa, 0x82, 0x00, 0x0c, 0xcf, 0xdc, 0x30, 0x00, 0x00, 0xf4, 0x00, 0x00,
    /* U+00A6 */ 0x08, 0x00, 0xf0, 0x0f, 0x00, 0xf0, 0x00, 0x00, 0x00, 0x08, 0x00, 0xf0, 0x0f, 0x00, 0xf0,
    /* U+00A7 */ 0x00, 0x00, 0x01, 0xcf, 0xfa, 0x8d, 0x00, 0x24, 0xfc, 0x71, 0xab, 0x4b, 0xba, 0xd5, 0x8b, 0x06, 0xbf, 0x63, 0x10, 0x98, 0x8f, 0xfe, 0x30, 0x00, 0x00,
    /* U+00A8 */ 0x23, 0x32, 0x66, 0x66,
    /* U+00A9 */ 0x00, 0x00, 0x00, 0x00, 0x02, 0x99, 0x99, 0x20, 0x1a, 0x27, 0x82, 0xb1, 0x73, 0xc8, 0x76, 0x56, 0x80, 0xf0, 0x00, 0x08, 0x73, 0xc8, 0x76, 0x56, 0x1a, 0x27, 0x82, 0xa0, 0x02, 0x99, 0x99, 0x10, 0x00, 0x00, 0x00, 0x00,
    /* U+00AA */ 0x28, 0x70, 0x34, 0xa7, 0x9a, 0xc8, 0x5a, 0x96,
    /* U+00AB */ 0x03, 0x53, 0x70, 0x1f, 0x4d, 0x40, 0x6c, 0x4d, 0x00, 0x0c, 0x7a, 0x80, 0x01, 0x31, 0x40,
    /* U+00AC */ 0x00, 0x00, 0x00, 0x4f, 0xff, 0xf4, 0x00, 0x00, 0xc4, 0x00, 0x00, 0x93,
    /* U+00AD */ 0x24, 0x41, 0x6c, 0xc3,
    /* U+00AE */ 0x00, 0x00, 0x00, 0x00, 0x02, 0x99, 0x99, 0x20, 0x1a, 0x58, 0x72, 0xb1, 0x73, 0x87, 0x5b, 0x56, 0x80, 0x8a, 0x9a, 0x08, 0x73, 0x87, 0xa4, 0x56, 0x1a, 0x52, 0x17, 0xa0, 0x02, 0x99, 0x99, 0x10, 0x00, 0x00, 0x00, 0x00,
    /* U+00AF */ 0x34, 0x43, 0x68, 0x86,
    /* U+00B0 */ 0x00, 0x00, 0x3b, 0xb6, 0x81, 0x0c, 0x5b, 0x98, 0x02, 0x30,
    /* U+00B1 */ 0x00, 0x22, 0x00, 0x00, 0x88, 0x00, 0x3c, 0xee, 0xc3, 0x14, 0xaa, 0x41, 0x00, 0x88, 0x00, 0x00, 0x00, 0x00, 0x4f, 0xff, 0xf4,
    /* U+00B2 */ 0x17, 0x71, 0x65, 0x8a, 0x00, 0xa5, 0x1c, 0x60, 0x6c, 0xc9,
    /* U+00B3 */ 0x48, 0x86, 0x24, 0xd6, 0x07, 0xf5, 0x20, 0x2e, 0x7c, 0xc5,
    /* U+00B4 */ 0x05, 0x66, 0xc1,
    /* U+00B5 */ 0x14, 0x00, 0x14, 0x04, 0xf0, 0x04, 0xf0, 0x4f, 0x00, 0x4f, 0x04, 0xf0, 0x04, 0xf0, 0x4f, 0x70, 0xaf, 0x04, 0xfe, 0xfd, 0xf0, 0x4f, 0x00, 0x00, 0x04, 0xf0, 0x00, 0x00,
    /* U+00B6 */ 0x04, 0x88, 0x86, 0x9f, 0xfa, 0xac, 0xcf, 0xf4, 0x4c, 0x7f, 0xf4, 0x4c, 0x03, 0xd4, 0x4c, 0x00, 0xc4, 0x4c, 0x00, 0xc4, 0x4c, 0x00, 0xc4, 0x4c, 0x00, 0xc4, 0x4c,
    /* U+00B7 */ 0x28, 0x15, 0xf3, 0x00, 0x00,
    /* U+00B8 */ 0x00, 0x00, 0x08, 0x90, 0x16, 0xd0, 0x04, 0x20,
    /* U+00B9 */ 0x28, 0x60, 0x17, 0xc0, 0x04, 0xc0, 0x04, 0xc0, 0x3c, 0xc9,
    /* U+00BA */ 0x06, 0x71, 0x98, 0x5c, 0xb5, 0x1e, 0x3b, 0xc3,
    /* U+00BB */ 0x35, 0x36, 0x01, 0xe4, 0xd5, 0x08, 0xb7, 0xc3, 0xf3, 0xe2, 0x22, 0x22, 0x00,
    /* U+00BC */ 0x3d, 0xc0, 0x00, 0x4c, 0x00, 0x00, 0x4c, 0x00, 0x1d, 0x20, 0x00, 0x04, 0xc0, 0x09, 0x50, 0x31, 0x02, 0xae, 0x65, 0xb0, 0x4c, 0x00, 0x14, 0x44, 0xe1, 0x1e, 0x54, 0x00, 0x00, 0xb5, 0x0b, 0xee, 0xe3, 0x00, 0x5b, 0x00, 0x00, 0x88, 0x00,
    /* U+00BD */ 0x3d, 0xc0, 0x00, 0x4c, 0x00, 0x04, 0xc0, 0x01, 0xd2, 0x00, 0x04, 0xc0, 0x09, 0x53, 0x30, 0x2a, 0xe6, 0x5b, 0x6a, 0xb9, 0x14, 0x44, 0xe1, 0x00, 0x7a, 0x00, 0x0b, 0x50, 0x06, 0xb1, 0x00, 0x5b, 0x00, 0x6f, 0xcc,
    /* U+00BE */ 0x6c, 0xe9, 0x00, 0x4c, 0x00, 0x00, 0x3e, 0x10, 0x1d, 0x20, 0x00, 0x02, 0x6c, 0x09, 0x50, 0x31, 0x08, 0x99, 0x95, 0xb0, 0x4c, 0x00, 0x03, 0x31, 0xe1, 0x1e, 0x54, 0x00, 0x00, 0xb5, 0x0b, 0xee, 0xe3, 0x00, 0x5b, 0x00, 0x00, 0x88, 0x00,
    /* U+00BF */ 0x00, 0x43, 0x00, 0x00, 0xcb, 0x00, 0x00, 0x10, 0x00, 0x00, 0xe7, 0x00, 0x0d, 0xb1, 0x00, 0x5f, 0x00, 0x10, 0x3f, 0x98, 0xe7, 0x04, 0x9a, 0x60,
    /* U+00C0 */ 0x00, 0x1a, 0xa0, 0x00, 0x00, 0x00, 0x06, 0x30, 0x00, 0x00, 0x02, 0xfa, 0x00, 0x00, 0x00, 0xad, 0xf1, 0x00, 0x00, 0x1f, 0x4c, 0x80, 0x00, 0x08, 0xd0, 0x5f, 0x10, 0x00, 0xee, 0xcc, 0xf6, 0x00, 0x6f, 0x88, 0x8b, 0xe0, 0x0e, 0x80, 0x00, 0x1f, 0x50,
    /* U+00C1 */ 0x00, 0x00, 0x3e, 0x40, 0x00, 0x00, 0x07, 0x10, 0x00, 0x00, 0x02, 0xfa, 0x00, 0x00, 0x00, 0xad, 0xf1, 0x00, 0x00, 0x1f, 0x4c, 0x80, 0x00, 0x08, 0xd0, 0x5f, 0x10, 0x00, 0xee, 0xcc, 0xf6, 0x00, 0x6f, 0x88, 0x8b, 0xe0, 0x0e, 0x80, 0x00, 0x1f, 0x50,
    /* U+00C2 */ 0x00, 0x06, 0xea, 0x00, 0x00, 0x00, 0x71, 0x53, 0x00, 0x00, 0x02, 0xfa, 0x00, 0x00, 0x00, 0xad, 0xf1, 0x00, 0x00, 0x1f, 0x4c, 0x80, 0x00, 0x08, 0xd0, 0x5f, 0x10, 0x00, 0xee, 0xcc, 0xf6, 0x00, 0x6f, 0x88, 0x8b, 0xe0, 0x0e, 0x80, 0x00, 0x1f, 0x50,
    /* U+00C3 */ 0x00, 0x0c, 0xc9, 0x70, 0x00, 0x00, 0x31, 0x61, 0x00, 0x00, 0x02, 0xfa, 0x00, 0x00, 0x00, 0xad, 0xf1, 0x00, 0x00, 0x1f, 0x4c, 0x80, 0x00, 0x08, 0xd0, 0x5f, 0x10, 0x00, 0xee, 0xcc, 0xf6, 0x00, 0x6f, 0x88, 0x8b, 0xe0, 0x0e, 0x80, 0x00, 0x1f, 0x50,
    /* U+00C4 */ 0x00, 0x0a, 0x3b, 0x30, 0x00, 0x00, 0x31, 0x31, 0x00, 0x00, 0x02, 0xfa, 0x00, 0x00, 0x00, 0xad, 0xf1, 0x00, 0x00, 0x1f, 0x4c, 0x80, 0x00, 0x08, 0xd0, 0x5f, 0x10, 0x00, 0xee, 0xcc, 0xf6, 0x00, 0x6f, 0x88, 0x8b, 0xe0, 0x0e, 0x80, 0x00, 0x1f, 0x50,
    /* U+00C5 */ 0x00, 0x02, 0xb7, 0x00, 0x00, 0x00, 0x73, 0xb0, 0x00, 0x00, 0x00, 0x62, 0x00, 0x00, 0x00, 0x2f, 0xa0, 0x00, 0x00, 0x0a, 0xdf, 0x10, 0x00, 0x01, 0xf4, 0xc8, 0x00, 0x00, 0x8d, 0x05, 0xf1, 0x00, 0x0e, 0xec, 0xcf, 0x60, 0x06, 0xf8, 0x88, 0xbe, 0x00, 0xe8, 0x00, 0x01, 0xf5,
    /* U+00C6 */ 0x00, 0x00, 0x4f, 0xff, 0xff, 0xf0, 0x00, 0x00, 0xeb, 0xf4, 0x00, 0x00, 0x00, 0x07, 0xe4, 0xf4, 0x00, 0x00, 0x00, 0x1f, 0x44, 0xff, 0xff, 0x80, 0x00, 0xaf, 0xcd, 0xf4, 0x00, 0x00, 0x03, 0xf8, 0x8a, 0xf4, 0x00, 0x00, 0x0c, 0x90, 0x04, 0xff, 0xff, 0xf0,
    /* U+00C7 */ 0x00, 0x00, 0x00, 0x00, 0x3c, 0xff, 0xe5, 0x1f, 0xb2, 0x07, 0x87, 0xf1, 0x00, 0x00, 0x8c, 0x00, 0x00, 0x07, 0xf1, 0x00, 0x00, 0x1f, 0xb2, 0x07, 0x90, 0x3c, 0xff, 0xe5, 0x00, 0x08, 0x90, 0x00, 0x01, 0x6d, 0x00, 0x00, 0x04, 0x20, 0x00,
    /* U+00C8 */ 0x02, 0xd6, 0x00, 0x00, 0x00, 0x71, 0x00, 0x0f, 0xff, 0xff, 0x00, 0xf4, 0x00, 0x00, 0x0f, 0x40, 0x00, 0x00, 0xff, 0xff, 0x80, 0x0f, 0x40, 0x00, 0x00, 0xf4, 0x00, 0x00, 0x0f, 0xff, 0xff, 0x40,
    /* U+00C9 */ 0x00, 0x06, 0xd2, 0x00, 0x01, 0x71, 0x00, 0x0f, 0xff, 0xff, 0x00, 0xf4, 0x00, 0x00, 0x0f, 0x40, 0x00, 0x00, 0xff, 0xff, 0x80, 0x0f, 0x40, 0x00, 0x00, 0xf4, 0x00, 0x00, 0x0f, 0xff, 0xff, 0x40,
    /* U+00CA */ 0x00, 0x6e, 0xa0, 0x00, 0x17, 0x07, 0x10, 0x0f, 0xff, 0xff, 0x00, 0xf4, 0x00, 0x00, 0x0f, 0x40, 0x00, 0x00, 0xff, 0xff, 0x80, 0x0f, 0x40, 0x00, 0x00, 0xf4, 0x00, 0x00, 0x0f, 0xff, 0xff, 0x40,
    /* U+00CB */ 0x00, 0xd1, 0xd0, 0x00, 0x04, 0x04, 0x00, 0x0f, 0xff, 0xff, 0x00, 0xf4, 0x00, 0x00, 0x0f, 0x40, 0x00, 0x00, 0xff, 0xff, 0x80, 0x0f, 0x40, 0x00, 0x00, 0xf4, 0x00, 0x00, 0x0f, 0xff, 0xff, 0x40,
    /* U+00CC */ 0x1c, 0xa0, 0x00, 0x73, 0x00, 0xf4, 0x00, 0xf4, 0x00, 0xf4, 0x00, 0xf4, 0x00, 0xf4, 0x00, 0xf4, 0x00, 0xf4,
    /* U+00CD */ 0x06, 0xd3, 0x18, 0x10, 0x0f, 0x40, 0x0f, 0x40, 0x0f, 0x40, 0x0f, 0x40, 0x0f, 0x40, 0x0f, 0x40, 0x0f, 0x40,
    /* U+00CE */ 0x06, 0xea, 0x01, 0x70, 0x63, 0x00, 0xf4, 0x00, 0x0f, 0x40, 0x00, 0xf4, 0x00, 0x0f, 0x40, 0x00, 0xf4, 0x00, 0x0f, 0x40, 0x00, 0xf4, 0x00,
    /* U+00CF */ 0xd3, 0xd2, 0x30, 0x40, 0x0f, 0x40, 0x0f, 0x40, 0x0f, 0x40, 0x0f, 0x40, 0x0f, 0x40, 0x0f, 0x40, 0x0f, 0x40,
    /* U+00D0 */ 0x0f, 0xff, 0xfd, 0x50, 0x0f, 0x40, 0x28, 0xf5, 0x0f, 0x40, 0x00, 0xac, 0xff, 0xff, 0x40, 0x8f, 0x0f, 0x40, 0x00, 0xac, 0x0f, 0x40, 0x28, 0xf5, 0x0f, 0xff, 0xfd, 0x50,
    /* U+00D1 */ 0x00, 0x7c, 0x7a, 0x00, 0x00, 0x30, 0x62, 0x00, 0x0f, 0x60, 0x04, 0xf4, 0x0f, 0xf4, 0x04, 0xf4, 0x0f, 0xdf, 0x24, 0xf4, 0x0f, 0x4c, 0xd5, 0xf4, 0x0f, 0x41, 0xed, 0xf4, 0x0f, 0x40, 0x3f, 0xf4, 0x0f, 0x40, 0x05, 0xf4,
    /* U+00D2 */ 0x00, 0x4e, 0x30, 0x00, 0x00, 0x02, 0x70, 0x00, 0x03, 0xcf, 0xfe, 0x60, 0x1f, 0xb2, 0x07, 0xf5, 0x7f, 0x10, 0x00, 0x9e, 0x8c, 0x00, 0x00, 0x4f, 0x7f, 0x10, 0x00, 0x9e, 0x1f, 0xb2, 0x07, 0xf5, 0x03, 0xcf, 0xfe, 0x60, 0x00, 0x00, 0x00, 0x00,
    /* U+00D3 */ 0x00, 0x00, 0xaa, 0x00, 0x00, 0x03, 0x50, 0x00, 0x03, 0xcf, 0xfe, 0x60, 0x1f, 0xb2, 0x07, 0xf5, 0x7f, 0x10, 0x00, 0x9e, 0x8c, 0x00, 0x00, 0x4f, 0x7f, 0x10, 0x00, 0x9e, 0x1f, 0xb2, 0x07, 0xf5, 0x03, 0xcf, 0xfe, 0x60, 0x00, 0x00, 0x00, 0x00,
    /* U+00D4 */ 0x00, 0x1d, 0xd3, 0x00, 0x00, 0x55, 0x17, 0x00, 0x03, 0xcf, 0xfe, 0x60, 0x1f, 0xb2, 0x07, 0xf5, 0x7f, 0x10, 0x00, 0x9e, 0x8c, 0x00, 0x00, 0x4f, 0x7f, 0x10, 0x00, 0x9e, 0x1f, 0xb2, 0x07, 0xf5, 0x03, 0xcf, 0xfe, 0x60, 0x00, 0x00, 0x00, 0x00,
    /* U+00D5 */ 0x00, 0x5e, 0x8d, 0x00, 0x00, 0x20, 0x54, 0x00, 0x03, 0xcf, 0xfe, 0x60, 0x1f, 0xb2, 0x07, 0xf5, 0x7f, 0x10, 0x00, 0x9e, 0x8c, 0x00, 0x00, 0x4f, 0x7f, 0x10, 0x00, 0x9e, 0x1f, 0xb2, 0x07, 0xf5, 0x03, 0xcf, 0xfe, 0x60, 0x00, 0x00, 0x00, 0x00,
    /* U+00D6 */ 0x00, 0x3b, 0x5a, 0x00, 0x00, 0x13, 0x13, 0x00, 0x03, 0xcf, 0xfe, 0x60, 0x1f, 0xb2, 0x07, 0xf5, 0x7f, 0x10, 0x00, 0x9e, 0x8c, 0x00, 0x00, 0x4f, 0x7f, 0x10, 0x00, 0x9e, 0x1f, 0xb2, 0x07, 0xf5, 0x03, 0xcf, 0xfe, 0x60, 0x00, 0x00, 0x00, 0x00,
    /* U+00D7 */ 0x04, 0x01, 0x30, 0xaa, 0xd9, 0x00, 0xee, 0x00, 0xaa, 0xd9, 0x04, 0x01, 0x30,
    /* U+00D8 */ 0x00, 0x00, 0x00, 0x66, 0x03, 0xcf, 0xfe, 0xd0, 0x1f, 0xb2, 0x0e, 0xf5, 0x7f, 0x10, 0x87, 0x9e, 0x8c, 0x04, 0xb0, 0x4f, 0x7f, 0x2e, 0x10, 0x9e, 0x1f, 0xf6, 0x07, 0xf5, 0x08, 0xef, 0xfe, 0x60, 0x1a, 0x00, 0x00, 0x00,
    /* U+00D9 */ 0x00, 0x7d, 0x10, 0x00, 0x00, 0x04, 0x50, 0x00, 0x0f, 0x40, 0x04, 0xf0, 0x0f, 0x40, 0x04, 0xf0, 0x0f, 0x40, 0x04, 0xf0, 0x0f, 0x40, 0x04, 0xf0, 0x0f, 0x40, 0x05, 0xf0, 0x0e, 0xb1, 0x2d, 0xb0, 0x03, 0xef, 0xfc, 0x10, 0x00, 0x00, 0x00, 0x00,
    /* U+00DA */ 0x00, 0x01, 0xd6, 0x00, 0x00, 0x05, 0x30, 0x00, 0x0f, 0x40, 0x04, 0xf0, 0x0f, 0x40, 0x04, 0xf0, 0x0f, 0x40, 0x04, 0xf0, 0x0f, 0x40, 0x04, 0xf0, 0x0f, 0x40, 0x05, 0xf0, 0x0e, 0xb1, 0x2d, 0xb0, 0x03, 0xef, 0xfc, 0x10, 0x00, 0x00, 0x00, 0x00,
    /* U+00DB */ 0x00, 0x3e, 0xc1, 0x00, 0x00, 0x73, 0x35, 0x00, 0x0f, 0x40, 0x04, 0xf0, 0x0f, 0x40, 0x04, 0xf0, 0x0f, 0x40, 0x04, 0xf0, 0x0f, 0x40, 0x04, 0xf0, 0x0f, 0x40, 0x05, 0xf0, 0x0e, 0xb1, 0x2d, 0xb0, 0x03, 0xef, 0xfc, 0x10, 0x00, 0x00, 0x00, 0x00,
    /* U+00DC */ 0x00, 0x77, 0x96, 0x00, 0x00, 0x22, 0x22, 0x00, 0x0f, 0x40, 0x04, 0xf0, 0x0f, 0x40, 0x04, 0xf0, 0x0f, 0x40, 0x04, 0xf0, 0x0f, 0x40, 0x04, 0xf0, 0x0f, 0x40, 0x05, 0xf0, 0x0e, 0xb1, 0x2d, 0xb0, 0x03, 0xef, 0xfc, 0x10, 0x00, 0x00, 0x00, 0x00,
    /* U+00DD */ 0x00, 0x00, 0xab, 0x10, 0x00, 0x03, 0x60, 0x00, 0x0c, 0xa0, 0x00, 0xe6, 0x03, 0xf4, 0x08, 0xc0, 0x00, 0x9d, 0x2f, 0x30, 0x00, 0x1f, 0xf9, 0x00, 0x00, 0x06, 0xf1, 0x00, 0x00, 0x04, 0xf0, 0x00, 0x00, 0x04, 0xf0, 0x00,
    /* U+00DE */ 0x0f, 0x74, 0x20, 0x00, 0xff, 0xff, 0xd2, 0x0f, 0x40, 0x1c, 0xb0, 0xf4, 0x00, 0x8c, 0x0f, 0x74, 0x6f, 0x80, 0xfd, 0xcc, 0x70, 0x0f, 0x40, 0x00, 0x00,
    /* U+00DF */ 0x00, 0x68, 0x50, 0x00, 0xbe, 0x8f, 0x90, 0x2f, 0x20, 0x5c, 0x04, 0xf0, 0x3c, 0x90, 0x4f, 0x09, 0xfc, 0x14, 0xf0, 0x01, 0xe7, 0x4f, 0x00, 0x2e, 0x74, 0xf1, 0xff, 0xc1, 0x00, 0x00, 0x00, 0x00,
    /* U+00E0 */ 0x06, 0x50, 0x00, 0x01, 0xc6, 0x00, 0x03, 0x75, 0x10, 0x3e, 0xce, 0xd1, 0x01, 0x01, 0xf4, 0x3f, 0xcc, 0xf4, 0x8c, 0x01, 0xf4, 0x3e, 0xdd, 0xf4, 0x00, 0x00, 0x00,
    /* U+00E1 */ 0x00, 0x05, 0x50, 0x00, 0x6b, 0x10, 0x03, 0x75, 0x10, 0x3e, 0xce, 0xd1, 0x01, 0x01, 0xf4, 0x3f, 0xcc, 0xf4, 0x8c, 0x01, 0xf4, 0x3e, 0xdd, 0xf4, 0x00, 0x00, 0x00,
    /* U+00E2 */ 0x00, 0x75, 0x00, 0x0a, 0xaa, 0x60, 0x03, 0x75, 0x10, 0x3e, 0xce, 0xd1, 0x01, 0x01, 0xf4, 0x3f, 0xcc, 0xf4, 0x8c, 0x01, 0xf4, 0x3e, 0xdd, 0xf4, 0x00, 0x00, 0x00,
    /* U+00E3 */ 0x03, 0x70, 0x60, 0x09, 0x6e, 0x70, 0x03, 0x75, 0x10, 0x3e, 0xce, 0xd1, 0x01, 0x01, 0xf4, 0x3f, 0xcc, 0xf4, 0x8c, 0x01, 0xf4, 0x3e, 0xdd, 0xf4, 0x00, 0x00, 0x00,
    /* U+00E4 */ 0x03, 0x33, 0x20, 0x06, 0x68, 0x60, 0x03, 0x75, 0x10, 0x3e, 0xce, 0xd1, 0x01, 0x01, 0xf4, 0x3f, 0xcc, 0xf4, 0x8c, 0x01, 0xf4, 0x3e, 0xdd, 0xf4, 0x00, 0x00, 0x00,
    /* U+00E5 */ 0x00, 0x22, 0x00, 0x02, 0x9a, 0x10, 0x01, 0xab, 0x00, 0x03, 0x75, 0x10, 0x3e, 0xce, 0xd1, 0x01, 0x01, 0xf4, 0x3f, 0xcc, 0xf4, 0x8c, 0x01, 0xf4, 0x3e, 0xdd, 0xf4, 0x00, 0x00, 0x00,
    /* U+00E6 */ 0x03, 0x75, 0x12, 0x65, 0x00, 0x3e, 0xce, 0xdf, 0xad, 0xd1, 0x01, 0x01, 0xf7, 0x00, 0xd7, 0x3f, 0xcc, 0xfd, 0xcc, 0xc6, 0x8c, 0x02, 0xfb, 0x11, 0x60, 0x3e, 0xdf, 0x7c, 0xff, 0xc0, 0x00, 0x00, 0x00, 0x00, 0x00,
    /* U+00E7 */ 0x00, 0x57, 0x20, 0x1d, 0xec, 0xf5, 0x7e, 0x00, 0x30, 0x8c, 0x00, 0x00, 0x6f, 0x30, 0x83, 0x09, 0xff, 0xc2, 0x00, 0x79, 0x00, 0x00, 0x6e, 0x00, 0x00, 0x42, 0x00,
    /* U+00E8 */ 0x05, 0x70, 0x00, 0x01, 0xaa, 0x00, 0x01, 0x56, 0x20, 0x1d, 0xca, 0xf3, 0x7c, 0x00, 0x8b, 0x8f, 0xcc, 0xc9, 0x6f, 0x30, 0x51, 0x09, 0xff, 0xe3, 0x00, 0x00, 0x00,
    /* U+00E9 */ 0x00, 0x05, 0x70, 0x00, 0x6d, 0x10, 0x01, 0x56, 0x20, 0x1d, 0xca, 0xf3, 0x7c, 0x00, 0x8b, 0x8f, 0xcc, 0xc9, 0x6f, 0x30, 0x51, 0x09, 0xff, 0xe3, 0x00, 0x00, 0x00,
    /* U+00EA */ 0x00, 0x57, 0x00, 0x06, 0xb8, 0xa0, 0x01, 0x56, 0x20, 0x1d, 0xca, 0xf3, 0x7c, 0x00, 0x8b, 0x8f, 0xcc, 0xc9, 0x6f, 0x30, 0x51, 0x09, 0xff, 0xe3, 0x00, 0x00, 0x00,
    /* U+00EB */ 0x01, 0x42, 0x30, 0x05, 0x85, 0x80, 0x01, 0x56, 0x20, 0x1d, 0xca, 0xf3, 0x7c, 0x00, 0x8b, 0x8f, 0xcc, 0xc9, 0x6f, 0x30, 0x51, 0x09, 0xff, 0xe3, 0x00, 0x00, 0x00,
    /* U+00EC */ 0x38, 0x10, 0x06, 0xc1, 0x01, 0x40, 0x04, 0xf0, 0x04, 0xf0, 0x04, 0xf0, 0x04, 0xf0, 0x04, 0xf0,
    /* U+00ED */ 0x01, 0x81, 0x1c, 0x50, 0x14, 0x00, 0x4f, 0x00, 0x4f, 0x00, 0x4f, 0x00, 0x4f, 0x00, 0x4f, 0x00,
    /* U+00EE */ 0x02, 0x81, 0x01, 0xc8, 0xc0, 0x01, 0x40, 0x00, 0x4f, 0x00, 0x04, 0xf0, 0x00, 0x4f, 0x00, 0x04, 0xf0, 0x00, 0x4f, 0x00,
    /* U+00EF */ 0x42, 0x3a, 0x59, 0x14, 0x04, 0xf0, 0x4f, 0x04, 0xf0, 0x4f, 0x04, 0xf0,
    /* U+00F0 */ 0x04, 0x43, 0x00, 0x00, 0xdc, 0xfe, 0x90, 0x07, 0xe9, 0xbb, 0x00, 0x47, 0x65, 0xf0, 0x3f, 0xba, 0xff, 0x08, 0xc0, 0x09, 0xf0, 0x7e, 0x10, 0xbb, 0x01, 0xcf, 0xfc, 0x10, 0x00, 0x00, 0x00, 0x00,
    /* U+00F1 */ 0x00, 0x73, 0x42, 0x00, 0x37, 0xbd, 0x10, 0x14, 0x26, 0x50, 0x04, 0xfe, 0xcf, 0xc0, 0x4f, 0x40, 0x5f, 0x04, 0xf0, 0x04, 0xf0, 0x4f, 0x00, 0x4f, 0x04, 0xf0, 0x04, 0xf0,
    /* U+00F2 */ 0x04, 0x70, 0x00, 0x00, 0x09, 0xa0, 0x00, 0x00, 0x57, 0x20, 0x01, 0xde, 0xcf, 0x60, 0x7e, 0x00, 0x7f, 0x08, 0xc0, 0x04, 0xf0, 0x6f, 0x31, 0xad, 0x00, 0x9f, 0xfc, 0x30, 0x00, 0x00, 0x00, 0x00,
    /* U+00F3 */ 0x00, 0x03, 0x70, 0x00, 0x03, 0xc3, 0x00, 0x00, 0x57, 0x20, 0x01, 0xde, 0xcf, 0x60, 0x7e, 0x00, 0x7f, 0x08, 0xc0, 0x04, 0xf0, 0x6f, 0x31, 0xad, 0x00, 0x9f, 0xfc, 0x30, 0x00, 0x00, 0x00, 0x00,
    /* U+00F4 */ 0x00, 0x57, 0x00, 0x00, 0x6d, 0x7a, 0x00, 0x00, 0x57, 0x20, 0x01, 0xde, 0xcf, 0x60, 0x7e, 0x00, 0x7f, 0x08, 0xc0, 0x04, 0xf0, 0x6f, 0x31, 0xad, 0x00, 0x9f, 0xfc, 0x30, 0x00, 0x00, 0x00, 0x00,
    /* U+00F5 */ 0x01, 0x81, 0x60, 0x00, 0x66, 0xcb, 0x00, 0x00, 0x57, 0x20, 0x01, 0xde, 0xcf, 0x60, 0x7e, 0x00, 0x7f, 0x08, 0xc0, 0x04, 0xf0, 0x6f, 0x31, 0xad, 0x00, 0x9f, 0xfc, 0x30, 0x00, 0x00, 0x00, 0x00,
    /* U+00F6 */ 0x01, 0x51, 0x40, 0x00, 0x39, 0x59, 0x00, 0x00, 0x57, 0x20, 0x01, 0xde, 0xcf, 0x60, 0x7e, 0x00, 0x7f, 0x08, 0xc0, 0x04, 0xf0, 0x6f, 0x31, 0xad, 0x00, 0x9f, 0xfc, 0x30, 0x00, 0x00, 0x00, 0x00,
    /* U+00F7 */ 0x00, 0x21, 0x00, 0x00, 0xca, 0x00, 0x00, 0x11, 0x00, 0x4f, 0xff, 0xf4, 0x00, 0x11, 0x00, 0x00, 0xca, 0x00, 0x00, 0x21, 0x00,
    /* U+00F8 */ 0x00, 0x00, 0x00, 0x00, 0x05, 0x76, 0x70, 0x1d, 0xed, 0xf6, 0x07, 0xe0, 0x89, 0xf0, 0x8c, 0x47, 0x4f, 0x06, 0xfb, 0x1a, 0xd0, 0x0d, 0xff, 0xc3, 0x01, 0x70, 0x00, 0x00,
    /* U+00F9 */ 0x03, 0x81, 0x00, 0x00, 0x7d, 0x10, 0x14, 0x00, 0x14, 0x4f, 0x00, 0x4f, 0x4f, 0x00, 0x4f, 0x4f, 0x00, 0x4f, 0x2f, 0x51, 0xbf, 0x09, 0xff, 0xcf, 0x00, 0x00, 0x00,
    /* U+00FA */ 0x00, 0x03, 0x81, 0x00, 0x3e, 0x40, 0x14, 0x00, 0x14, 0x4f, 0x00, 0x4f, 0x4f, 0x00, 0x4f, 0x4f, 0x00, 0x4f, 0x2f, 0x51, 0xbf, 0x09, 0xff, 0xcf, 0x00, 0x00, 0x00,
    /* U+00FB */ 0x00, 0x38, 0x10, 0x03, 0xc7, 0xc1, 0x14, 0x00, 0x14, 0x4f, 0x00, 0x4f, 0x4f, 0x00, 0x4f, 0x4f, 0x00, 0x4f, 0x2f, 0x51, 0xbf, 0x09, 0xff, 0xcf, 0x00, 0x00, 0x00,
    /* U+00FC */ 0x00, 0x51, 0x40, 0x02, 0xb2, 0xb0, 0x14, 0x00, 0x14, 0x4f, 0x00, 0x4f, 0x4f, 0x00, 0x4f, 0x4f, 0x00, 0x4f, 0x2f, 0x51, 0xbf, 0x09, 0xff, 0xcf, 0x00, 0x00, 0x00,
    /* U+00FD */ 0x00, 0x00, 0x74, 0x00, 0x00, 0xa9, 0x00, 0x04, 0x10, 0x02, 0x30, 0xba, 0x00, 0xc7, 0x04, 0xf1, 0x2f, 0x10, 0x0d, 0x7a, 0xa0, 0x00, 0x6e, 0xf2, 0x00, 0x00, 0xfc, 0x00, 0x02, 0x1f, 0x40, 0x00, 0xef, 0x90, 0x00, 0x00, 0x00, 0x00, 0x00,
    /* U+00FE */ 0x28, 0x00, 0x00, 0x04, 0xf0, 0x00, 0x00, 0x4f, 0x26, 0x50, 0x04, 0xfe, 0xce, 0xd0, 0x4f, 0x40, 0x1f, 0x64, 0xf0, 0x00, 0xc8, 0x4f, 0x80, 0x4f, 0x44, 0xfc, 0xff, 0x80, 0x4f, 0x00, 0x00, 0x04, 0xf0, 0x00, 0x00,
    /* U+00FF */ 0x00, 0x41, 0x41, 0x00, 0x09, 0x49, 0x30, 0x04, 0x10, 0x02, 0x30, 0xba, 0x00, 0xc7, 0x04, 0xf1, 0x2f, 0x10, 0x0d, 0x7a, 0xa0, 0x00, 0x6e, 0xf2, 0x00, 0x00, 0xfc, 0x00, 0x02, 0x1f, 0x40, 0x00, 0xef, 0x90, 0x00, 0x00, 0x00, 0x00, 0x00,
    /* U+2013 */ 0x44, 0x44, 0x4c, 0xcc, 0xcc,
    /* U+2014 */ 0x44, 0x44, 0x44, 0x44, 0x44, 0xcc, 0xcc, 0xcc, 0xcc, 0xcc,
    /* U+2019 */ 0x37, 0x08, 0xf0, 0x3b, 0x04, 0x40,
    /* U+2022 */ 0x2c, 0x66, 0xfb, 0x04, 0x10,
    /* U+2026 */ 0x37, 0x07, 0x33, 0x70, 0x7f, 0x0f, 0x77, 0xf0, 0x00, 0x00, 0x00, 0x00,
};

static const lv_font_fmt_txt_glyph_dsc_t glyph_dsc_text_10[] = {
    {.bitmap_index = 0, .adv_w = 0, .box_w = 0, .box_h = 0, .ofs_x = 0, .ofs_y = 0},
    {.bitmap_index = 0, .adv_w = 44, .box_w = 0, .box_h = 0, .ofs_x = 0, .ofs_y = 0},
    {.bitmap_index = 0, .adv_w = 44, .box_w = 3, .box_h = 8, .ofs_x = 0, .ofs_y = -1},
    {.bitmap_index = 12, .adv_w = 66, .box_w = 4, .box_h = 3, .ofs_x = 0, .ofs_y = 4},
    {.bitmap_index = 18, .adv_w = 114, .box_w = 7, .box_h = 7, .ofs_x = 0, .ofs_y = 0},
    {.bitmap_index = 43, .adv_w = 101, .box_w = 6, .box_h = 11, .ofs_x = 0, .ofs_y = -2},
    {.bitmap_index = 76, .adv_w = 138, .box_w = 9, .box_h = 9, .ofs_x = 0, .ofs_y = -1},
    {.bitmap_index = 117, .adv_w = 113, .box_w = 7, .box_h = 9, .ofs_x = 0, .ofs_y = -1},
    {.bitmap_index = 149, .adv_w = 35, .box_w = 2, .box_h = 3, .ofs_x = 0, .ofs_y = 4},
    {.bitmap_index = 152, .adv_w = 56, .box_w = 4, .box_h = 10, .ofs_x = 0, .ofs_y = -2},
    {.bitmap_index = 172, .adv_w = 56, .box_w = 3, .box_h = 10, .ofs_x = 0, .ofs_y = -2},
    {.bitmap_index = 187, .adv_w = 67, .box_w = 4, .box_h = 5, .ofs_x = 0, .ofs_y = 3},
    {.bitmap_index = 197, .adv_w = 94, .box_w = 6, .box_h = 5, .ofs_x = 0, .ofs_y = 1},
    {.bitmap_index = 212, .adv_w = 39, .box_w = 3, .box_h = 4, .ofs_x = 0, .ofs_y = -2},
    {.bitmap_index = 218, .adv_w = 62, .box_w = 4, .box_h = 2, .ofs_x = 0, .ofs_y = 2},
    {.bitmap_index = 222, .adv_w = 39, .box_w = 3, .box_h = 3, .ofs_x = 0, .ofs_y = -1},
    {.bitmap_index = 227, .adv_w = 59, .box_w = 6, .box_h = 10, .ofs_x = -1, .ofs_y = -1},
    {.bitmap_index = 257, .adv_w = 108, .box_w = 7, .box_h = 9, .ofs_x = 0, .ofs_y = -1},
    {.bitmap_index = 289, .adv_w = 61, .box_w = 3, .box_h = 7, .ofs_x = 0, .ofs_y = 0},
    {.bitmap_index = 300, .adv_w = 93, .box_w = 6, .box_h = 8, .ofs_x = 0, .ofs_y = 0},
    {.bitmap_index = 324, .adv_w = 93, .box_w = 6, .box_h = 8, .ofs_x = 0, .ofs_y = -1},
    {.bitmap_index = 348, .adv_w = 109, .box_w = 7, .box_h = 7, .ofs_x = 0, .ofs_y = 0},
    {.bitmap_index = 373, .adv_w = 93, .box_w = 6, .box_h = 8, .ofs_x = 0, .ofs_y = -1},
    {.bitmap_index = 397, .adv_w = 100, .box_w = 7, .box_h = 9, .ofs_x = 0, .ofs_y = -1},
    {.bitmap_index = 429, .adv_w = 97, .box_w = 6, .box_h = 7, .ofs_x = 0, .ofs_y = 0},
    {.bitmap_index = 450, .adv_w = 104, .box_w = 7, .box_h = 9, .ofs_x = 0, .ofs_y = -1},
    {.bitmap_index = 482, .adv_w = 100, .box_w = 6, .box_h = 9, .ofs_x = 0, .ofs_y = -1},
    {.bitmap_index = 509, .adv_w = 39, .box_w = 3, .box_h = 7, .ofs_x = 0, .ofs_y = -1},
    {.bitmap_index = 520, .adv_w = 39, .box_w = 3, .box_h = 8, .ofs_x = 0, .ofs_y = -2},
    {.bitmap_index = 532, .adv_w = 94, .box_w = 6, .box_h = 5, .ofs_x = 0, .ofs_y = 1},
    {.bitmap_index = 547, .adv_w = 94, .box_w = 6, .box_h = 5, .ofs_x = 0, .ofs_y = 1},
    {.bitmap_index = 562, .adv_w = 94, .box_w = 6, .box_h = 5, .ofs_x = 0, .ofs_y = 1},
    {.bitmap_index = 577, .adv_w = 93, .box_w = 6, .box_h = 9, .ofs_x = 0, .ofs_y = -1},
    {.bitmap_index = 604, .adv_w = 165, .box_w = 10, .box_h = 11, .ofs_x = 0, .ofs_y = -3},
    {.bitmap_index = 659, .adv_w = 120, .box_w = 9, .box_h = 7, .ofs_x = -1, .ofs_y = 0},
    {.bitmap_index = 691, .adv_w = 122, .box_w = 8, .box_h = 7, .ofs_x = 0, .ofs_y = 0},
    {.bitmap_index = 719, .adv_w = 116, .box_w = 7, .box_h = 9, .ofs_x = 0, .ofs_y = -1},
    {.bitmap_index = 751, .adv_w = 132, .box_w = 8, .box_h = 7, .ofs_x = 0, .ofs_y = 0},
    {.bitmap_index = 779, .adv_w = 107, .box_w = 7, .box_h = 7, .ofs_x = 0, .ofs_y = 0},
    {.bitmap_index = 804, .adv_w = 102, .box_w = 7, .box_h = 7, .ofs_x = 0, .ofs_y = 0},
    {.bitmap_index = 829, .adv_w = 124, .box_w = 8, .box_h = 9, .ofs_x = 0, .ofs_y = -1},
    {.bitmap_index = 865, .adv_w = 130, .box_w = 8, .box_h = 7, .ofs_x = 0, .ofs_y = 0},
    {.bitmap_index = 893, .adv_w = 51, .box_w = 3, .box_h = 7, .ofs_x = 0, .ofs_y = 0},
    {.bitmap_index = 904, .adv_w = 84, .box_w = 6, .box_h = 8, .ofs_x = -1, .ofs_y = -1},
    {.bitmap_index = 928, .adv_w = 117, .box_w = 8, .box_h = 7, .ofs_x = 0, .ofs_y = 0},
    {.bitmap_index = 956, .adv_w = 96, .box_w = 6, .box_h = 7, .ofs_x = 0, .ofs_y = 0},
    {.bitmap_index = 977, .adv_w = 153, .box_w = 9, .box_h = 7, .ofs_x = 0, .ofs_y = 0},
    {.bitmap_index = 1009, .adv_w = 130, .box_w = 8, .box_h = 7, .ofs_x = 0, .ofs_y = 0},
    {.bitmap_index = 1037, .adv_w = 135, .box_w = 8, .box_h = 9, .ofs_x = 0, .ofs_y = -1},
    {.bitmap_index = 1073, .adv_w = 116, .box_w = 7, .box_h = 7, .ofs_x = 0, .ofs_y = 0},
    {.bitmap_index = 1098, .adv_w = 135, .box_w = 9, .box_h = 10, .ofs_x = 0, .ofs_y = -2},
    {.bitmap_index = 1143, .adv_w = 117, .box_w = 7, .box_h = 7, .ofs_x = 0, .ofs_y = 0},
    {.bitmap_index = 1168, .adv_w = 101, .box_w = 6, .box_h = 9, .ofs_x = 0, .ofs_y = -1},
    {.bitmap_index = 1195, .adv_w = 96, .box_w = 6, .box_h = 7, .ofs_x = 0, .ofs_y = 0},
    {.bitmap_index = 1216, .adv_w = 126, .box_w = 8, .box_h = 8, .ofs_x = 0, .ofs_y = -1},
    {.bitmap_index = 1248, .adv_w = 117, .box_w = 9, .box_h = 7, .ofs_x = -1, .ofs_y = 0},
    {.bitmap_index = 1280, .adv_w = 183, .box_w = 12, .box_h = 7, .ofs_x = 0, .ofs_y = 0},
    {.bitmap_index = 1322, .adv_w = 111, .box_w = 7, .box_h = 7, .ofs_x = 0, .ofs_y = 0},
    {.bitmap_index = 1347, .adv_w = 106, .box_w = 8, .box_h = 7, .ofs_x = -1, .ofs_y = 0},
    {.bitmap_index = 1375, .adv_w = 106, .box_w = 7, .box_h = 7, .ofs_x = 0, .ofs_y = 0},
    {.bitmap_index = 1400, .adv_w = 56, .box_w = 4, .box_h = 10, .ofs_x = 0, .ofs_y = -2},
    {.bitmap_index = 1420, .adv_w = 59, .box_w = 6, .box_h = 10, .ofs_x = -1, .ofs_y = -1},
    {.bitmap_index = 1450, .adv_w = 56, .box_w = 3, .box_h = 10, .ofs_x = 0, .ofs_y = -2},
    {.bitmap_index = 1465, .adv_w = 95, .box_w = 6, .box_h = 5, .ofs_x = 0, .ofs_y = 1},
    {.bitmap_index = 1480, .adv_w = 80, .box_w = 5, .box_h = 1, .ofs_x = 0, .ofs_y = -1},
    {.bitmap_index = 1483, .adv_w = 96, .box_w = 3, .box_h = 2, .ofs_x = 1, .ofs_y = 6},
    {.bitmap_index = 1486, .adv_w = 97, .box_w = 6, .box_h = 7, .ofs_x = 0, .ofs_y = -1},
    {.bitmap_index = 1507, .adv_w = 110, .box_w = 7, .box_h = 9, .ofs_x = 0, .ofs_y = -1},
    {.bitmap_index = 1539, .adv_w = 93, .box_w = 6, .box_h = 7, .ofs_x = 0, .ofs_y = -1},
    {.bitmap_index = 1560, .adv_w = 110, .box_w = 7, .box_h = 9, .ofs_x = 0, .ofs_y = -1},
    {.bitmap_index = 1592, .adv_w = 100, .box_w = 6, .box_h = 7, .ofs_x = 0, .ofs_y = -1},
    {.bitmap_index = 1613, .adv_w = 59, .box_w = 5, .box_h = 8, .ofs_x = 0, .ofs_y = 0},
    {.bitmap_index = 1633, .adv_w = 111, .box_w = 7, .box_h = 9, .ofs_x = 0, .ofs_y = -3},
    {.bitmap_index = 1665, .adv_w = 110, .box_w = 7, .box_h = 8, .ofs_x = 0, .ofs_y = 0},
    {.bitmap_index = 1693, .adv_w = 46, .box_w = 3, .box_h = 8, .ofs_x = 0, .ofs_y = 0},
    {.bitmap_index = 1705, .adv_w = 47, .box_w = 4, .box_h = 11, .ofs_x = -1, .ofs_y = -3},
    {.bitmap_index = 1727, .adv_w = 102, .box_w = 7, .box_h = 8, .ofs_x = 0, .ofs_y = 0},
    {.bitmap_index = 1755, .adv_w = 46, .box_w = 3, .box_h = 8, .ofs_x = 0, .ofs_y = 0},
    {.bitmap_index = 1767, .adv_w = 168, .box_w = 10, .box_h = 6, .ofs_x = 0, .ofs_y = 0},
    {.bitmap_index = 1797, .adv_w = 110, .box_w = 7, .box_h = 6, .ofs_x = 0, .ofs_y = 0},
    {.bitmap_index = 1818, .adv_w = 103, .box_w = 7, .box_h = 7, .ofs_x = 0, .ofs_y = -1},
    {.bitmap_index = 1843, .adv_w = 110, .box_w = 7, .box_h = 8, .ofs_x = 0, .ofs_y = -2},
    {.bitmap_index = 1871, .adv_w = 110, .box_w = 7, .box_h = 8, .ofs_x = 0, .ofs_y = -2},
    {.bitmap_index = 1899, .adv_w = 67, .box_w = 4, .box_h = 6, .ofs_x = 0, .ofs_y = 0},
    {.bitmap_index = 1911, .adv_w = 82, .box_w = 5, .box_h = 7, .ofs_x = 0, .ofs_y = -1},
    {.bitmap_index = 1929, .adv_w = 68, .box_w = 5, .box_h = 8, .ofs_x = 0, .ofs_y = -1},
    {.bitmap_index = 1949, .adv_w = 109, .box_w = 6, .box_h = 7, .ofs_x = 0, .ofs_y = -1},
    {.bitmap_index = 1970, .adv_w = 92, .box_w = 7, .box_h = 6, .ofs_x = -1, .ofs_y = 0},
    {.bitmap_index = 1991, .adv_w = 147, .box_w = 10, .box_h = 6, .ofs_x = 0, .ofs_y = 0},
    {.bitmap_index = 2021, .adv_w = 92, .box_w = 6, .box_h = 6, .ofs_x = 0, .ofs_y = 0},
    {.bitmap_index = 2039, .adv_w = 92, .box_w = 7, .box_h = 9, .ofs_x = -1, .ofs_y = -3},
    {.bitmap_index = 2071, .adv_w = 85, .box_w = 5, .box_h = 6, .ofs_x = 0, .ofs_y = 0},
    {.bitmap_index = 2086, .adv_w = 59, .box_w = 4, .box_h = 10, .ofs_x = 0, .ofs_y = -2},
    {.bitmap_index = 2106, .adv_w = 48, .box_w = 3, .box_h = 10, .ofs_x = 0, .ofs_y = -2},
    {.bitmap_index = 2121, .adv_w = 59, .box_w = 4, .box_h = 10, .ofs_x = 0, .ofs_y = -2},
    {.bitmap_index = 2141, .adv_w = 94, .box_w = 6, .box_h = 3, .ofs_x = 0, .ofs_y = 2},
    {.bitmap_index = 2150, .adv_w = 44, .box_w = 0, .box_h = 0, .ofs_x = 0, .ofs_y = 0},
    {.bitmap_index = 2150, .adv_w = 44, .box_w = 3, .box_h = 8, .ofs_x = 0, .ofs_y = -2},
    {.bitmap_index = 2162, .adv_w = 93, .box_w = 6, .box_h = 9, .ofs_x = 0, .ofs_y = -2},
    {.bitmap_index = 2189, .adv_w = 105, .box_w = 7, .box_h = 8, .ofs_x = 0, .ofs_y = 0},
    {.bitmap_index = 2217, .adv_w = 112, .box_w = 7, .box_h = 8, .ofs_x = 0, .ofs_y = -1},
    {.bitmap_index = 2245, .adv_w = 115, .box_w = 9, .box_h = 7, .ofs_x = -1, .ofs_y = 0},
    {.bitmap_index = 2277, .adv_w = 48, .box_w = 3, .box_h = 10, .ofs_x = 0, .ofs_y = -2},
    {.bitmap_index = 2292, .adv_w = 82, .box_w = 5, .box_h = 10, .ofs_x = 0, .ofs_y = -2},
    {.bitmap_index = 2317, .adv_w = 96, .box_w = 4, .box_h = 2, .ofs_x = 1, .ofs_y = 6},
    {.bitmap_index = 2321, .adv_w = 127, .box_w = 8, .box_h = 9, .ofs_x = 0, .ofs_y = -1},
    {.bitmap_index = 2357, .adv_w = 65, .box_w = 4, .box_h = 4, .ofs_x = 0, .ofs_y = 4},
    {.bitmap_index = 2365, .adv_w = 86, .box_w = 6, .box_h = 5, .ofs_x = 0, .ofs_y = 0},
    {.bitmap_index = 2380, .adv_w = 94, .box_w = 6, .box_h = 4, .ofs_x = 0, .ofs_y = 1},
    {.bitmap_index = 2392, .adv_w = 62, .box_w = 4, .box_h = 2, .ofs_x = 0, .ofs_y = 2},
    {.bitmap_index = 2396, .adv_w = 127, .box_w = 8, .box_h = 9, .ofs_x = 0, .ofs_y = -1},
    {.bitmap_index = 2432, .adv_w = 96, .box_w = 4, .box_h = 2, .ofs_x = 1, .ofs_y = 6},
    {.bitmap_index = 2436, .adv_w = 67, .box_w = 4, .box_h = 5, .ofs_x = 0, .ofs_y = 3},
    {.bitmap_index = 2446, .adv_w = 94, .box_w = 6, .box_h = 7, .ofs_x = 0, .ofs_y = 0},
    {.bitmap_index = 2467, .adv_w = 69, .box_w = 4, .box_h = 5, .ofs_x = 0, .ofs_y = 3},
    {.bitmap_index = 2477, .adv_w = 69, .box_w = 4, .box_h = 5, .ofs_x = 0, .ofs_y = 3},
    {.bitmap_index = 2487, .adv_w = 96, .box_w = 3, .box_h = 2, .ofs_x = 2, .ofs_y = 6},
    {.bitmap_index = 2490, .adv_w = 110, .box_w = 7, .box_h = 8, .ofs_x = 0, .ofs_y = -2},
    {.bitmap_index = 2518, .adv_w = 107, .box_w = 6, .box_h = 9, .ofs_x = 0, .ofs_y = -1},
    {.bitmap_index = 2545, .adv_w = 45, .box_w = 3, .box_h = 3, .ofs_x = 0, .ofs_y = 1},
    {.bitmap_index = 2550, .adv_w = 96, .box_w = 4, .box_h = 4, .ofs_x = 1, .ofs_y = -3},
    {.bitmap_index = 2558, .adv_w = 69, .box_w = 4, .box_h = 5, .ofs_x = 0, .ofs_y = 3},
    {.bitmap_index = 2568, .adv_w = 68, .box_w = 4, .box_h = 4, .ofs_x = 0, .ofs_y = 4},
    {.bitmap_index = 2576, .adv_w = 86, .box_w = 5, .box_h = 5, .ofs_x = 0, .ofs_y = 0},
    {.bitmap_index = 2589, .adv_w = 166, .box_w = 11, .box_h = 7, .ofs_x = 0, .ofs_y = 0},
    {.bitmap_index = 2628, .adv_w = 166, .box_w = 10, .box_h = 7, .ofs_x = 0, .ofs_y = 0},
    {.bitmap_index = 2663, .adv_w = 166, .box_w = 11, .box_h = 7, .ofs_x = 0, .ofs_y = 0},
    {.bitmap_index = 2702, .adv_w = 93, .box_w = 6, .box_h = 8, .ofs_x = 0, .ofs_y = -2},
    {.bitmap_index = 2726, .adv_w = 120, .box_w = 9, .box_h = 9, .ofs_x = -1, .ofs_y = 0},
    {.bitmap_index = 2767, .adv_w = 120, .box_w = 9, .box_h = 9, .ofs_x = -1, .ofs_y = 0},
    {.bitmap_index = 2808, .adv_w = 120, .box_w = 9, .box_h = 9, .ofs_x = -1, .ofs_y = 0},
    {.bitmap_index = 2849, .adv_w = 120, .box_w = 9, .box_h = 9, .ofs_x = -1, .ofs_y = 0},
    {.bitmap_index = 2890, .adv_w = 120, .box_w = 9, .box_h = 9, .ofs_x = -1, .ofs_y = 0},
    {.bitmap_index = 2931, .adv_w = 120, .box_w = 9, .box_h = 10, .ofs_x = -1, .ofs_y = 0},
    {.bitmap_index = 2976, .adv_w = 170, .box_w = 12, .box_h = 7, .ofs_x = -1, .ofs_y = 0},
    {.bitmap_index = 3018, .adv_w = 116, .box_w = 7, .box_h = 11, .ofs_x = 0, .ofs_y = -3},
    {.bitmap_index = 3057, .adv_w = 107, .box_w = 7, .box_h = 9, .ofs_x = 0, .ofs_y = 0},
    {.bitmap_index = 3089, .adv_w = 107, .box_w = 7, .box_h = 9, .ofs_x = 0, .ofs_y = 0},
    {.bitmap_index = 3121, .adv_w = 107, .box_w = 7, .box_h = 9, .ofs_x = 0, .ofs_y = 0},
    {.bitmap_index = 3153, .adv_w = 107, .box_w = 7, .box_h = 9, .ofs_x = 0, .ofs_y = 0},
    {.bitmap_index = 3185, .adv_w = 51, .box_w = 4, .box_h = 9, .ofs_x = -1, .ofs_y = 0},
    {.bitmap_index = 3203, .adv_w = 51, .box_w = 4, .box_h = 9, .ofs_x = 0, .ofs_y = 0},
    {.bitmap_index = 3221, .adv_w = 51, .box_w = 5, .box_h = 9, .ofs_x = -1, .ofs_y = 0},
    {.bitmap_index = 3244, .adv_w = 51, .box_w = 4, .box_h = 9, .ofs_x = 0, .ofs_y = 0},
    {.bitmap_index = 3262, .adv_w = 134, .box_w = 8, .box_h = 7, .ofs_x = 0, .ofs_y = 0},
    {.bitmap_index = 3290, .adv_w = 130, .box_w = 8, .box_h = 9, .ofs_x = 0, .ofs_y = 0},
    {.bitmap_index = 3326, .adv_w = 135, .box_w = 8, .box_h = 10, .ofs_x = 0, .ofs_y = -1},
    {.bitmap_index = 3366, .adv_w = 135, .box_w = 8, .box_h = 10, .ofs_x = 0, .ofs_y = -1},
    {.bitmap_index = 3406, .adv_w = 135, .box_w = 8, .box_h = 10, .ofs_x = 0, .ofs_y = -1},
    {.bitmap_index = 3446, .adv_w = 135, .box_w = 8, .box_h = 10, .ofs_x = 0, .ofs_y = -1},
    {.bitmap_index = 3486, .adv_w = 135, .box_w = 8, .box_h = 10, .ofs_x = 0, .ofs_y = -1},
    {.bitmap_index = 3526, .adv_w = 94, .box_w = 5, .box_h = 5, .ofs_x = 0, .ofs_y = 1},
    {.bitmap_index = 3539, .adv_w = 135, .box_w = 8, .box_h = 9, .ofs_x = 0, .ofs_y = -1},
    {.bitmap_index = 3575, .adv_w = 126, .box_w = 8, .box_h = 10, .ofs_x = 0, .ofs_y = -1},
    {.bitmap_index = 3615, .adv_w = 126, .box_w = 8, .box_h = 10, .ofs_x = 0, .ofs_y = -1},
    {.bitmap_index = 3655, .adv_w = 126, .box_w = 8, .box_h = 10, .ofs_x = 0, .ofs_y = -1},
    {.bitmap_index = 3695, .adv_w = 126, .box_w = 8, .box_h = 10, .ofs_x = 0, .ofs_y = -1},
    {.bitmap_index = 3735, .adv_w = 106, .box_w = 8, .box_h = 9, .ofs_x = -1, .ofs_y = 0},
    {.bitmap_index = 3771, .adv_w = 116, .box_w = 7, .box_h = 7, .ofs_x = 0, .ofs_y = 0},
    {.bitmap_index = 3796, .adv_w = 109, .box_w = 7, .box_h = 9, .ofs_x = 0, .ofs_y = -1},
    {.bitmap_index = 3828, .adv_w = 97, .box_w = 6, .box_h = 9, .ofs_x = 0, .ofs_y = -1},
    {.bitmap_index = 3855, .adv_w = 97, .box_w = 6, .box_h = 9, .ofs_x = 0, .ofs_y = -1},
    {.bitmap_index = 3882, .adv_w = 97, .box_w = 6, .box_h = 9, .ofs_x = 0, .ofs_y = -1},
    {.bitmap_index = 3909, .adv_w = 97, .box_w = 6, .box_h = 9, .ofs_x = 0, .ofs_y = -1},
    {.bitmap_index = 3936, .adv_w = 97, .box_w = 6, .box_h = 9, .ofs_x = 0, .ofs_y = -1},
    {.bitmap_index = 3963, .adv_w = 97, .box_w = 6, .box_h = 10, .ofs_x = 0, .ofs_y = -1},
    {.bitmap_index = 3993, .adv_w = 159, .box_w = 10, .box_h = 7, .ofs_x = 0, .ofs_y = -1},
    {.bitmap_index = 4028, .adv_w = 93, .box_w = 6, .box_h = 9, .ofs_x = 0, .ofs_y = -3},
    {.bitmap_index = 4055, .adv_w = 100, .box_w = 6, .box_h = 9, .ofs_x = 0, .ofs_y = -1},
    {.bitmap_index = 4082, .adv_w = 100, .box_w = 6, .box_h = 9, .ofs_x = 0, .ofs_y = -1},
    {.bitmap_index = 4109, .adv_w = 100, .box_w = 6, .box_h = 9, .ofs_x = 0, .ofs_y = -1},
    {.bitmap_index = 4136, .adv_w = 100, .box_w = 6, .box_h = 9, .ofs_x = 0, .ofs_y = -1},
    {.bitmap_index = 4163, .adv_w = 46, .box_w = 4, .box_h = 8, .ofs_x = -1, .ofs_y = 0},
    {.bitmap_index = 4179, .adv_w = 46, .box_w = 4, .box_h = 8, .ofs_x = 0, .ofs_y = 0},
    {.bitmap_index = 4195, .adv_w = 46, .box_w = 5, .box_h = 8, .ofs_x = -1, .ofs_y = 0},
    {.bitmap_index = 4215, .adv_w = 46, .box_w = 3, .box_h = 8, .ofs_x = 0, .ofs_y = 0},
    {.bitmap_index = 4227, .adv_w = 104, .box_w = 7, .box_h = 9, .ofs_x = 0, .ofs_y = -1},
    {.bitmap_index = 4259, .adv_w = 110, .box_w = 7, .box_h = 8, .ofs_x = 0, .ofs_y = 0},
    {.bitmap_index = 4287, .adv_w = 103, .box_w = 7, .box_h = 9, .ofs_x = 0, .ofs_y = -1},
    {.bitmap_index = 4319, .adv_w = 103, .box_w = 7, .box_h = 9, .ofs_x = 0, .ofs_y = -1},
    {.bitmap_index = 4351, .adv_w = 103, .box_w = 7, .box_h = 9, .ofs_x = 0, .ofs_y = -1},
    {.bitmap_index = 4383, .adv_w = 103, .box_w = 7, .box_h = 9, .ofs_x = 0, .ofs_y = -1},
    {.bitmap_index = 4415, .adv_w = 103, .box_w = 7, .box_h = 9, .ofs_x = 0, .ofs_y = -1},
    {.bitmap_index = 4447, .adv_w = 94, .box_w = 6, .box_h = 7, .ofs_x = 0, .ofs_y = 0},
    {.bitmap_index = 4468, .adv_w = 103, .box_w = 7, .box_h = 8, .ofs_x = 0, .ofs_y = -1},
    {.bitmap_index = 4496, .adv_w = 109, .box_w = 6, .box_h = 9, .ofs_x = 0, .ofs_y = -1},
    {.bitmap_index = 4523, .adv_w = 109, .box_w = 6, .box_h = 9, .ofs_x = 0, .ofs_y = -1},
    {.bitmap_index = 4550, .adv_w = 109, .box_w = 6, .box_h = 9, .ofs_x = 0, .ofs_y = -1},
    {.bitmap_index = 4577, .adv_w = 109, .box_w = 6, .box_h = 9, .ofs_x = 0, .ofs_y = -1},
    {.bitmap_index = 4604, .adv_w = 92, .box_w = 7, .box_h = 11, .ofs_x = -1, .ofs_y = -3},
    {.bitmap_index = 4643, .adv_w = 110, .box_w = 7, .box_h = 10, .ofs_x = 0, .ofs_y = -2},
    {.bitmap_index = 4678, .adv_w = 92, .box_w = 7, .box_h = 11, .ofs_x = -1, .ofs_y = -3},
    {.bitmap_index = 4717, .adv_w = 80, .box_w = 5, .box_h = 2, .ofs_x = 0, .ofs_y = 2},
    {.bitmap_index = 4722, .adv_w = 160, .box_w = 10, .box_h = 2, .ofs_x = 0, .ofs_y = 2},
    {.bitmap_index = 4732, .adv_w = 39, .box_w = 3, .box_h = 4, .ofs_x = 0, .ofs_y = 4},
    {.bitmap_index = 4738, .adv_w = 54, .box_w = 3, .box_h = 3, .ofs_x = 0, .ofs_y = 1},
    {.bitmap_index = 4743, .adv_w = 119, .box_w = 8, .box_h = 3, .ofs_x = 0, .ofs_y = -1},
};

static const lv_font_fmt_txt_cmap_t cmaps_text_10[] = {
    {.range_start = 0x20, .range_length = 95, .glyph_id_start = 1, .unicode_list = NULL, .glyph_id_ofs_list = NULL, .list_length = 0, .type = LV_FONT_FMT_TXT_CMAP_FORMAT0_TINY},
    {.range_start = 0xA0, .range_length = 96, .glyph_id_start = 96, .unicode_list = NULL, .glyph_id_ofs_list = NULL, .list_length = 0, .type = LV_FONT_FMT_TXT_CMAP_FORMAT0_TINY},
    {.range_start = 0x2013, .range_length = 2, .glyph_id_start = 192, .unicode_list = NULL, .glyph_id_ofs_list = NULL, .list_length = 0, .type = LV_FONT_FMT_TXT_CMAP_FORMAT0_TINY},
    {.range_start = 0x2019, .range_length = 1, .glyph_id_start = 194, .unicode_list = NULL, .glyph_id_ofs_list = NULL, .list_length = 0, .type = LV_FONT_FMT_TXT_CMAP_FORMAT0_TINY},
    {.range_start = 0x2022, .range_length = 1, .glyph_id_start = 195, .unicode_list = NULL, .glyph_id_ofs_list = NULL, .list_length = 0, .type = LV_FONT_FMT_TXT_CMAP_FORMAT0_TINY},
    {.range_start = 0x2026, .range_length = 1, .glyph_id_start = 196, .unicode_list = NULL, .glyph_id_ofs_list = NULL, .list_length = 0, .type = LV_FONT_FMT_TXT_CMAP_FORMAT0_TINY},
};

static const lv_font_fmt_txt_dsc_t font_dsc_text_10 = {
    .glyph_bitmap = glyph_bitmap_text_10, .glyph_dsc = glyph_dsc_text_10, .cmaps = cmaps_text_10,
    .kern_dsc = NULL, .kern_scale = 0, .cmap_num = 6, .bpp = 4, .kern_classes = 0,
    .bitmap_format = 0,
};

const lv_font_t bed_font_text_10 = {
    .get_glyph_dsc = lv_font_get_glyph_dsc_fmt_txt,
    .get_glyph_bitmap = lv_font_get_bitmap_fmt_txt,
    .line_height = 13, .base_line = 3, .subpx = LV_FONT_SUBPX_NONE,
    .underline_position = 0, .underline_thickness = 0, .dsc = &font_dsc_text_10,
    .fallback = NULL,
};


static LV_ATTRIBUTE_LARGE_CONST const uint8_t glyph_bitmap_text_12[] = {
    /* U+0021 */ 0x28, 0x44, 0xf8, 0x1f, 0x80, 0xf8, 0x0f, 0x50, 0xf4, 0x04, 0x12, 0xb5, 0x3f, 0x80, 0x00,
    /* U+0022 */ 0x28, 0x08, 0x24, 0xf0, 0xf4, 0x4f, 0x0f, 0x44, 0xe0, 0xf4,
    /* U+0023 */ 0x00, 0x26, 0x02, 0x70, 0x00, 0x08, 0xb0, 0x4c, 0x00, 0x14, 0xaa, 0x4a, 0xd4, 0x13, 0xcf, 0xec, 0xee, 0xc3, 0x00, 0xc4, 0x0c, 0x70, 0x03, 0x4f, 0x74, 0xd7, 0x30, 0xcf, 0xff, 0xff, 0xfc, 0x00, 0x3f, 0x00, 0xf0, 0x00, 0x04, 0xc0, 0x4f, 0x00, 0x00,
    /* U+0024 */ 0x00, 0x09, 0x30, 0x00, 0x00, 0x5e, 0xa5, 0x00, 0x0d, 0xff, 0xef, 0x90, 0x5f, 0x5c, 0x41, 0x20, 0x5f, 0x8c, 0x40, 0x00, 0x0c, 0xff, 0xd7, 0x10, 0x00, 0x3d, 0xdf, 0xd0, 0x00, 0x0c, 0x49, 0xf1, 0x5c, 0x6d, 0x7d, 0xf0, 0x3b, 0xff, 0xfe, 0x30, 0x00, 0x0c, 0x40, 0x00, 0x00, 0x06, 0x20, 0x00,
    /* U+0025 */ 0x04, 0x82, 0x00, 0x05, 0x40, 0x4d, 0x7e, 0x20, 0x3f, 0x10, 0x86, 0x09, 0x70, 0xd5, 0x00, 0x89, 0x0a, 0x59, 0xb0, 0x00, 0x2e, 0xcd, 0x4e, 0x28, 0x70, 0x00, 0x01, 0xe4, 0xc7, 0xaa, 0x00, 0x09, 0x90, 0xf0, 0x1f, 0x00, 0x4e, 0x10, 0xf1, 0x3d, 0x01, 0xe4, 0x00, 0x6e, 0xe5, 0x00, 0x00, 0x00, 0x00, 0x00,
    /* U+0026 */ 0x00, 0x28, 0x72, 0x00, 0x00, 0x4f, 0xac, 0xf0, 0x00, 0x08, 0xf0, 0x3f, 0x30, 0x00, 0x4f, 0x8d, 0xc0, 0x00, 0x02, 0xef, 0xc0, 0x00, 0x02, 0xfa, 0x7f, 0x77, 0xd0, 0x8f, 0x00, 0x6f, 0xf8, 0x06, 0xf7, 0x14, 0xef, 0xa0, 0x09, 0xff, 0xfa, 0x4d, 0x10, 0x00, 0x00, 0x00, 0x00,
    /* U+0027 */ 0x28, 0x4f, 0x4f, 0x4e,
    /* U+0028 */ 0x0c, 0xb4, 0xf4, 0x9e, 0x0c, 0xb0, 0xf8, 0x0f, 0x80, 0xf8, 0x0e, 0x90, 0xbd, 0x06, 0xf1, 0x1f, 0x80, 0x33,
    /* U+0029 */ 0x8e, 0x10, 0x1f, 0x60, 0x0c, 0xc0, 0x08, 0xf0, 0x06, 0xf1, 0x04, 0xf4, 0x04, 0xf3, 0x08, 0xf0, 0x0a, 0xe0, 0x0e, 0x90, 0x5f, 0x20, 0x33, 0x00,
    /* U+002A */ 0x00, 0xf0, 0x0a, 0xbf, 0xba, 0x1d, 0xfd, 0x19, 0x8f, 0x89, 0x00, 0xc0, 0x00,
    /* U+002B */ 0x00, 0x0f, 0x40, 0x00, 0x00, 0xf4, 0x00, 0x3c, 0xcf, 0xdc, 0x32, 0x88, 0xfa, 0x82, 0x00, 0x0f, 0x40, 0x00, 0x00, 0x82, 0x00,
    /* U+002C */ 0x5e, 0x45, 0xf6, 0x1f, 0x13, 0x90,
    /* U+002D */ 0x4f, 0xff, 0x14, 0x44,
    /* U+002E */ 0x5e, 0x46, 0xf5, 0x00, 0x00,
    /* U+002F */ 0x00, 0x00, 0x00, 0x00, 0x00, 0xab, 0x00, 0x00, 0xf6, 0x00, 0x05, 0xf1, 0x00, 0x0a, 0xb0, 0x00, 0x1f, 0x50, 0x00, 0x6f, 0x00, 0x00, 0xba, 0x00, 0x01, 0xf5, 0x00, 0x06, 0xf0, 0x00, 0x0d, 0x90, 0x00, 0x2f, 0x30, 0x00, 0x14, 0x00, 0x00,
    /* U+0030 */ 0x00, 0x28, 0x83, 0x00, 0x06, 0xff, 0xef, 0x60, 0x1f, 0xb0, 0x0b, 0xf2, 0x5f, 0x40, 0x03, 0xf7, 0x8f, 0x10, 0x00, 0xf8, 0x8f, 0x20, 0x00, 0xf8, 0x3f, 0x60, 0x05, 0xf5, 0x0d, 0xf5, 0x5e, 0xe0, 0x01, 0xcf, 0xfc, 0x30, 0x00, 0x00, 0x00, 0x00,
    /* U+0031 */ 0x88, 0x84, 0xff, 0xf8, 0x04, 0xf8, 0x04, 0xf8, 0x04, 0xf8, 0x04, 0xf8, 0x04, 0xf8, 0x04, 0xf8, 0x04, 0xf8,
    /* U+0032 */ 0x03, 0x88, 0x60, 0x09, 0xff, 0xdf, 0xd0, 0x37, 0x00, 0x7f, 0x40, 0x00, 0x06, 0xf3, 0x00, 0x01, 0xed, 0x00, 0x03, 0xdd, 0x10, 0x03, 0xfd, 0x10, 0x03, 0xff, 0x54, 0x42, 0x8f, 0xff, 0xff, 0x80,
    /* U+0033 */ 0x48, 0x88, 0x88, 0x28, 0xff, 0xff, 0xf3, 0x00, 0x04, 0xf6, 0x00, 0x03, 0xfa, 0x00, 0x00, 0xcf, 0xe7, 0x00, 0x03, 0x4b, 0xf4, 0x00, 0x00, 0x2f, 0x8a, 0xa4, 0x4b, 0xf4, 0x8e, 0xff, 0xf7, 0x00, 0x00, 0x00, 0x00,
    /* U+0034 */ 0x00, 0x00, 0x58, 0x10, 0x00, 0x00, 0x3f, 0x90, 0x00, 0x00, 0x1d, 0xd0, 0x00, 0x00, 0x0b, 0xf1, 0x00, 0x00, 0x07, 0xf4, 0x0f, 0x80, 0x03, 0xfb, 0x44, 0xfa, 0x40, 0x8f, 0xff, 0xff, 0xff, 0x00, 0x00, 0x00, 0xf8, 0x00, 0x00, 0x00, 0x0f, 0x80, 0x00,
    /* U+0035 */ 0x06, 0x88, 0x88, 0x20, 0xef, 0xff, 0xf4, 0x0f, 0x80, 0x00, 0x00, 0xf9, 0x30, 0x00, 0x3f, 0xff, 0xfa, 0x01, 0x44, 0x48, 0xf7, 0x00, 0x00, 0x0f, 0xa8, 0xa5, 0x48, 0xf6, 0x5e, 0xff, 0xf9, 0x00, 0x00, 0x00, 0x00,
    /* U+0036 */ 0x00, 0x16, 0x88, 0x20, 0x03, 0xff, 0xce, 0xa0, 0x0e, 0xd1, 0x00, 0x00, 0x5f, 0x51, 0x40, 0x00, 0x8f, 0xbf, 0xff, 0x60, 0x8f, 0xd2, 0x1b, 0xf2, 0x4f, 0x60, 0x04, 0xf4, 0x0e, 0xd3, 0x2c, 0xf1, 0x03, 0xcf, 0xfe, 0x30, 0x00, 0x00, 0x00, 0x00,
    /* U+0037 */ 0x68, 0x88, 0x88, 0x6c, 0xff, 0xff, 0xfc, 0xcc, 0x00, 0x2f, 0x83, 0x30, 0x0a, 0xf1, 0x00, 0x01, 0xfa, 0x00, 0x00, 0x8f, 0x20, 0x00, 0x0f, 0xc0, 0x00, 0x06, 0xf4, 0x00, 0x00, 0xee, 0x00, 0x00,
    /* U+0038 */ 0x00, 0x58, 0x83, 0x00, 0x0b, 0xfc, 0xdf, 0x90, 0x3f, 0x60, 0x09, 0xf0, 0x2f, 0x90, 0x1b, 0xf0, 0x09, 0xff, 0xff, 0x50, 0x4f, 0xa4, 0x4d, 0xf2, 0x8f, 0x00, 0x04, 0xf4, 0x6f, 0x92, 0x3a, 0xf2, 0x08, 0xff, 0xfe, 0x50, 0x00, 0x00, 0x00, 0x00,
    /* U+0039 */ 0x01, 0x78, 0x61, 0x02, 0xfe, 0xcf, 0xd1, 0xaf, 0x10, 0x1f, 0xac, 0xe0, 0x00, 0xef, 0x5f, 0xb8, 0xcf, 0xf0, 0x5c, 0xc8, 0xbf, 0x00, 0x00, 0x0e, 0xb0, 0x64, 0x4b, 0xf4, 0x2f, 0xff, 0xe5, 0x00, 0x00, 0x00, 0x00,
    /* U+003A */ 0x18, 0x18, 0xf8, 0x18, 0x10, 0x00, 0x00, 0x05, 0xe4, 0x6f, 0x50, 0x00,
    /* U+003B */ 0x18, 0x18, 0xf8, 0x18, 0x10, 0x00, 0x00, 0x05, 0xe4, 0x5f, 0x61, 0xf1, 0x39, 0x00,
    /* U+003C */ 0x00, 0x00, 0x5b, 0x40, 0x28, 0xef, 0x91, 0x4f, 0xc5, 0x00, 0x02, 0xbf, 0xb6, 0x00, 0x00, 0x28, 0xef, 0x30, 0x00, 0x00, 0x52,
    /* U+003D */ 0x14, 0x44, 0x44, 0x14, 0xff, 0xff, 0xf4, 0x00, 0x00, 0x00, 0x01, 0x44, 0x44, 0x41, 0x3c, 0xcc, 0xcc, 0x30,
    /* U+003E */ 0x4b, 0x60, 0x00, 0x01, 0x9e, 0xf9, 0x20, 0x00, 0x05, 0xbf, 0x40, 0x05, 0xaf, 0xc2, 0x3e, 0xf9, 0x20, 0x02, 0x50, 0x00, 0x00,
    /* U+003F */ 0x03, 0x88, 0x61, 0x09, 0xfe, 0xdf, 0xd0, 0x46, 0x00, 0x7f, 0x40, 0x00, 0x08, 0xf2, 0x00, 0x06, 0xf6, 0x00, 0x03, 0xf7, 0x00, 0x00, 0x14, 0x10, 0x00, 0x03, 0xc2, 0x00, 0x00, 0x7f, 0x40, 0x00, 0x00, 0x00, 0x00,
    /* U+0040 */ 0x00, 0x00, 0x48, 0x87, 0x20, 0x00, 0x00, 0x5e, 0xd8, 0x8a, 0xfa, 0x10, 0x05, 0xf4, 0x00, 0x00, 0x1a, 0xd0, 0x0e, 0x41, 0xaf, 0xf9, 0xf4, 0xc6, 0x5e, 0x0a, 0xf5, 0x4c, 0xf4, 0x5c, 0x8c, 0x0f, 0x80, 0x02, 0xf4, 0x4f, 0x8c, 0x0f, 0x80, 0x02, 0xf4, 0x4d, 0x4e, 0x0a, 0xe4, 0x2a, 0xf5, 0x8a, 0x0e, 0x51, 0xcf, 0xf9, 0xaf, 0xe2, 0x04, 0xf5, 0x00, 0x00, 0x00, 0x00, 0x00, 0x4e, 0xd9, 0x8c, 0xb0, 0x00, 0x00, 0x00, 0x37, 0x85, 0x10, 0x00,
    /* U+0041 */ 0x00, 0x00, 0x38, 0x30, 0x00, 0x00, 0x00, 0x0b, 0xfa, 0x00, 0x00, 0x00, 0x02, 0xfc, 0xf2, 0x00, 0x00, 0x00, 0xae, 0x0f, 0x90, 0x00, 0x00, 0x1f, 0x80, 0x8f, 0x10, 0x00, 0x08, 0xf5, 0x46, 0xf8, 0x00, 0x00, 0xff, 0xff, 0xff, 0xe0, 0x00, 0x6f, 0x30, 0x00, 0x4f, 0x60, 0x0e, 0xc0, 0x00, 0x00, 0xde, 0x00,
    /* U+0042 */ 0x68, 0x88, 0x63, 0x00, 0xcf, 0xcc, 0xef, 0xa0, 0xcc, 0x00, 0x09, 0xf2, 0xcc, 0x00, 0x0a, 0xf1, 0xcf, 0xcc, 0xff, 0x70, 0xcd, 0x44, 0x5b, 0xf4, 0xcc, 0x00, 0x00, 0xf8, 0xcd, 0x44, 0x48, 0xf7, 0xcf, 0xff, 0xfe, 0x80,
    /* U+0043 */ 0x00, 0x05, 0x88, 0x50, 0x00, 0x1d, 0xff, 0xef, 0xd1, 0x0d, 0xf4, 0x00, 0x38, 0x05, 0xf6, 0x00, 0x00, 0x00, 0x8f, 0x20, 0x00, 0x00, 0x07, 0xf3, 0x00, 0x00, 0x00, 0x2f, 0xb0, 0x00, 0x01, 0x00, 0x9f, 0xb5, 0x4a, 0xf2, 0x00, 0x7e, 0xff, 0xe7, 0x00, 0x00, 0x00, 0x00, 0x00,
    /* U+0044 */ 0x68, 0x88, 0x52, 0x00, 0x0c, 0xff, 0xff, 0xfc, 0x10, 0xcc, 0x00, 0x06, 0xfc, 0x0c, 0xc0, 0x00, 0x08, 0xf3, 0xcc, 0x00, 0x00, 0x4f, 0x6c, 0xc0, 0x00, 0x04, 0xf4, 0xcc, 0x00, 0x00, 0xbf, 0x1c, 0xd4, 0x46, 0xcf, 0x60, 0xcf, 0xff, 0xfb, 0x50, 0x00,
    /* U+0045 */ 0x68, 0x88, 0x88, 0x2c, 0xff, 0xff, 0xf4, 0xcc, 0x00, 0x00, 0x0c, 0xc0, 0x00, 0x00, 0xcf, 0xff, 0xfc, 0x0c, 0xe8, 0x88, 0x60, 0xcc, 0x00, 0x00, 0x0c, 0xd4, 0x44, 0x42, 0xcf, 0xff, 0xff, 0x80,
    /* U+0046 */ 0x68, 0x88, 0x88, 0x2c, 0xff, 0xff, 0xf4, 0xcc, 0x00, 0x00, 0x0c, 0xc0, 0x00, 0x00, 0xce, 0x88, 0x86, 0x0c, 0xfc, 0xcc, 0x90, 0xcc, 0x00, 0x00, 0x0c, 0xc0, 0x00, 0x00, 0xcc, 0x00, 0x00, 0x00,
    /* U+0047 */ 0x00, 0x05, 0x88, 0x50, 0x00, 0x1d, 0xff, 0xef, 0xe3, 0x0d, 0xf4, 0x00, 0x2a, 0x15, 0xf6, 0x00, 0x00, 0x00, 0x8f, 0x20, 0x00, 0x14, 0x17, 0xf3, 0x00, 0x04, 0xf4, 0x2f, 0xb0, 0x00, 0x4f, 0x40, 0x9f, 0xb5, 0x49, 0xf4, 0x00, 0x7e, 0xff, 0xf9, 0x10, 0x00, 0x00, 0x00, 0x00,
    /* U+0048 */ 0x66, 0x00, 0x00, 0x84, 0xcc, 0x00, 0x00, 0xf8, 0xcc, 0x00, 0x00, 0xf8, 0xcc, 0x00, 0x00, 0xf8, 0xcf, 0xff, 0xff, 0xf8, 0xce, 0x88, 0x88, 0xf8, 0xcc, 0x00, 0x00, 0xf8, 0xcc, 0x00, 0x00, 0xf8, 0xcc, 0x00, 0x00, 0xf8,
    /* U+0049 */ 0x66, 0xcc, 0xcc, 0xcc, 0xcc, 0xcc, 0xcc, 0xcc, 0xcc,
    /* U+004A */ 0x02, 0x88, 0x88, 0x20, 0x4f, 0xff, 0xf4, 0x00, 0x00, 0x4f, 0x40, 0x00, 0x04, 0xf4, 0x00, 0x00, 0x4f, 0x40, 0x00, 0x04, 0xf4, 0x00, 0x00, 0x4f, 0x41, 0xd8, 0x4c, 0xf1, 0x08, 0xff, 0xf6, 0x00, 0x00, 0x00, 0x00,
    /* U+004B */ 0x66, 0x00, 0x03, 0x83, 0xcc, 0x00, 0x3f, 0xc0, 0xcc, 0x01, 0xed, 0x10, 0xcc, 0x1d, 0xd1, 0x00, 0xcd, 0xdf, 0x40, 0x00, 0xcf, 0xfe, 0xf1, 0x00, 0xcf, 0x33, 0xfd, 0x00, 0xcc, 0x00, 0x5f, 0xa0, 0xcc, 0x00, 0x06, 0xf6,
    /* U+004C */ 0x66, 0x00, 0x00, 0x0c, 0xc0, 0x00, 0x00, 0xcc, 0x00, 0x00, 0x0c, 0xc0, 0x00, 0x00, 0xcc, 0x00, 0x00, 0x0c, 0xc0, 0x00, 0x00, 0xcc, 0x00, 0x00, 0x0c, 0xd4, 0x44, 0x40, 0xcf, 0xff, 0xff, 0x00,
    /* U+004D */ 0x64, 0x00, 0x00, 0x01, 0x82, 0xcf, 0x10, 0x00, 0x08, 0xf4, 0xcf, 0x90, 0x00, 0x2f, 0xf4, 0xce, 0xf2, 0x00, 0xbf, 0xf4, 0xc8, 0xcc, 0x04, 0xf7, 0xf4, 0xc8, 0x3f, 0x5e, 0x94, 0xf4, 0xc8, 0x09, 0xff, 0x14, 0xf4, 0xc8, 0x01, 0xf6, 0x04, 0xf4, 0xc8, 0x00, 0x00, 0x04, 0xf4,
    /* U+004E */ 0x65, 0x00, 0x00, 0x84, 0xcf, 0x30, 0x00, 0xf8, 0xcf, 0xe1, 0x00, 0xf8, 0xce, 0xfd, 0x00, 0xf8, 0xcc, 0x6f, 0xa0, 0xf8, 0xcc, 0x09, 0xf6, 0xf8, 0xcc, 0x00, 0xcf, 0xf8, 0xcc, 0x00, 0x1d, 0xf8, 0xcc, 0x00, 0x03, 0xf8,
    /* U+004F */ 0x00, 0x05, 0x88, 0x50, 0x00, 0x01, 0xdf, 0xee, 0xfe, 0x30, 0x0d, 0xf4, 0x00, 0x4f, 0xe1, 0x5f, 0x60, 0x00, 0x05, 0xf6, 0x8f, 0x20, 0x00, 0x00, 0xf8, 0x7f, 0x30, 0x00, 0x01, 0xf8, 0x2f, 0xb0, 0x00, 0x08, 0xf4, 0x09, 0xfb, 0x54, 0xaf, 0xa0, 0x00, 0x7e, 0xff, 0xf8, 0x00, 0x00, 0x00, 0x00, 0x00, 0x00,
    /* U+0050 */ 0x68, 0x88, 0x51, 0x00, 0xcf, 0xff, 0xff, 0x60, 0xcc, 0x00, 0x1d, 0xf0, 0xcc, 0x00, 0x08, 0xf4, 0xcc, 0x00, 0x0b, 0xf0, 0xcf, 0xcc, 0xef, 0x60, 0xce, 0x88, 0x83, 0x00, 0xcc, 0x00, 0x00, 0x00, 0xcc, 0x00, 0x00, 0x00,
    /* U+0051 */ 0x00, 0x05, 0x88, 0x50, 0x00, 0x01, 0xdf, 0xee, 0xfe, 0x30, 0x0d, 0xf4, 0x00, 0x4f, 0xe1, 0x5f, 0x60, 0x00, 0x05, 0xf6, 0x8f, 0x20, 0x00, 0x00, 0xf8, 0x7f, 0x30, 0x00, 0x01, 0xf8, 0x2f, 0xb0, 0x00, 0x08, 0xf4, 0x09, 0xfb, 0x54, 0xaf, 0xa0, 0x00, 0x7e, 0xff, 0xf8, 0x00, 0x00, 0x00, 0x3e, 0xe6, 0x9a, 0x00, 0x00, 0x01, 0xac, 0xc5,
    /* U+0052 */ 0x68, 0x88, 0x51, 0x00, 0xcf, 0xff, 0xff, 0x60, 0xcc, 0x00, 0x1d, 0xf0, 0xcc, 0x00, 0x08, 0xf4, 0xcc, 0x00, 0x0b, 0xf0, 0xcf, 0xcc, 0xef, 0x60, 0xce, 0x88, 0xfb, 0x00, 0xcc, 0x00, 0x7f, 0x40, 0xcc, 0x00, 0x0c, 0xe1,
    /* U+0053 */ 0x00, 0x58, 0x85, 0x00, 0x0d, 0xfc, 0xdf, 0x90, 0x5f, 0x50, 0x01, 0x20, 0x5f, 0x80, 0x00, 0x00, 0x0c, 0xff, 0xc7, 0x10, 0x00, 0x37, 0xbf, 0xd0, 0x00, 0x00, 0x09, 0xf1, 0x5c, 0x64, 0x4d, 0xf0, 0x3b, 0xff, 0xfd, 0x30, 0x00, 0x00, 0x00, 0x00,
    /* U+0054 */ 0x88, 0x88, 0x88, 0x82, 0xff, 0xff, 0xff, 0xf4, 0x00, 0x4f, 0x80, 0x00, 0x00, 0x4f, 0x80, 0x00, 0x00, 0x4f, 0x80, 0x00, 0x00, 0x4f, 0x80, 0x00, 0x00, 0x4f, 0x80, 0x00, 0x00, 0x4f, 0x80, 0x00, 0x00, 0x4f, 0x80, 0x00,
    /* U+0055 */ 0x84, 0x00, 0x00, 0x84, 0xf8, 0x00, 0x00, 0xf8, 0xf8, 0x00, 0x00, 0xf8, 0xf8, 0x00, 0x00, 0xf8, 0xf8, 0x00, 0x00, 0xf8, 0xfa, 0x00, 0x03, 0xf8, 0xdd, 0x00, 0x05, 0xf4, 0x8f, 0xb4, 0x6f, 0xe0, 0x08, 0xff, 0xfc, 0x30, 0x00, 0x00, 0x00, 0x00,
    /* U+0056 */ 0x08, 0x60, 0x00, 0x00, 0x66, 0x0a, 0xf1, 0x00, 0x02, 0xf6, 0x04, 0xf7, 0x00, 0x0a, 0xf1, 0x00, 0xde, 0x00, 0x1f, 0x90, 0x00, 0x6f, 0x50, 0x7f, 0x20, 0x00, 0x0e, 0xc0, 0xea, 0x00, 0x00, 0x08, 0xf7, 0xf4, 0x00, 0x00, 0x01, 0xff, 0xd0, 0x00, 0x00, 0x00, 0xaf, 0x60, 0x00,
    /* U+0057 */ 0x58, 0x00, 0x00, 0x76, 0x00, 0x01, 0x83, 0x6f, 0x30, 0x02, 0xff, 0x00, 0x06, 0xf2, 0x1f, 0x90, 0x07, 0xff, 0x50, 0x0b, 0xd0, 0x0b, 0xe0, 0x0d, 0xae, 0xa0, 0x1f, 0x70, 0x06, 0xf3, 0x2f, 0x59, 0xf0, 0x6f, 0x20, 0x01, 0xf9, 0x7f, 0x03, 0xf5, 0xbd, 0x00, 0x00, 0xbe, 0xda, 0x00, 0xeb, 0xf7, 0x00, 0x00, 0x6f, 0xf5, 0x00, 0x9f, 0xf2, 0x00, 0x00, 0x1f, 0xf0, 0x00, 0x3f, 0xd0, 0x00,
    /* U+0058 */ 0x58, 0x10, 0x00, 0x77, 0x02, 0xfb, 0x00, 0x5f, 0x50, 0x06, 0xf7, 0x2f, 0xa0, 0x00, 0x0b, 0xfd, 0xe1, 0x00, 0x00, 0x1f, 0xf4, 0x00, 0x00, 0x05, 0xff, 0xb0, 0x00, 0x02, 0xfb, 0x6f, 0x70, 0x00, 0xde, 0x10, 0xbf, 0x30, 0x8f, 0x40, 0x01, 0xed, 0x10,
    /* U+0059 */ 0x08, 0x50, 0x00, 0x05, 0x70, 0x09, 0xf2, 0x00, 0x1f, 0x80, 0x01, 0xfc, 0x00, 0xbe, 0x00, 0x00, 0x6f, 0x54, 0xf4, 0x00, 0x00, 0x0c, 0xee, 0xb0, 0x00, 0x00, 0x02, 0xff, 0x20, 0x00, 0x00, 0x00, 0xcc, 0x00, 0x00, 0x00, 0x00, 0xcc, 0x00, 0x00, 0x00, 0x00, 0xcc, 0x00, 0x00,
    /* U+005A */ 0x48, 0x88, 0x88, 0x84, 0x8f, 0xff, 0xff, 0xf7, 0x00, 0x00, 0x2f, 0xd0, 0x00, 0x01, 0xdf, 0x10, 0x00, 0x0a, 0xf3, 0x00, 0x00, 0x8f, 0x60, 0x00, 0x05, 0xf8, 0x00, 0x00, 0x3f, 0xd4, 0x44, 0x43, 0x8f, 0xff, 0xff, 0xfc,
    /* U+005B */ 0xcf, 0xfc, 0xd4, 0xcc, 0x0c, 0xc0, 0xcc, 0x0c, 0xc0, 0xcc, 0x0c, 0xc0, 0xcc, 0x0c, 0xc0, 0xcf, 0xc3, 0x44,
    /* U+005C */ 0x00, 0x00, 0x00, 0x5f, 0x10, 0x00, 0x0e, 0x70, 0x00, 0x09, 0xd0, 0x00, 0x03, 0xf2, 0x00, 0x00, 0xe7, 0x00, 0x00, 0x9d, 0x00, 0x00, 0x2f, 0x30, 0x00, 0x0d, 0x90, 0x00, 0x07, 0xe0, 0x00, 0x02, 0xf3, 0x00, 0x00, 0xd9, 0x00, 0x00, 0x23,
    /* U+005D */ 0xcf, 0xf0, 0x3a, 0xf0, 0x08, 0xf0, 0x08, 0xf0, 0x08, 0xf0, 0x08, 0xf0, 0x08, 0xf0, 0x08, 0xf0, 0x08, 0xf0, 0x08, 0xf0, 0x9e, 0xf0, 0x34, 0x40,
    /* U+005E */ 0x00, 0x2c, 0x40, 0x00, 0x0a, 0xfa, 0x00, 0x01, 0xf3, 0xf2, 0x00, 0x7b, 0x0a, 0x80, 0x0e, 0x50, 0x3f, 0x01, 0x40, 0x00, 0x41,
    /* U+005F */ 0xff, 0xff, 0xff,
    /* U+0060 */ 0x5f, 0x60, 0x02, 0xb3,
    /* U+0061 */ 0x02, 0x78, 0x61, 0x01, 0xfe, 0xcf, 0xd0, 0x02, 0x00, 0x5f, 0x40, 0x6c, 0xcd, 0xf4, 0x6f, 0x74, 0x7f, 0x47, 0xf3, 0x08, 0xf4, 0x1c, 0xff, 0x9f, 0x40, 0x00, 0x00, 0x00,
    /* U+0062 */ 0x0f, 0x80, 0x00, 0x00, 0x0f, 0x80, 0x00, 0x00, 0x0f, 0x85, 0x86, 0x00, 0x0f, 0xff, 0xcf, 0xd1, 0x0f, 0xe1, 0x03, 0xf9, 0x0f, 0x80, 0x00, 0xcc, 0x0f, 0x90, 0x00, 0xec, 0x0f, 0xf7, 0x4a, 0xf6, 0x0f, 0xce, 0xff, 0x80, 0x00, 0x00, 0x00, 0x00,
    /* U+0063 */ 0x00, 0x38, 0x72, 0x00, 0xaf, 0xde, 0xf5, 0x4f, 0x70, 0x07, 0x28, 0xf0, 0x00, 0x00, 0x8f, 0x10, 0x00, 0x02, 0xfd, 0x45, 0xe6, 0x03, 0xdf, 0xfc, 0x10, 0x00, 0x00, 0x00,
    /* U+0064 */ 0x00, 0x00, 0x04, 0xf4, 0x00, 0x00, 0x04, 0xf4, 0x00, 0x48, 0x65, 0xf4, 0x0a, 0xfd, 0xef, 0xf4, 0x5f, 0x70, 0x0b, 0xf4, 0x8f, 0x00, 0x04, 0xf4, 0x8f, 0x10, 0x05, 0xf4, 0x2f, 0xd4, 0x5f, 0xf4, 0x05, 0xef, 0xfb, 0xf4, 0x00, 0x00, 0x00, 0x00,
    /* U+0065 */ 0x00, 0x48, 0x71, 0x00, 0x0a, 0xfc, 0xef, 0x30, 0x5f, 0x40, 0x0c, 0xc0, 0x8f, 0xcc, 0xce, 0xf0, 0x8f, 0x54, 0x44, 0x40, 0x2f, 0xb4, 0x4a, 0x30, 0x03, 0xdf, 0xfd, 0x30, 0x00, 0x00, 0x00, 0x00,
    /* U+0066 */ 0x03, 0xdf, 0xa0, 0xbe, 0x43, 0x3d, 0xd4, 0x29, 0xff, 0xc6, 0x0c, 0xc0, 0x00, 0xcc, 0x00, 0x0c, 0xc0, 0x00, 0xcc, 0x00, 0x0c, 0xc0, 0x00,
    /* U+0067 */ 0x00, 0x58, 0x61, 0x82, 0x0a, 0xfd, 0xed, 0xf4, 0x6f, 0x60, 0x09, 0xf4, 0x8f, 0x00, 0x04, 0xf4, 0x7f, 0x30, 0x06, 0xf4, 0x1d, 0xf9, 0xaf, 0xf4, 0x01, 0x7c, 0xa7, 0xf4, 0x05, 0x10, 0x09, 0xf2, 0x1f, 0xfe, 0xff, 0x80, 0x00, 0x47, 0x62, 0x00,
    /* U+0068 */ 0x0f, 0x80, 0x00, 0x00, 0x0f, 0x80, 0x00, 0x00, 0x0f, 0x85, 0x86, 0x00, 0x0f, 0xff, 0xdf, 0xd0, 0x0f, 0xe1, 0x07, 0xf3, 0x0f, 0x80, 0x04, 0xf4, 0x0f, 0x80, 0x04, 0xf4, 0x0f, 0x80, 0x04, 0xf4, 0x0f, 0x80, 0x04, 0xf4,
    /* U+0069 */ 0x03, 0x13, 0xfb, 0x07, 0x30, 0x84, 0x0f, 0x80, 0xf8, 0x0f, 0x80, 0xf8, 0x0f, 0x80, 0xf8,
    /* U+006A */ 0x00, 0x03, 0x10, 0x02, 0xfb, 0x00, 0x07, 0x30, 0x00, 0x84, 0x00, 0x0f, 0x80, 0x00, 0xf8, 0x00, 0x0f, 0x80, 0x00, 0xf8, 0x00, 0x0f, 0x80, 0x00, 0xf8, 0x00, 0x1f, 0x80, 0xde, 0xf3, 0x05, 0x72, 0x00,
    /* U+006B */ 0x0f, 0x80, 0x00, 0x00, 0x0f, 0x80, 0x00, 0x00, 0x0f, 0x80, 0x05, 0x81, 0x0f, 0x80, 0x6f, 0x60, 0x0f, 0x86, 0xf6, 0x00, 0x0f, 0xff, 0xe1, 0x00, 0x0f, 0xf8, 0xfb, 0x00, 0x0f, 0x90, 0x6f, 0x70, 0x0f, 0x80, 0x0a, 0xf4,
    /* U+006C */ 0x0f, 0x80, 0xf8, 0x0f, 0x80, 0xf8, 0x0f, 0x80, 0xf8, 0x0f, 0x80, 0xf8, 0x0f, 0x80,
    /* U+006D */ 0x08, 0x45, 0x85, 0x02, 0x78, 0x20, 0x0f, 0xff, 0xef, 0xcf, 0xdf, 0xf4, 0x0f, 0xd1, 0x0b, 0xf7, 0x01, 0xfa, 0x0f, 0x80, 0x08, 0xf1, 0x00, 0xcc, 0x0f, 0x80, 0x08, 0xf0, 0x00, 0xcc, 0x0f, 0x80, 0x08, 0xf0, 0x00, 0xcc, 0x0f, 0x80, 0x08, 0xf0, 0x00, 0xcc,
    /* U+006E */ 0x08, 0x45, 0x86, 0x00, 0x0f, 0xff, 0xdf, 0xd0, 0x0f, 0xe1, 0x07, 0xf3, 0x0f, 0x80, 0x04, 0xf4, 0x0f, 0x80, 0x04, 0xf4, 0x0f, 0x80, 0x04, 0xf4, 0x0f, 0x80, 0x04, 0xf4,
    /* U+006F */ 0x00, 0x38, 0x72, 0x00, 0x0a, 0xfd, 0xef, 0x60, 0x4f, 0x70, 0x0b, 0xf1, 0x8f, 0x00, 0x04, 0xf4, 0x8f, 0x10, 0x05, 0xf3, 0x2f, 0xd4, 0x5f, 0xd0, 0x03, 0xef, 0xfc, 0x10, 0x00, 0x00, 0x00, 0x00,
    /* U+0070 */ 0x08, 0x45, 0x86, 0x00, 0x0f, 0xff, 0xcf, 0xd1, 0x0f, 0xe1, 0x03, 0xf9, 0x0f, 0x80, 0x00, 0xcc, 0x0f, 0x90, 0x00, 0xec, 0x0f, 0xf7, 0x4a, 0xf6, 0x0f, 0xbe, 0xff, 0x80, 0x0f, 0x80, 0x00, 0x00, 0x0f, 0x80, 0x00, 0x00, 0x04, 0x20, 0x00, 0x00,
    /* U+0071 */ 0x00, 0x48, 0x63, 0x82, 0x0a, 0xfd, 0xef, 0xf4, 0x5f, 0x70, 0x0b, 0xf4, 0x8f, 0x00, 0x04, 0xf4, 0x8f, 0x10, 0x05, 0xf4, 0x2f, 0xd4, 0x5f, 0xf4, 0x05, 0xef, 0xfa, 0xf4, 0x00, 0x00, 0x04, 0xf4, 0x00, 0x00, 0x04, 0xf4, 0x00, 0x00, 0x01, 0x41,
    /* U+0072 */ 0x08, 0x45, 0x60, 0xff, 0xfc, 0x0f, 0xe1, 0x00, 0xf8, 0x00, 0x0f, 0x80, 0x00, 0xf8, 0x00, 0x0f, 0x80, 0x00,
    /* U+0073 */ 0x02, 0x78, 0x51, 0x4f, 0xdc, 0xf8, 0x8f, 0x00, 0x01, 0x4f, 0xfc, 0x81, 0x02, 0x68, 0xfb, 0x47, 0x44, 0xcc, 0x7e, 0xff, 0xe3, 0x00, 0x00, 0x00,
    /* U+0074 */ 0x09, 0x90, 0x03, 0xdd, 0x42, 0x9f, 0xfc, 0x60, 0xcc, 0x00, 0x0c, 0xc0, 0x00, 0xcc, 0x00, 0x0c, 0xe4, 0x30, 0x5f, 0xfb, 0x00, 0x00, 0x00,
    /* U+0075 */ 0x08, 0x40, 0x02, 0x82, 0x0f, 0x80, 0x04, 0xf4, 0x0f, 0x80, 0x04, 0xf4, 0x0f, 0x80, 0x04, 0xf4, 0x0f, 0x80, 0x06, 0xf4, 0x0e, 0xe5, 0x5f, 0xf4, 0x03, 0xef, 0xfa, 0xf4, 0x00, 0x00, 0x00, 0x00,
    /* U+0076 */ 0x08, 0x40, 0x00, 0x47, 0x0a, 0xe0, 0x00, 0xea, 0x04, 0xf5, 0x04, 0xf2, 0x00, 0xdc, 0x0b, 0xc0, 0x00, 0x6f, 0x4f, 0x50, 0x00, 0x0f, 0xfe, 0x00, 0x00, 0x08, 0xf7, 0x00,
    /* U+0077 */ 0x74, 0x00, 0x18, 0x20, 0x03, 0x8a, 0xd0, 0x06, 0xf8, 0x00, 0xba, 0x4f, 0x20, 0xdf, 0xe0, 0x1f, 0x50, 0xe8, 0x2f, 0x4f, 0x36, 0xe0, 0x09, 0xe9, 0xd0, 0xca, 0xd9, 0x00, 0x2f, 0xf6, 0x06, 0xff, 0x20, 0x00, 0xdf, 0x10, 0x1f, 0xd0, 0x00,
    /* U+0078 */ 0x58, 0x00, 0x18, 0x43, 0xf9, 0x0a, 0xe1, 0x05, 0xfa, 0xf3, 0x00, 0x0a, 0xf7, 0x00, 0x01, 0xff, 0xd1, 0x00, 0xcd, 0x3f, 0xa0, 0x8f, 0x30, 0x5f, 0x60,
    /* U+0079 */ 0x08, 0x40, 0x00, 0x47, 0x0a, 0xe0, 0x00, 0xea, 0x04, 0xf5, 0x04, 0xf2, 0x00, 0xdc, 0x0b, 0xc0, 0x00, 0x6f, 0x4f, 0x50, 0x00, 0x0e, 0xfe, 0x00, 0x00, 0x08, 0xf6, 0x00, 0x01, 0x08, 0xf1, 0x00, 0x1f, 0xef, 0x60, 0x00, 0x03, 0x83, 0x00, 0x00,
    /* U+007A */ 0x48, 0x88, 0x88, 0x6c, 0xcc, 0xfd, 0x00, 0x0a, 0xf3, 0x00, 0x7f, 0x40, 0x04, 0xf7, 0x00, 0x3f, 0xd4, 0x44, 0x8f, 0xff, 0xff,
    /* U+007B */ 0x00, 0xaf, 0x40, 0x5f, 0x81, 0x08, 0xf0, 0x00, 0x8f, 0x00, 0x08, 0xf0, 0x04, 0xfd, 0x00, 0x1b, 0xf0, 0x00, 0x8f, 0x00, 0x08, 0xf0, 0x00, 0x7f, 0x20, 0x02, 0xff, 0x30, 0x02, 0x41,
    /* U+007C */ 0xc8, 0xc8, 0xc8, 0xc8, 0xc8, 0xc8, 0xc8, 0xc8, 0xc8, 0xc8, 0xc8, 0x32,
    /* U+007D */ 0xcd, 0x30, 0x3e, 0xc0, 0x0c, 0xc0, 0x0c, 0xc0, 0x0b, 0xd0, 0x06, 0xfc, 0x0a, 0xf4, 0x0c, 0xc0, 0x0c, 0xc0, 0x0c, 0xc0, 0xbf, 0x90, 0x34, 0x00,
    /* U+007E */ 0x02, 0x41, 0x02, 0x21, 0xfd, 0xd5, 0xc6, 0x39, 0x07, 0xeb, 0x10,
    /* U+00A1 */ 0x07, 0x34, 0xf8, 0x04, 0x10, 0x82, 0x0f, 0x40, 0xf7, 0x0f, 0x83, 0xf8, 0x3c, 0x60,
    /* U+00A2 */ 0x00, 0x09, 0x30, 0x00, 0x03, 0xe9, 0x20, 0x0a, 0xff, 0xff, 0x54, 0xf7, 0xc4, 0x72, 0x8f, 0x0c, 0x40, 0x08, 0xf1, 0xc4, 0x00, 0x2f, 0xdd, 0x8e, 0x60, 0x3e, 0xff, 0xc1, 0x00, 0x0c, 0x40, 0x00, 0x00, 0x62, 0x00,
    /* U+00A3 */ 0x00, 0x03, 0x88, 0x72, 0x00, 0x8f, 0xfd, 0xf9, 0x02, 0xfa, 0x00, 0x11, 0x06, 0xf4, 0x00, 0x00, 0x9e, 0xfd, 0xcc, 0x30, 0x3a, 0xf7, 0x44, 0x10, 0x08, 0xf4, 0x00, 0x00, 0x3a, 0xf7, 0x44, 0x42, 0xcf, 0xff, 0xff, 0xf8,
    /* U+00A4 */ 0x15, 0x00, 0x00, 0x15, 0x05, 0xfa, 0xff, 0xbd, 0xd0, 0x0a, 0xf6, 0x4b, 0xf2, 0x00, 0xf5, 0x00, 0x0e, 0x50, 0x0f, 0x40, 0x00, 0xd7, 0x00, 0xbd, 0x10, 0x7f, 0x20, 0x3f, 0xff, 0xff, 0xf6, 0x06, 0xc1, 0x34, 0x16, 0xb0, 0x00, 0x00, 0x00, 0x00, 0x00,
    /* U+00A5 */ 0x08, 0x50, 0x00, 0x00, 0x75, 0x08, 0xf3, 0x00, 0x07, 0xf3, 0x00, 0xcd, 0x10, 0x3f, 0x70, 0x00, 0x2f, 0x90, 0xdc, 0x00, 0x00, 0x06, 0xfc, 0xf1, 0x00, 0x00, 0x9c, 0xff, 0xec, 0x60, 0x00, 0x00, 0x8f, 0x00, 0x00, 0x00, 0x9c, 0xef, 0xcc, 0x60, 0x00, 0x00, 0x8f, 0x00, 0x00,
    /* U+00A6 */ 0xc8, 0xc8, 0xc8, 0xc8, 0x32, 0x00, 0x00, 0x96, 0xc8, 0xc8, 0xc8, 0x32,
    /* U+00A7 */ 0x01, 0x68, 0x62, 0x1f, 0xdc, 0xda, 0x4f, 0x00, 0x01, 0x2f, 0xe9, 0x40, 0x6f, 0x8a, 0xf8, 0x8d, 0x00, 0xac, 0x3f, 0xeb, 0xf5, 0x00, 0x59, 0xf5, 0x32, 0x01, 0xe8, 0x8f, 0xff, 0xe1, 0x02, 0x44, 0x00,
    /* U+00A8 */ 0x2c, 0x1b, 0x51, 0x80, 0x73,
    /* U+00A9 */ 0x00, 0x03, 0x86, 0x20, 0x00, 0x1c, 0x74, 0x5b, 0x80, 0x0c, 0x14, 0xa9, 0x27, 0x55, 0x74, 0xf7, 0x99, 0x0b, 0x84, 0xa9, 0x00, 0x00, 0xc7, 0x49, 0xb0, 0x12, 0x0b, 0x2a, 0x1d, 0xde, 0x92, 0xa0, 0x87, 0x04, 0x32, 0xc2, 0x00, 0x6c, 0xcc, 0xa2, 0x00, 0x00, 0x00, 0x00, 0x00,
    /* U+00AA */ 0x4c, 0xdc, 0x01, 0x44, 0xf3, 0x7b, 0x4e, 0x45, 0xdb, 0xe4,
    /* U+00AB */ 0x00, 0x83, 0x47, 0x00, 0x9d, 0x2f, 0x50, 0x4f, 0x3c, 0xa0, 0x01, 0xf7, 0x8e, 0x10, 0x04, 0xf3, 0xca, 0x00, 0x00, 0x00, 0x00,
    /* U+00AC */ 0x3c, 0xcc, 0xcc, 0x32, 0x88, 0x88, 0xf4, 0x00, 0x00, 0x0f, 0x40, 0x00, 0x00, 0x82,
    /* U+00AD */ 0x4f, 0xff, 0x14, 0x44,
    /* U+00AE */ 0x00, 0x03, 0x86, 0x20, 0x00, 0x1c, 0x74, 0x5b, 0x80, 0x0c, 0x18, 0x88, 0x27, 0x55, 0x70, 0xf4, 0x7e, 0x0b, 0x84, 0x0f, 0x04, 0xe0, 0xc7, 0x40, 0xfc, 0xf4, 0x0b, 0x2a, 0x0f, 0x07, 0xa2, 0xa0, 0x87, 0x40, 0x06, 0xc2, 0x00, 0x6c, 0xcc, 0xa2, 0x00, 0x00, 0x00, 0x00, 0x00,
    /* U+00AF */ 0x48, 0x88, 0x62, 0x44, 0x43,
    /* U+00B0 */ 0x04, 0x84, 0x04, 0xd4, 0xd4, 0x84, 0x04, 0x84, 0xd4, 0xd4, 0x04, 0x84, 0x00,
    /* U+00B1 */ 0x00, 0x08, 0x20, 0x00, 0x00, 0xf4, 0x00, 0x28, 0x8f, 0xa8, 0x22, 0x88, 0xfa, 0x82, 0x00, 0x0f, 0x40, 0x00, 0x00, 0xc3, 0x00, 0x14, 0x44, 0x44, 0x14, 0xff, 0xff, 0xf4,
    /* U+00B2 */ 0x5e, 0xfc, 0x12, 0x20, 0xd6, 0x00, 0x6f, 0x10, 0x6d, 0x10, 0x7f, 0xdc, 0x60, 0x00, 0x00,
    /* U+00B3 */ 0x8f, 0xff, 0x70, 0x06, 0xa0, 0x03, 0xfc, 0x30, 0x00, 0x8b, 0x9e, 0xce, 0x50, 0x14, 0x00,
    /* U+00B4 */ 0x03, 0xf7, 0x1b, 0x40,
    /* U+00B5 */ 0x08, 0x40, 0x02, 0x82, 0x0f, 0x80, 0x04, 0xf4, 0x0f, 0x80, 0x04, 0xf4, 0x0f, 0x80, 0x04, 0xf4, 0x0f, 0x80, 0x05, 0xf4, 0x0f, 0xf5, 0x5d, 0xf4, 0x0f, 0xef, 0xfc, 0xf4, 0x0f, 0x80, 0x00, 0x00, 0x0f, 0x80, 0x00, 0x00, 0x04, 0x20, 0x00, 0x00,
    /* U+00B6 */ 0x1a, 0xef, 0xff, 0xca, 0xff, 0xf4, 0x7c, 0xcf, 0xff, 0x04, 0xc7, 0xff, 0xf0, 0x4c, 0x04, 0xaf, 0x04, 0xc0, 0x04, 0xf0, 0x4c, 0x00, 0x4f, 0x04, 0xc0, 0x04, 0xf0, 0x4c, 0x00, 0x4f, 0x04, 0xc0, 0x04, 0xf0, 0x4c, 0x00, 0x14, 0x01, 0x30,
    /* U+00B7 */ 0x04, 0x14, 0xfb, 0x1a, 0x40,
    /* U+00B8 */ 0x00, 0x00, 0xf2, 0x27, 0xd8, 0xc5,
    /* U+00B9 */ 0x0f, 0xf4, 0x00, 0x0c, 0x40, 0x00, 0xc4, 0x00, 0x0c, 0x40, 0x0c, 0xfd, 0x60, 0x00, 0x00,
    /* U+00BA */ 0x1c, 0xec, 0x3a, 0x80, 0x7b, 0x99, 0x07, 0xa1, 0xbf, 0xb1,
    /* U+00BB */ 0x37, 0x07, 0x30, 0x1e, 0x87, 0xf1, 0x03, 0xf2, 0xba, 0x08, 0xe2, 0xf6, 0x3f, 0x3b, 0xb0, 0x00, 0x00, 0x00,
    /* U+00BC */ 0x08, 0x82, 0x00, 0x00, 0x55, 0x00, 0x00, 0x8e, 0x40, 0x00, 0x2e, 0x20, 0x00, 0x00, 0xc4, 0x00, 0x0c, 0x70, 0x00, 0x00, 0x0c, 0x40, 0x07, 0xb0, 0x00, 0x00, 0x04, 0xd7, 0x23, 0xf1, 0x08, 0xb0, 0x00, 0x88, 0x84, 0xd5, 0x04, 0xe1, 0x00, 0x00, 0x00, 0x8b, 0x01, 0xf3, 0xc4, 0x00, 0x00, 0x3f, 0x10, 0x8f, 0xff, 0xf4, 0x00, 0x1d, 0x40, 0x00, 0x00, 0xc4, 0x00,
    /* U+00BD */ 0x08, 0x82, 0x00, 0x00, 0x55, 0x00, 0x08, 0xe4, 0x00, 0x02, 0xe2, 0x00, 0x00, 0xc4, 0x00, 0x0c, 0x70, 0x00, 0x00, 0xc4, 0x00, 0x7b, 0x00, 0x00, 0x04, 0xd7, 0x23, 0xf3, 0xed, 0xf5, 0x08, 0x88, 0x4d, 0x50, 0x20, 0x8c, 0x00, 0x00, 0x8b, 0x00, 0x03, 0xe4, 0x00, 0x03, 0xf1, 0x00, 0x4e, 0x30, 0x00, 0x1d, 0x40, 0x03, 0xfe, 0xcc,
    /* U+00BE */ 0x48, 0x88, 0x40, 0x00, 0x55, 0x00, 0x04, 0x89, 0xf3, 0x00, 0x2e, 0x20, 0x00, 0x01, 0xd7, 0x00, 0x0c, 0x70, 0x00, 0x00, 0x28, 0xc8, 0x07, 0xb0, 0x00, 0x00, 0x56, 0x4b, 0xa3, 0xf1, 0x08, 0xb0, 0x04, 0x9c, 0x71, 0xd5, 0x04, 0xe1, 0x00, 0x00, 0x00, 0x8b, 0x01, 0xf3, 0xc4, 0x00, 0x00, 0x3f, 0x10, 0x8f, 0xff, 0xf4, 0x00, 0x1d, 0x40, 0x00, 0x00, 0xc4, 0x00,
    /* U+00BF */ 0x00, 0x18, 0x10, 0x00, 0x06, 0xf8, 0x00, 0x00, 0x14, 0x10, 0x00, 0x02, 0x82, 0x00, 0x01, 0xde, 0x10, 0x00, 0xdd, 0x20, 0x00, 0x4f, 0x50, 0x01, 0x02, 0xfd, 0x57, 0xe9, 0x05, 0xdf, 0xfa, 0x10,
    /* U+00C0 */ 0x00, 0x05, 0xc3, 0x00, 0x00, 0x00, 0x00, 0x06, 0xe3, 0x00, 0x00, 0x00, 0x00, 0x38, 0x30, 0x00, 0x00, 0x00, 0x0b, 0xfa, 0x00, 0x00, 0x00, 0x02, 0xfc, 0xf2, 0x00, 0x00, 0x00, 0xae, 0x0f, 0x90, 0x00, 0x00, 0x1f, 0x80, 0x8f, 0x10, 0x00, 0x08, 0xf5, 0x46, 0xf8, 0x00, 0x00, 0xff, 0xff, 0xff, 0xe0, 0x00, 0x6f, 0x30, 0x00, 0x4f, 0x60, 0x0e, 0xc0, 0x00, 0x00, 0xde, 0x00,
    /* U+00C1 */ 0x00, 0x00, 0x03, 0xc5, 0x00, 0x00, 0x00, 0x03, 0xe6, 0x00, 0x00, 0x00, 0x00, 0x38, 0x30, 0x00, 0x00, 0x00, 0x0b, 0xfa, 0x00, 0x00, 0x00, 0x02, 0xfc, 0xf2, 0x00, 0x00, 0x00, 0xae, 0x0f, 0x90, 0x00, 0x00, 0x1f, 0x80, 0x8f, 0x10, 0x00, 0x08, 0xf5, 0x46, 0xf8, 0x00, 0x00, 0xff, 0xff, 0xff, 0xe0, 0x00, 0x6f, 0x30, 0x00, 0x4f, 0x60, 0x0e, 0xc0, 0x00, 0x00, 0xde, 0x00,
    /* U+00C2 */ 0x00, 0x00, 0x6c, 0x60, 0x00, 0x00, 0x00, 0x6d, 0x3d, 0x60, 0x00, 0x00, 0x00, 0x38, 0x30, 0x00, 0x00, 0x00, 0x0b, 0xfa, 0x00, 0x00, 0x00, 0x02, 0xfc, 0xf2, 0x00, 0x00, 0x00, 0xae, 0x0f, 0x90, 0x00, 0x00, 0x1f, 0x80, 0x8f, 0x10, 0x00, 0x08, 0xf5, 0x46, 0xf8, 0x00, 0x00, 0xff, 0xff, 0xff, 0xe0, 0x00, 0x6f, 0x30, 0x00, 0x4f, 0x60, 0x0e, 0xc0, 0x00, 0x00, 0xde, 0x00,
    /* U+00C3 */ 0x00, 0x03, 0xc7, 0x37, 0x00, 0x00, 0x00, 0x76, 0x9f, 0x40, 0x00, 0x00, 0x00, 0x38, 0x30, 0x00, 0x00, 0x00, 0x0b, 0xfa, 0x00, 0x00, 0x00, 0x02, 0xfc, 0xf2, 0x00, 0x00, 0x00, 0xae, 0x0f, 0x90, 0x00, 0x00, 0x1f, 0x80, 0x8f, 0x10, 0x00, 0x08, 0xf5, 0x46, 0xf8, 0x00, 0x00, 0xff, 0xff, 0xff, 0xe0, 0x00, 0x6f, 0x30, 0x00, 0x4f, 0x60, 0x0e, 0xc0, 0x00, 0x00, 0xde, 0x00,
    /* U+00C4 */ 0x00, 0x03, 0xa0, 0xa2, 0x00, 0x00, 0x00, 0x4b, 0x0b, 0x20, 0x00, 0x00, 0x00, 0x38, 0x30, 0x00, 0x00, 0x00, 0x0b, 0xfa, 0x00, 0x00, 0x00, 0x02, 0xfc, 0xf2, 0x00, 0x00, 0x00, 0xae, 0x0f, 0x90, 0x00, 0x00, 0x1f, 0x80, 0x8f, 0x10, 0x00, 0x08, 0xf5, 0x46, 0xf8, 0x00, 0x00, 0xff, 0xff, 0xff, 0xe0, 0x00, 0x6f, 0x30, 0x00, 0x4f, 0x60, 0x0e, 0xc0, 0x00, 0x00, 0xde, 0x00,
    /* U+00C5 */ 0x00, 0x00, 0x68, 0x60, 0x00, 0x00, 0x00, 0x0a, 0x09, 0x00, 0x00, 0x00, 0x00, 0x6a, 0x60, 0x00, 0x00, 0x00, 0x03, 0x83, 0x00, 0x00, 0x00, 0x00, 0xbf, 0xa0, 0x00, 0x00, 0x00, 0x2f, 0xcf, 0x20, 0x00, 0x00, 0x0a, 0xe0, 0xf9, 0x00, 0x00, 0x01, 0xf8, 0x08, 0xf1, 0x00, 0x00, 0x8f, 0x54, 0x6f, 0x80, 0x00, 0x0f, 0xff, 0xff, 0xfe, 0x00, 0x06, 0xf3, 0x00, 0x04, 0xf6, 0x00, 0xec, 0x00, 0x00, 0x0d, 0xe0,
    /* U+00C6 */ 0x00, 0x00, 0x02, 0x88, 0x88, 0x88, 0x80, 0x00, 0x00, 0x0c, 0xff, 0xff, 0xff, 0xf0, 0x00, 0x00, 0x4f, 0x8f, 0x80, 0x00, 0x00, 0x00, 0x00, 0xeb, 0x4f, 0x80, 0x00, 0x00, 0x00, 0x08, 0xf2, 0x4f, 0xff, 0xff, 0x80, 0x00, 0x1f, 0xb4, 0x7f, 0xc8, 0x88, 0x40, 0x00, 0xaf, 0xff, 0xff, 0x80, 0x00, 0x00, 0x03, 0xf6, 0x00, 0x4f, 0xa4, 0x44, 0x41, 0x0c, 0xd0, 0x00, 0x4f, 0xff, 0xff, 0xf4,
    /* U+00C7 */ 0x00, 0x05, 0x88, 0x50, 0x00, 0x1d, 0xff, 0xef, 0xd1, 0x0d, 0xf4, 0x00, 0x38, 0x05, 0xf6, 0x00, 0x00, 0x00, 0x8f, 0x20, 0x00, 0x00, 0x07, 0xf3, 0x00, 0x00, 0x00, 0x2f, 0xb0, 0x00, 0x01, 0x00, 0x9f, 0xb5, 0x4a, 0xf2, 0x00, 0x7e, 0xff, 0xe7, 0x00, 0x00, 0x0c, 0x50, 0x00, 0x00, 0x01, 0x4f, 0x00, 0x00, 0x00, 0x5c, 0x80, 0x00,
    /* U+00C8 */ 0x09, 0xb1, 0x00, 0x00, 0x0a, 0xd1, 0x00, 0x68, 0x88, 0x88, 0x2c, 0xff, 0xff, 0xf4, 0xcc, 0x00, 0x00, 0x0c, 0xc0, 0x00, 0x00, 0xcf, 0xff, 0xfc, 0x0c, 0xe8, 0x88, 0x60, 0xcc, 0x00, 0x00, 0x0c, 0xd4, 0x44, 0x42, 0xcf, 0xff, 0xff, 0x80,
    /* U+00C9 */ 0x00, 0x06, 0xb3, 0x00, 0x06, 0xd3, 0x00, 0x68, 0x88, 0x88, 0x2c, 0xff, 0xff, 0xf4, 0xcc, 0x00, 0x00, 0x0c, 0xc0, 0x00, 0x00, 0xcf, 0xff, 0xfc, 0x0c, 0xe8, 0x88, 0x60, 0xcc, 0x00, 0x00, 0x0c, 0xd4, 0x44, 0x42, 0xcf, 0xff, 0xff, 0x80,
    /* U+00CA */ 0x00, 0x9c, 0x30, 0x00, 0xaa, 0x5e, 0x30, 0x68, 0x88, 0x88, 0x2c, 0xff, 0xff, 0xf4, 0xcc, 0x00, 0x00, 0x0c, 0xc0, 0x00, 0x00, 0xcf, 0xff, 0xfc, 0x0c, 0xe8, 0x88, 0x60, 0xcc, 0x00, 0x00, 0x0c, 0xd4, 0x44, 0x42, 0xcf, 0xff, 0xff, 0x80,
    /* U+00CB */ 0x06, 0x72, 0xb0, 0x00, 0x78, 0x2b, 0x00, 0x68, 0x88, 0x88, 0x2c, 0xff, 0xff, 0xf4, 0xcc, 0x00, 0x00, 0x0c, 0xc0, 0x00, 0x00, 0xcf, 0xff, 0xfc, 0x0c, 0xe8, 0x88, 0x60, 0xcc, 0x00, 0x00, 0x0c, 0xd4, 0x44, 0x42, 0xcf, 0xff, 0xff, 0x80,
    /* U+00CC */ 0x1b, 0x90, 0x02, 0xda, 0x00, 0x66, 0x00, 0xcc, 0x00, 0xcc, 0x00, 0xcc, 0x00, 0xcc, 0x00, 0xcc, 0x00, 0xcc, 0x00, 0xcc, 0x00, 0xcc,
    /* U+00CD */ 0x00, 0x99, 0x10, 0xab, 0x10, 0x06, 0x60, 0x00, 0xcc, 0x00, 0x0c, 0xc0, 0x00, 0xcc, 0x00, 0x0c, 0xc0, 0x00, 0xcc, 0x00, 0x0c, 0xc0, 0x00, 0xcc, 0x00, 0x0c, 0xc0, 0x00,
    /* U+00CE */ 0x01, 0xcb, 0x10, 0x1d, 0x69, 0xd1, 0x00, 0x66, 0x00, 0x00, 0xcc, 0x00, 0x00, 0xcc, 0x00, 0x00, 0xcc, 0x00, 0x00, 0xcc, 0x00, 0x00, 0xcc, 0x00, 0x00, 0xcc, 0x00, 0x00, 0xcc, 0x00, 0x00, 0xcc, 0x00,
    /* U+00CF */ 0x93, 0x67, 0xb5, 0x78, 0x06, 0x60, 0x0c, 0xc0, 0x0c, 0xc0, 0x0c, 0xc0, 0x0c, 0xc0, 0x0c, 0xc0, 0x0c, 0xc0, 0x0c, 0xc0, 0x0c, 0xc0,
    /* U+00D0 */ 0x06, 0x88, 0x86, 0x30, 0x00, 0x0c, 0xff, 0xff, 0xfc, 0x10, 0x0c, 0xc0, 0x00, 0x5f, 0xd0, 0x0c, 0xc0, 0x00, 0x06, 0xf5, 0xcf, 0xfc, 0xc0, 0x01, 0xf8, 0x4d, 0xd4, 0x40, 0x02, 0xf8, 0x0c, 0xc0, 0x00, 0x0a, 0xf3, 0x0c, 0xd4, 0x46, 0xcf, 0x90, 0x0c, 0xff, 0xff, 0xd6, 0x00,
    /* U+00D1 */ 0x00, 0xaa, 0x1a, 0x00, 0x03, 0x96, 0xe8, 0x00, 0x65, 0x00, 0x00, 0x84, 0xcf, 0x30, 0x00, 0xf8, 0xcf, 0xe1, 0x00, 0xf8, 0xce, 0xfd, 0x00, 0xf8, 0xcc, 0x6f, 0xa0, 0xf8, 0xcc, 0x09, 0xf6, 0xf8, 0xcc, 0x00, 0xcf, 0xf8, 0xcc, 0x00, 0x1d, 0xf8, 0xcc, 0x00, 0x03, 0xf8,
    /* U+00D2 */ 0x00, 0x1a, 0x90, 0x00, 0x00, 0x00, 0x01, 0xba, 0x00, 0x00, 0x00, 0x05, 0x88, 0x50, 0x00, 0x01, 0xdf, 0xee, 0xfe, 0x30, 0x0d, 0xf4, 0x00, 0x4f, 0xe1, 0x5f, 0x60, 0x00, 0x05, 0xf6, 0x8f, 0x20, 0x00, 0x00, 0xf8, 0x7f, 0x30, 0x00, 0x01, 0xf8, 0x2f, 0xb0, 0x00, 0x08, 0xf4, 0x09, 0xfb, 0x54, 0xaf, 0xa0, 0x00, 0x7e, 0xff, 0xf8, 0x00, 0x00, 0x00, 0x00, 0x00, 0x00,
    /* U+00D3 */ 0x00, 0x00, 0x09, 0xb1, 0x00, 0x00, 0x00, 0xad, 0x10, 0x00, 0x00, 0x05, 0x88, 0x50, 0x00, 0x01, 0xdf, 0xee, 0xfe, 0x30, 0x0d, 0xf4, 0x00, 0x4f, 0xe1, 0x5f, 0x60, 0x00, 0x05, 0xf6, 0x8f, 0x20, 0x00, 0x00, 0xf8, 0x7f, 0x30, 0x00, 0x01, 0xf8, 0x2f, 0xb0, 0x00, 0x08, 0xf4, 0x09, 0xfb, 0x54, 0xaf, 0xa0, 0x00, 0x7e, 0xff, 0xf8, 0x00, 0x00, 0x00, 0x00, 0x00, 0x00,
    /* U+00D4 */ 0x00, 0x01, 0xbb, 0x10, 0x00, 0x00, 0x1d, 0x86, 0xd1, 0x00, 0x00, 0x05, 0x88, 0x50, 0x00, 0x01, 0xdf, 0xee, 0xfe, 0x30, 0x0d, 0xf4, 0x00, 0x4f, 0xe1, 0x5f, 0x60, 0x00, 0x05, 0xf6, 0x8f, 0x20, 0x00, 0x00, 0xf8, 0x7f, 0x30, 0x00, 0x01, 0xf8, 0x2f, 0xb0, 0x00, 0x08, 0xf4, 0x09, 0xfb, 0x54, 0xaf, 0xa0, 0x00, 0x7e, 0xff, 0xf8, 0x00, 0x00, 0x00, 0x00, 0x00, 0x00,
    /* U+00D5 */ 0x00, 0x09, 0xb3, 0x83, 0x00, 0x00, 0x0a, 0x5e, 0xc0, 0x00, 0x00, 0x05, 0x88, 0x50, 0x00, 0x01, 0xdf, 0xee, 0xfe, 0x30, 0x0d, 0xf4, 0x00, 0x4f, 0xe1, 0x5f, 0x60, 0x00, 0x05, 0xf6, 0x8f, 0x20, 0x00, 0x00, 0xf8, 0x7f, 0x30, 0x00, 0x01, 0xf8, 0x2f, 0xb0, 0x00, 0x08, 0xf4, 0x09, 0xfb, 0x54, 0xaf, 0xa0, 0x00, 0x7e, 0xff, 0xf8, 0x00, 0x00, 0x00, 0x00, 0x00, 0x00,
    /* U+00D6 */ 0x00, 0x07, 0x53, 0x90, 0x00, 0x00, 0x08, 0x55, 0xa0, 0x00, 0x00, 0x05, 0x88, 0x50, 0x00, 0x01, 0xdf, 0xee, 0xfe, 0x30, 0x0d, 0xf4, 0x00, 0x4f, 0xe1, 0x5f, 0x60, 0x00, 0x05, 0xf6, 0x8f, 0x20, 0x00, 0x00, 0xf8, 0x7f, 0x30, 0x00, 0x01, 0xf8, 0x2f, 0xb0, 0x00, 0x08, 0xf4, 0x09, 0xfb, 0x54, 0xaf, 0xa0, 0x00, 0x7e, 0xff, 0xf8, 0x00, 0x00, 0x00, 0x00, 0x00, 0x00,
    /* U+00D7 */ 0x33, 0x03, 0x39, 0xf6, 0xf9, 0x0a, 0xfb, 0x01, 0xde, 0xf3, 0x8a, 0x0a, 0xc0, 0x00, 0x01,
    /* U+00D8 */ 0x00, 0x00, 0x00, 0x00, 0x41, 0x00, 0x05, 0x88, 0x57, 0xb0, 0x01, 0xdf, 0xee, 0xff, 0x40, 0x0d, 0xf4, 0x00, 0xef, 0xe1, 0x5f, 0x60, 0x09, 0x95, 0xf6, 0x8f, 0x20, 0x5d, 0x00, 0xf8, 0x7f, 0x31, 0xe3, 0x01, 0xf8, 0x2f, 0xbc, 0x70, 0x08, 0xf4, 0x09, 0xff, 0x54, 0xaf, 0xa0, 0x03, 0xfe, 0xff, 0xf8, 0x00, 0x09, 0x40, 0x00, 0x00, 0x00,
    /* U+00D9 */ 0x03, 0xb6, 0x00, 0x00, 0x00, 0x3e, 0x60, 0x00, 0x84, 0x00, 0x00, 0x84, 0xf8, 0x00, 0x00, 0xf8, 0xf8, 0x00, 0x00, 0xf8, 0xf8, 0x00, 0x00, 0xf8, 0xf8, 0x00, 0x00, 0xf8, 0xfa, 0x00, 0x03, 0xf8, 0xdd, 0x00, 0x05, 0xf4, 0x8f, 0xb4, 0x6f, 0xe0, 0x08, 0xff, 0xfc, 0x30, 0x00, 0x00, 0x00, 0x00,
    /* U+00DA */ 0x00, 0x01, 0xb8, 0x00, 0x00, 0x1d, 0x90, 0x00, 0x84, 0x00, 0x00, 0x84, 0xf8, 0x00, 0x00, 0xf8, 0xf8, 0x00, 0x00, 0xf8, 0xf8, 0x00, 0x00, 0xf8, 0xf8, 0x00, 0x00, 0xf8, 0xfa, 0x00, 0x03, 0xf8, 0xdd, 0x00, 0x05, 0xf4, 0x8f, 0xb4, 0x6f, 0xe0, 0x08, 0xff, 0xfc, 0x30, 0x00, 0x00, 0x00, 0x00,
    /* U+00DB */ 0x00, 0x3c, 0x90, 0x00, 0x03, 0xe5, 0xaa, 0x00, 0x84, 0x00, 0x00, 0x84, 0xf8, 0x00, 0x00, 0xf8, 0xf8, 0x00, 0x00, 0xf8, 0xf8, 0x00, 0x00, 0xf8, 0xf8, 0x00, 0x00, 0xf8, 0xfa, 0x00, 0x03, 0xf8, 0xdd, 0x00, 0x05, 0xf4, 0x8f, 0xb4, 0x6f, 0xe0, 0x08, 0xff, 0xfc, 0x30, 0x00, 0x00, 0x00, 0x00,
    /* U+00DC */ 0x00, 0xa2, 0x75, 0x00, 0x01, 0xc2, 0x87, 0x00, 0x84, 0x00, 0x00, 0x84, 0xf8, 0x00, 0x00, 0xf8, 0xf8, 0x00, 0x00, 0xf8, 0xf8, 0x00, 0x00, 0xf8, 0xf8, 0x00, 0x00, 0xf8, 0xfa, 0x00, 0x03, 0xf8, 0xdd, 0x00, 0x05, 0xf4, 0x8f, 0xb4, 0x6f, 0xe0, 0x08, 0xff, 0xfc, 0x30, 0x00, 0x00, 0x00, 0x00,
    /* U+00DD */ 0x00, 0x00, 0x09, 0xa1, 0x00, 0x00, 0x00, 0xac, 0x10, 0x00, 0x08, 0x50, 0x00, 0x05, 0x70, 0x09, 0xf2, 0x00, 0x1f, 0x80, 0x01, 0xfc, 0x00, 0xbe, 0x00, 0x00, 0x6f, 0x54, 0xf4, 0x00, 0x00, 0x0c, 0xee, 0xb0, 0x00, 0x00, 0x02, 0xff, 0x20, 0x00, 0x00, 0x00, 0xcc, 0x00, 0x00, 0x00, 0x00, 0xcc, 0x00, 0x00, 0x00, 0x00, 0xcc, 0x00, 0x00,
    /* U+00DE */ 0x66, 0x00, 0x00, 0x00, 0xce, 0x88, 0x51, 0x00, 0xcf, 0xff, 0xff, 0x60, 0xcc, 0x00, 0x1d, 0xf0, 0xcc, 0x00, 0x08, 0xf4, 0xcc, 0x00, 0x0b, 0xf0, 0xcf, 0xcc, 0xef, 0x60, 0xce, 0x88, 0x83, 0x00, 0xcc, 0x00, 0x00, 0x00,
    /* U+00DF */ 0x01, 0xaf, 0xfb, 0x30, 0x0a, 0xf6, 0x5d, 0xe0, 0x0f, 0x90, 0x08, 0xf0, 0x0f, 0x80, 0x2d, 0xc0, 0x0f, 0x80, 0xff, 0x90, 0x0f, 0x80, 0x46, 0xf8, 0x0f, 0x80, 0x00, 0xcc, 0x0f, 0x82, 0x46, 0xfa, 0x0f, 0x88, 0xff, 0xb1, 0x00, 0x00, 0x00, 0x00,
    /* U+00E0 */ 0x05, 0xf6, 0x00, 0x00, 0x03, 0xb3, 0x00, 0x02, 0x78, 0x61, 0x01, 0xfe, 0xcf, 0xd0, 0x02, 0x00, 0x5f, 0x40, 0x6c, 0xcd, 0xf4, 0x6f, 0x74, 0x7f, 0x47, 0xf3, 0x08, 0xf4, 0x1c, 0xff, 0x9f, 0x40, 0x00, 0x00, 0x00,
    /* U+00E1 */ 0x00, 0x03, 0xf6, 0x00, 0x01, 0xb3, 0x00, 0x02, 0x78, 0x61, 0x01, 0xfe, 0xcf, 0xd0, 0x02, 0x00, 0x5f, 0x40, 0x6c, 0xcd, 0xf4, 0x6f, 0x74, 0x7f, 0x47, 0xf3, 0x08, 0xf4, 0x1c, 0xff, 0x9f, 0x40, 0x00, 0x00, 0x00,
    /* U+00E2 */ 0x00, 0xaf, 0xa0, 0x00, 0x6a, 0x19, 0x60, 0x02, 0x78, 0x61, 0x01, 0xfe, 0xcf, 0xd0, 0x02, 0x00, 0x5f, 0x40, 0x6c, 0xcd, 0xf4, 0x6f, 0x74, 0x7f, 0x47, 0xf3, 0x08, 0xf4, 0x1c, 0xff, 0x9f, 0x40, 0x00, 0x00, 0x00,
    /* U+00E3 */ 0x04, 0xfb, 0x58, 0x00, 0x64, 0x5c, 0x30, 0x02, 0x78, 0x61, 0x01, 0xfe, 0xcf, 0xd0, 0x02, 0x00, 0x5f, 0x40, 0x6c, 0xcd, 0xf4, 0x6f, 0x74, 0x7f, 0x47, 0xf3, 0x08, 0xf4, 0x1c, 0xff, 0x9f, 0x40, 0x00, 0x00, 0x00,
    /* U+00E4 */ 0x03, 0xc0, 0xb5, 0x00, 0x18, 0x07, 0x30, 0x02, 0x78, 0x61, 0x01, 0xfe, 0xcf, 0xd0, 0x02, 0x00, 0x5f, 0x40, 0x6c, 0xcd, 0xf4, 0x6f, 0x74, 0x7f, 0x47, 0xf3, 0x08, 0xf4, 0x1c, 0xff, 0x9f, 0x40, 0x00, 0x00, 0x00,
    /* U+00E5 */ 0x00, 0x68, 0x70, 0x00, 0x0a, 0x0c, 0x00, 0x00, 0x69, 0x80, 0x00, 0x27, 0x86, 0x10, 0x1f, 0xec, 0xfd, 0x00, 0x20, 0x05, 0xf4, 0x06, 0xcc, 0xdf, 0x46, 0xf7, 0x47, 0xf4, 0x7f, 0x30, 0x8f, 0x41, 0xcf, 0xf9, 0xf4, 0x00, 0x00, 0x00, 0x00,
    /* U+00E6 */ 0x02, 0x78, 0x60, 0x17, 0x83, 0x00, 0x1f, 0xec, 0xfd, 0xfe, 0xcf, 0xa0, 0x02, 0x00, 0x5f, 0xb0, 0x06, 0xf3, 0x06, 0xcc, 0xdf, 0xec, 0xcc, 0xf8, 0x6f, 0x74, 0x7f, 0xa4, 0x44, 0x42, 0x7f, 0x30, 0x9f, 0xf6, 0x46, 0x80, 0x1c, 0xff, 0xe4, 0xaf, 0xff, 0x80, 0x00, 0x00, 0x00, 0x00, 0x00, 0x00,
    /* U+00E7 */ 0x00, 0x38, 0x72, 0x00, 0xaf, 0xde, 0xf5, 0x4f, 0x70, 0x07, 0x28, 0xf0, 0x00, 0x00, 0x8f, 0x10, 0x00, 0x02, 0xfd, 0x45, 0xe6, 0x03, 0xef, 0xfc, 0x10, 0x00, 0xf2, 0x00, 0x00, 0x15, 0xf0, 0x00, 0x08, 0xc5, 0x00,
    /* U+00E8 */ 0x03, 0xea, 0x00, 0x00, 0x00, 0x1b, 0x60, 0x00, 0x00, 0x48, 0x71, 0x00, 0x0a, 0xfc, 0xef, 0x30, 0x5f, 0x40, 0x0c, 0xc0, 0x8f, 0xcc, 0xce, 0xf0, 0x8f, 0x54, 0x44, 0x40, 0x2f, 0xb4, 0x4a, 0x30, 0x03, 0xdf, 0xfd, 0x30, 0x00, 0x00, 0x00, 0x00,
    /* U+00E9 */ 0x00, 0x03, 0xf9, 0x00, 0x00, 0x1b, 0x60, 0x00, 0x00, 0x48, 0x71, 0x00, 0x0a, 0xfc, 0xef, 0x30, 0x5f, 0x40, 0x0c, 0xc0, 0x8f, 0xcc, 0xce, 0xf0, 0x8f, 0x54, 0x44, 0x40, 0x2f, 0xb4, 0x4a, 0x30, 0x03, 0xdf, 0xfd, 0x30, 0x00, 0x00, 0x00, 0x00,
    /* U+00EA */ 0x00, 0x6f, 0xd1, 0x00, 0x03, 0xb2, 0x79, 0x00, 0x00, 0x48, 0x71, 0x00, 0x0a, 0xfc, 0xef, 0x30, 0x5f, 0x40, 0x0c, 0xc0, 0x8f, 0xcc, 0xce, 0xf0, 0x8f, 0x54, 0x44, 0x40, 0x2f, 0xb4, 0x4a, 0x30, 0x03, 0xdf, 0xfd, 0x30, 0x00, 0x00, 0x00, 0x00,
    /* U+00EB */ 0x01, 0xc2, 0x96, 0x00, 0x00, 0x81, 0x54, 0x00, 0x00, 0x48, 0x71, 0x00, 0x0a, 0xfc, 0xef, 0x30, 0x5f, 0x40, 0x0c, 0xc0, 0x8f, 0xcc, 0xce, 0xf0, 0x8f, 0x54, 0x44, 0x40, 0x2f, 0xb4, 0x4a, 0x30, 0x03, 0xdf, 0xfd, 0x30, 0x00, 0x00, 0x00, 0x00,
    /* U+00EC */ 0x3e, 0xa0, 0x01, 0xb6, 0x00, 0x84, 0x00, 0xf8, 0x00, 0xf8, 0x00, 0xf8, 0x00, 0xf8, 0x00, 0xf8, 0x00, 0xf8,
    /* U+00ED */ 0x03, 0xf9, 0x01, 0xb6, 0x00, 0x08, 0x40, 0x00, 0xf8, 0x00, 0x0f, 0x80, 0x00, 0xf8, 0x00, 0x0f, 0x80, 0x00, 0xf8, 0x00, 0x0f, 0x80, 0x00,
    /* U+00EE */ 0x05, 0xfc, 0x01, 0xb3, 0x96, 0x00, 0x84, 0x00, 0x0f, 0x80, 0x00, 0xf8, 0x00, 0x0f, 0x80, 0x00, 0xf8, 0x00, 0x0f, 0x80, 0x00, 0xf8, 0x00,
    /* U+00EF */ 0x95, 0xb3, 0x63, 0x72, 0x08, 0x40, 0x0f, 0x80, 0x0f, 0x80, 0x0f, 0x80, 0x0f, 0x80, 0x0f, 0x80, 0x0f, 0x80,
    /* U+00F0 */ 0x0b, 0xcc, 0xa4, 0x50, 0x07, 0x8d, 0xff, 0xb0, 0x04, 0xeb, 0x5c, 0xe0, 0x01, 0x54, 0x35, 0xf3, 0x0a, 0xff, 0xfd, 0xf4, 0x6f, 0x60, 0x1d, 0xf4, 0x8f, 0x00, 0x08, 0xf2, 0x4f, 0x91, 0x5f, 0xb0, 0x08, 0xff, 0xfa, 0x10, 0x00, 0x00, 0x00, 0x00,
    /* U+00F1 */ 0x00, 0xaf, 0x79, 0x30, 0x00, 0xa1, 0x99, 0x00, 0x08, 0x45, 0x86, 0x00, 0x0f, 0xff, 0xdf, 0xd0, 0x0f, 0xe1, 0x07, 0xf3, 0x0f, 0x80, 0x04, 0xf4, 0x0f, 0x80, 0x04, 0xf4, 0x0f, 0x80, 0x04, 0xf4, 0x0f, 0x80, 0x04, 0xf4,
    /* U+00F2 */ 0x03, 0xda, 0x00, 0x00, 0x00, 0x19, 0x60, 0x00, 0x00, 0x38, 0x72, 0x00, 0x0a, 0xfd, 0xef, 0x60, 0x4f, 0x70, 0x0b, 0xf1, 0x8f, 0x00, 0x04, 0xf4, 0x8f, 0x10, 0x05, 0xf3, 0x2f, 0xd4, 0x5f, 0xd0, 0x03, 0xef, 0xfc, 0x10, 0x00, 0x00, 0x00, 0x00,
    /* U+00F3 */ 0x00, 0x01, 0xda, 0x10, 0x00, 0x09, 0x70, 0x00, 0x00, 0x38, 0x72, 0x00, 0x0a, 0xfd, 0xef, 0x60, 0x4f, 0x70, 0x0b, 0xf1, 0x8f, 0x00, 0x04, 0xf4, 0x8f, 0x10, 0x05, 0xf3, 0x2f, 0xd4, 0x5f, 0xd0, 0x03, 0xef, 0xfc, 0x10, 0x00, 0x00, 0x00, 0x00,
    /* U+00F4 */ 0x00, 0x4f, 0xd1, 0x00, 0x01, 0xb3, 0x69, 0x00, 0x00, 0x38, 0x72, 0x00, 0x0a, 0xfd, 0xef, 0x60, 0x4f, 0x70, 0x0b, 0xf1, 0x8f, 0x00, 0x04, 0xf4, 0x8f, 0x10, 0x05, 0xf3, 0x2f, 0xd4, 0x5f, 0xd0, 0x03, 0xef, 0xfc, 0x10, 0x00, 0x00, 0x00, 0x00,
    /* U+00F5 */ 0x01, 0xdd, 0x5a, 0x00, 0x03, 0x73, 0xb6, 0x00, 0x00, 0x38, 0x72, 0x00, 0x0a, 0xfd, 0xef, 0x60, 0x4f, 0x70, 0x0b, 0xf1, 0x8f, 0x00, 0x04, 0xf4, 0x8f, 0x10, 0x05, 0xf3, 0x2f, 0xd4, 0x5f, 0xd0, 0x03, 0xef, 0xfc, 0x10, 0x00, 0x00, 0x00, 0x00,
    /* U+00F6 */ 0x00, 0xb5, 0x88, 0x00, 0x00, 0x72, 0x55, 0x00, 0x00, 0x38, 0x72, 0x00, 0x0a, 0xfd, 0xef, 0x60, 0x4f, 0x70, 0x0b, 0xf1, 0x8f, 0x00, 0x04, 0xf4, 0x8f, 0x10, 0x05, 0xf3, 0x2f, 0xd4, 0x5f, 0xd0, 0x03, 0xef, 0xfc, 0x10, 0x00, 0x00, 0x00, 0x00,
    /* U+00F7 */ 0x00, 0x18, 0x10, 0x00, 0x04, 0xf5, 0x00, 0x00, 0x03, 0x00, 0x03, 0xcc, 0xcc, 0xc3, 0x28, 0x88, 0x88, 0x20, 0x01, 0x82, 0x00, 0x00, 0x3f, 0x40, 0x00, 0x00, 0x00, 0x00,
    /* U+00F8 */ 0x00, 0x00, 0x00, 0x30, 0x00, 0x38, 0x78, 0x70, 0x0a, 0xfd, 0xef, 0x60, 0x4f, 0x70, 0xbc, 0xf1, 0x8f, 0x05, 0x84, 0xf4, 0x8f, 0x2c, 0x05, 0xf3, 0x2f, 0xf7, 0x5f, 0xd0, 0x07, 0xff, 0xfc, 0x10, 0x0a, 0x00, 0x00, 0x00,
    /* U+00F9 */ 0x01, 0xbd, 0x10, 0x00, 0x00, 0x08, 0x90, 0x00, 0x08, 0x40, 0x02, 0x82, 0x0f, 0x80, 0x04, 0xf4, 0x0f, 0x80, 0x04, 0xf4, 0x0f, 0x80, 0x04, 0xf4, 0x0f, 0x80, 0x06, 0xf4, 0x0e, 0xe5, 0x5f, 0xf4, 0x03, 0xef, 0xfa, 0xf4, 0x00, 0x00, 0x00, 0x00,
    /* U+00FA */ 0x00, 0x00, 0xdd, 0x10, 0x00, 0x06, 0x90, 0x00, 0x08, 0x40, 0x02, 0x82, 0x0f, 0x80, 0x04, 0xf4, 0x0f, 0x80, 0x04, 0xf4, 0x0f, 0x80, 0x04, 0xf4, 0x0f, 0x80, 0x06, 0xf4, 0x0e, 0xe5, 0x5f, 0xf4, 0x03, 0xef, 0xfa, 0xf4, 0x00, 0x00, 0x00, 0x00,
    /* U+00FB */ 0x00, 0x3f, 0xf3, 0x00, 0x01, 0xb5, 0x3b, 0x10, 0x08, 0x40, 0x02, 0x82, 0x0f, 0x80, 0x04, 0xf4, 0x0f, 0x80, 0x04, 0xf4, 0x0f, 0x80, 0x04, 0xf4, 0x0f, 0x80, 0x06, 0xf4, 0x0e, 0xe5, 0x5f, 0xf4, 0x03, 0xef, 0xfa, 0xf4, 0x00, 0x00, 0x00, 0x00,
    /* U+00FC */ 0x00, 0x96, 0x5b, 0x00, 0x00, 0x64, 0x37, 0x00, 0x08, 0x40, 0x02, 0x82, 0x0f, 0x80, 0x04, 0xf4, 0x0f, 0x80, 0x04, 0xf4, 0x0f, 0x80, 0x04, 0xf4, 0x0f, 0x80, 0x06, 0xf4, 0x0e, 0xe5, 0x5f, 0xf4, 0x03, 0xef, 0xfa, 0xf4, 0x00, 0x00, 0x00, 0x00,
    /* U+00FD */ 0x00, 0x00, 0x7f, 0x30, 0x00, 0x03, 0xb1, 0x00, 0x08, 0x40, 0x00, 0x47, 0x0a, 0xe0, 0x00, 0xea, 0x04, 0xf5, 0x04, 0xf2, 0x00, 0xdc, 0x0b, 0xc0, 0x00, 0x6f, 0x4f, 0x50, 0x00, 0x0e, 0xfe, 0x00, 0x00, 0x08, 0xf6, 0x00, 0x01, 0x08, 0xf1, 0x00, 0x1f, 0xef, 0x60, 0x00, 0x03, 0x83, 0x00, 0x00,
    /* U+00FE */ 0x0f, 0x80, 0x00, 0x00, 0x0f, 0x80, 0x00, 0x00, 0x0f, 0x85, 0x86, 0x00, 0x0f, 0xff, 0xcf, 0xd1, 0x0f, 0xe1, 0x03, 0xf9, 0x0f, 0x80, 0x00, 0xcc, 0x0f, 0x90, 0x00, 0xec, 0x0f, 0xf7, 0x4a, 0xf6, 0x0f, 0xbe, 0xff, 0x80, 0x0f, 0x80, 0x00, 0x00, 0x0f, 0x80, 0x00, 0x00, 0x04, 0x20, 0x00, 0x00,
    /* U+00FF */ 0x00, 0x69, 0x2c, 0x20, 0x00, 0x36, 0x18, 0x10, 0x08, 0x40, 0x00, 0x47, 0x0a, 0xe0, 0x00, 0xea, 0x04, 0xf5, 0x04, 0xf2, 0x00, 0xdc, 0x0b, 0xc0, 0x00, 0x6f, 0x4f, 0x50, 0x00, 0x0e, 0xfe, 0x00, 0x00, 0x08, 0xf6, 0x00, 0x01, 0x08, 0xf1, 0x00, 0x1f, 0xef, 0x60, 0x00, 0x03, 0x83, 0x00, 0x00,
    /* U+2013 */ 0xcc, 0xcc, 0xcc, 0x44, 0x44, 0x44,
    /* U+2014 */ 0xcc, 0xcc, 0xcc, 0xcc, 0xcc, 0xcc, 0x44, 0x44, 0x44, 0x44, 0x44, 0x44,
    /* U+2019 */ 0x5f, 0x55, 0xf6, 0x1f, 0x14, 0x80,
    /* U+2022 */ 0x08, 0x80, 0x4f, 0xf4, 0x1d, 0xe1,
    /* U+2026 */ 0x5e, 0x45, 0xe4, 0x5e, 0x46, 0xf5, 0x7f, 0x57, 0xf5, 0x00, 0x00, 0x00, 0x00, 0x00,
};

static const lv_font_fmt_txt_glyph_dsc_t glyph_dsc_text_12[] = {
    {.bitmap_index = 0, .adv_w = 0, .box_w = 0, .box_h = 0, .ofs_x = 0, .ofs_y = 0},
    {.bitmap_index = 0, .adv_w = 53, .box_w = 0, .box_h = 0, .ofs_x = 0, .ofs_y = 0},
    {.bitmap_index = 0, .adv_w = 53, .box_w = 3, .box_h = 10, .ofs_x = 0, .ofs_y = -1},
    {.bitmap_index = 15, .adv_w = 79, .box_w = 5, .box_h = 4, .ofs_x = 0, .ofs_y = 5},
    {.bitmap_index = 25, .adv_w = 137, .box_w = 9, .box_h = 9, .ofs_x = 0, .ofs_y = 0},
    {.bitmap_index = 66, .adv_w = 121, .box_w = 8, .box_h = 12, .ofs_x = 0, .ofs_y = -2},
    {.bitmap_index = 114, .adv_w = 165, .box_w = 10, .box_h = 10, .ofs_x = 0, .ofs_y = -1},
    {.bitmap_index = 164, .adv_w = 136, .box_w = 9, .box_h = 10, .ofs_x = 0, .ofs_y = -1},
    {.bitmap_index = 209, .adv_w = 42, .box_w = 2, .box_h = 4, .ofs_x = 0, .ofs_y = 5},
    {.bitmap_index = 213, .adv_w = 67, .box_w = 3, .box_h = 12, .ofs_x = 1, .ofs_y = -3},
    {.bitmap_index = 231, .adv_w = 67, .box_w = 4, .box_h = 12, .ofs_x = 0, .ofs_y = -3},
    {.bitmap_index = 255, .adv_w = 80, .box_w = 5, .box_h = 5, .ofs_x = 0, .ofs_y = 4},
    {.bitmap_index = 268, .adv_w = 113, .box_w = 7, .box_h = 6, .ofs_x = 0, .ofs_y = 1},
    {.bitmap_index = 289, .adv_w = 47, .box_w = 3, .box_h = 4, .ofs_x = 0, .ofs_y = -2},
    {.bitmap_index = 295, .adv_w = 74, .box_w = 4, .box_h = 2, .ofs_x = 0, .ofs_y = 2},
    {.bitmap_index = 299, .adv_w = 47, .box_w = 3, .box_h = 3, .ofs_x = 0, .ofs_y = -1},
    {.bitmap_index = 304, .adv_w = 71, .box_w = 6, .box_h = 13, .ofs_x = -1, .ofs_y = -2},
    {.bitmap_index = 343, .adv_w = 129, .box_w = 8, .box_h = 10, .ofs_x = 0, .ofs_y = -1},
    {.bitmap_index = 383, .adv_w = 73, .box_w = 4, .box_h = 9, .ofs_x = 0, .ofs_y = 0},
    {.bitmap_index = 401, .adv_w = 112, .box_w = 7, .box_h = 9, .ofs_x = 0, .ofs_y = 0},
    {.bitmap_index = 433, .adv_w = 112, .box_w = 7, .box_h = 10, .ofs_x = 0, .ofs_y = -1},
    {.bitmap_index = 468, .adv_w = 130, .box_w = 9, .box_h = 9, .ofs_x = 0, .ofs_y = 0},
    {.bitmap_index = 509, .adv_w = 112, .box_w = 7, .box_h = 10, .ofs_x = 0, .ofs_y = -1},
    {.bitmap_index = 544, .adv_w = 120, .box_w = 8, .box_h = 10, .ofs_x = 0, .ofs_y = -1},
    {.bitmap_index = 584, .adv_w = 117, .box_w = 7, .box_h = 9, .ofs_x = 0, .ofs_y = 0},
    {.bitmap_index = 616, .adv_w = 125, .box_w = 8, .box_h = 10, .ofs_x = 0, .ofs_y = -1},
    {.bitmap_index = 656, .adv_w = 120, .box_w = 7, .box_h = 10, .ofs_x = 0, .ofs_y = -1},
    {.bitmap_index = 691, .adv_w = 47, .box_w = 3, .box_h = 8, .ofs_x = 0, .ofs_y = -1},
    {.bitmap_index = 703, .adv_w = 47, .box_w = 3, .box_h = 9, .ofs_x = 0, .ofs_y = -2},
    {.bitmap_index = 717, .adv_w = 113, .box_w = 7, .box_h = 6, .ofs_x = 0, .ofs_y = 1},
    {.bitmap_index = 738, .adv_w = 113, .box_w = 7, .box_h = 5, .ofs_x = 0, .ofs_y = 2},
    {.bitmap_index = 756, .adv_w = 113, .box_w = 7, .box_h = 6, .ofs_x = 0, .ofs_y = 1},
    {.bitmap_index = 777, .adv_w = 112, .box_w = 7, .box_h = 10, .ofs_x = 0, .ofs_y = -1},
    {.bitmap_index = 812, .adv_w = 199, .box_w = 12, .box_h = 12, .ofs_x = 0, .ofs_y = -3},
    {.bitmap_index = 884, .adv_w = 144, .box_w = 11, .box_h = 9, .ofs_x = -1, .ofs_y = 0},
    {.bitmap_index = 934, .adv_w = 146, .box_w = 8, .box_h = 9, .ofs_x = 1, .ofs_y = 0},
    {.bitmap_index = 970, .adv_w = 140, .box_w = 9, .box_h = 10, .ofs_x = 0, .ofs_y = -1},
    {.bitmap_index = 1015, .adv_w = 159, .box_w = 9, .box_h = 9, .ofs_x = 1, .ofs_y = 0},
    {.bitmap_index = 1056, .adv_w = 129, .box_w = 7, .box_h = 9, .ofs_x = 1, .ofs_y = 0},
    {.bitmap_index = 1088, .adv_w = 122, .box_w = 7, .box_h = 9, .ofs_x = 1, .ofs_y = 0},
    {.bitmap_index = 1120, .adv_w = 148, .box_w = 9, .box_h = 10, .ofs_x = 0, .ofs_y = -1},
    {.bitmap_index = 1165, .adv_w = 156, .box_w = 8, .box_h = 9, .ofs_x = 1, .ofs_y = 0},
    {.bitmap_index = 1201, .adv_w = 61, .box_w = 2, .box_h = 9, .ofs_x = 1, .ofs_y = 0},
    {.bitmap_index = 1210, .adv_w = 101, .box_w = 7, .box_h = 10, .ofs_x = -1, .ofs_y = -1},
    {.bitmap_index = 1245, .adv_w = 140, .box_w = 8, .box_h = 9, .ofs_x = 1, .ofs_y = 0},
    {.bitmap_index = 1281, .adv_w = 115, .box_w = 7, .box_h = 9, .ofs_x = 1, .ofs_y = 0},
    {.bitmap_index = 1313, .adv_w = 183, .box_w = 10, .box_h = 9, .ofs_x = 1, .ofs_y = 0},
    {.bitmap_index = 1358, .adv_w = 156, .box_w = 8, .box_h = 9, .ofs_x = 1, .ofs_y = 0},
    {.bitmap_index = 1394, .adv_w = 162, .box_w = 10, .box_h = 10, .ofs_x = 0, .ofs_y = -1},
    {.bitmap_index = 1444, .adv_w = 139, .box_w = 8, .box_h = 9, .ofs_x = 1, .ofs_y = 0},
    {.bitmap_index = 1480, .adv_w = 162, .box_w = 10, .box_h = 11, .ofs_x = 0, .ofs_y = -2},
    {.bitmap_index = 1535, .adv_w = 140, .box_w = 8, .box_h = 9, .ofs_x = 1, .ofs_y = 0},
    {.bitmap_index = 1571, .adv_w = 121, .box_w = 8, .box_h = 10, .ofs_x = 0, .ofs_y = -1},
    {.bitmap_index = 1611, .adv_w = 116, .box_w = 8, .box_h = 9, .ofs_x = 0, .ofs_y = 0},
    {.bitmap_index = 1647, .adv_w = 151, .box_w = 8, .box_h = 10, .ofs_x = 1, .ofs_y = -1},
    {.bitmap_index = 1687, .adv_w = 140, .box_w = 10, .box_h = 9, .ofs_x = -1, .ofs_y = 0},
    {.bitmap_index = 1732, .adv_w = 220, .box_w = 14, .box_h = 9, .ofs_x = 0, .ofs_y = 0},
    {.bitmap_index = 1795, .adv_w = 133, .box_w = 9, .box_h = 9, .ofs_x = 0, .ofs_y = 0},
    {.bitmap_index = 1836, .adv_w = 127, .box_w = 10, .box_h = 9, .ofs_x = -1, .ofs_y = 0},
    {.bitmap_index = 1881, .adv_w = 127, .box_w = 8, .box_h = 9, .ofs_x = 0, .ofs_y = 0},
    {.bitmap_index = 1917, .adv_w = 67, .box_w = 3, .box_h = 12, .ofs_x = 1, .ofs_y = -3},
    {.bitmap_index = 1935, .adv_w = 71, .box_w = 6, .box_h = 13, .ofs_x = -1, .ofs_y = -2},
    {.bitmap_index = 1974, .adv_w = 67, .box_w = 4, .box_h = 12, .ofs_x = 0, .ofs_y = -3},
    {.bitmap_index = 1998, .adv_w = 113, .box_w = 7, .box_h = 6, .ofs_x = 0, .ofs_y = 1},
    {.bitmap_index = 2019, .adv_w = 96, .box_w = 6, .box_h = 1, .ofs_x = 0, .ofs_y = -1},
    {.bitmap_index = 2022, .adv_w = 115, .box_w = 4, .box_h = 2, .ofs_x = 1, .ofs_y = 7},
    {.bitmap_index = 2026, .adv_w = 117, .box_w = 7, .box_h = 8, .ofs_x = 0, .ofs_y = -1},
    {.bitmap_index = 2054, .adv_w = 132, .box_w = 8, .box_h = 10, .ofs_x = 0, .ofs_y = -1},
    {.bitmap_index = 2094, .adv_w = 112, .box_w = 7, .box_h = 8, .ofs_x = 0, .ofs_y = -1},
    {.bitmap_index = 2122, .adv_w = 132, .box_w = 8, .box_h = 10, .ofs_x = 0, .ofs_y = -1},
    {.bitmap_index = 2162, .adv_w = 119, .box_w = 8, .box_h = 8, .ofs_x = 0, .ofs_y = -1},
    {.bitmap_index = 2194, .adv_w = 71, .box_w = 5, .box_h = 9, .ofs_x = 0, .ofs_y = 0},
    {.bitmap_index = 2217, .adv_w = 133, .box_w = 8, .box_h = 10, .ofs_x = 0, .ofs_y = -3},
    {.bitmap_index = 2257, .adv_w = 132, .box_w = 8, .box_h = 9, .ofs_x = 0, .ofs_y = 0},
    {.bitmap_index = 2293, .adv_w = 55, .box_w = 3, .box_h = 10, .ofs_x = 0, .ofs_y = 0},
    {.bitmap_index = 2308, .adv_w = 57, .box_w = 5, .box_h = 13, .ofs_x = -2, .ofs_y = -3},
    {.bitmap_index = 2341, .adv_w = 122, .box_w = 8, .box_h = 9, .ofs_x = 0, .ofs_y = 0},
    {.bitmap_index = 2377, .adv_w = 55, .box_w = 3, .box_h = 9, .ofs_x = 0, .ofs_y = 0},
    {.bitmap_index = 2391, .adv_w = 202, .box_w = 12, .box_h = 7, .ofs_x = 0, .ofs_y = 0},
    {.bitmap_index = 2433, .adv_w = 132, .box_w = 8, .box_h = 7, .ofs_x = 0, .ofs_y = 0},
    {.bitmap_index = 2461, .adv_w = 124, .box_w = 8, .box_h = 8, .ofs_x = 0, .ofs_y = -1},
    {.bitmap_index = 2493, .adv_w = 132, .box_w = 8, .box_h = 10, .ofs_x = 0, .ofs_y = -3},
    {.bitmap_index = 2533, .adv_w = 132, .box_w = 8, .box_h = 10, .ofs_x = 0, .ofs_y = -3},
    {.bitmap_index = 2573, .adv_w = 81, .box_w = 5, .box_h = 7, .ofs_x = 0, .ofs_y = 0},
    {.bitmap_index = 2591, .adv_w = 99, .box_w = 6, .box_h = 8, .ofs_x = 0, .ofs_y = -1},
    {.bitmap_index = 2615, .adv_w = 81, .box_w = 5, .box_h = 9, .ofs_x = 0, .ofs_y = -1},
    {.bitmap_index = 2638, .adv_w = 131, .box_w = 8, .box_h = 8, .ofs_x = 0, .ofs_y = -1},
    {.bitmap_index = 2670, .adv_w = 111, .box_w = 8, .box_h = 7, .ofs_x = -1, .ofs_y = 0},
    {.bitmap_index = 2698, .adv_w = 176, .box_w = 11, .box_h = 7, .ofs_x = 0, .ofs_y = 0},
    {.bitmap_index = 2737, .adv_w = 110, .box_w = 7, .box_h = 7, .ofs_x = 0, .ofs_y = 0},
    {.bitmap_index = 2762, .adv_w = 111, .box_w = 8, .box_h = 10, .ofs_x = -1, .ofs_y = -3},
    {.bitmap_index = 2802, .adv_w = 102, .box_w = 6, .box_h = 7, .ofs_x = 0, .ofs_y = 0},
    {.bitmap_index = 2823, .adv_w = 71, .box_w = 5, .box_h = 12, .ofs_x = 0, .ofs_y = -3},
    {.bitmap_index = 2853, .adv_w = 58, .box_w = 2, .box_h = 12, .ofs_x = 1, .ofs_y = -3},
    {.bitmap_index = 2865, .adv_w = 71, .box_w = 4, .box_h = 12, .ofs_x = 0, .ofs_y = -3},
    {.bitmap_index = 2889, .adv_w = 113, .box_w = 7, .box_h = 3, .ofs_x = 0, .ofs_y = 3},
    {.bitmap_index = 2900, .adv_w = 53, .box_w = 0, .box_h = 0, .ofs_x = 0, .ofs_y = 0},
    {.bitmap_index = 2900, .adv_w = 53, .box_w = 3, .box_h = 9, .ofs_x = 0, .ofs_y = -2},
    {.bitmap_index = 2914, .adv_w = 112, .box_w = 7, .box_h = 10, .ofs_x = 0, .ofs_y = -2},
    {.bitmap_index = 2949, .adv_w = 126, .box_w = 8, .box_h = 9, .ofs_x = 0, .ofs_y = 0},
    {.bitmap_index = 2985, .adv_w = 134, .box_w = 9, .box_h = 9, .ofs_x = 0, .ofs_y = -1},
    {.bitmap_index = 3026, .adv_w = 138, .box_w = 10, .box_h = 9, .ofs_x = -1, .ofs_y = 0},
    {.bitmap_index = 3071, .adv_w = 58, .box_w = 2, .box_h = 12, .ofs_x = 1, .ofs_y = -3},
    {.bitmap_index = 3083, .adv_w = 98, .box_w = 6, .box_h = 11, .ofs_x = 0, .ofs_y = -2},
    {.bitmap_index = 3116, .adv_w = 115, .box_w = 5, .box_h = 2, .ofs_x = 1, .ofs_y = 7},
    {.bitmap_index = 3121, .adv_w = 152, .box_w = 9, .box_h = 10, .ofs_x = 0, .ofs_y = -1},
    {.bitmap_index = 3166, .adv_w = 78, .box_w = 5, .box_h = 4, .ofs_x = 0, .ofs_y = 5},
    {.bitmap_index = 3176, .adv_w = 103, .box_w = 7, .box_h = 6, .ofs_x = 0, .ofs_y = 0},
    {.bitmap_index = 3197, .adv_w = 113, .box_w = 7, .box_h = 4, .ofs_x = 0, .ofs_y = 1},
    {.bitmap_index = 3211, .adv_w = 74, .box_w = 4, .box_h = 2, .ofs_x = 0, .ofs_y = 2},
    {.bitmap_index = 3215, .adv_w = 152, .box_w = 9, .box_h = 10, .ofs_x = 0, .ofs_y = -1},
    {.bitmap_index = 3260, .adv_w = 115, .box_w = 5, .box_h = 2, .ofs_x = 1, .ofs_y = 7},
    {.bitmap_index = 3265, .adv_w = 80, .box_w = 5, .box_h = 5, .ofs_x = 0, .ofs_y = 4},
    {.bitmap_index = 3278, .adv_w = 113, .box_w = 7, .box_h = 8, .ofs_x = 0, .ofs_y = 0},
    {.bitmap_index = 3306, .adv_w = 83, .box_w = 5, .box_h = 6, .ofs_x = 0, .ofs_y = 3},
    {.bitmap_index = 3321, .adv_w = 83, .box_w = 5, .box_h = 6, .ofs_x = 0, .ofs_y = 3},
    {.bitmap_index = 3336, .adv_w = 115, .box_w = 4, .box_h = 2, .ofs_x = 2, .ofs_y = 7},
    {.bitmap_index = 3340, .adv_w = 132, .box_w = 8, .box_h = 10, .ofs_x = 0, .ofs_y = -3},
    {.bitmap_index = 3380, .adv_w = 128, .box_w = 7, .box_h = 11, .ofs_x = 0, .ofs_y = -2},
    {.bitmap_index = 3419, .adv_w = 55, .box_w = 3, .box_h = 3, .ofs_x = 0, .ofs_y = 2},
    {.bitmap_index = 3424, .adv_w = 115, .box_w = 3, .box_h = 4, .ofs_x = 2, .ofs_y = -3},
    {.bitmap_index = 3430, .adv_w = 83, .box_w = 5, .box_h = 6, .ofs_x = 0, .ofs_y = 3},
    {.bitmap_index = 3445, .adv_w = 81, .box_w = 5, .box_h = 4, .ofs_x = 0, .ofs_y = 5},
    {.bitmap_index = 3455, .adv_w = 103, .box_w = 6, .box_h = 6, .ofs_x = 0, .ofs_y = 0},
    {.bitmap_index = 3473, .adv_w = 199, .box_w = 13, .box_h = 9, .ofs_x = 0, .ofs_y = 0},
    {.bitmap_index = 3532, .adv_w = 199, .box_w = 12, .box_h = 9, .ofs_x = 0, .ofs_y = 0},
    {.bitmap_index = 3586, .adv_w = 199, .box_w = 13, .box_h = 9, .ofs_x = 0, .ofs_y = 0},
    {.bitmap_index = 3645, .adv_w = 112, .box_w = 7, .box_h = 9, .ofs_x = 0, .ofs_y = -2},
    {.bitmap_index = 3677, .adv_w = 144, .box_w = 11, .box_h = 11, .ofs_x = -1, .ofs_y = 0},
    {.bitmap_index = 3738, .adv_w = 144, .box_w = 11, .box_h = 11, .ofs_x = -1, .ofs_y = 0},
    {.bitmap_index = 3799, .adv_w = 144, .box_w = 11, .box_h = 11, .ofs_x = -1, .ofs_y = 0},
    {.bitmap_index = 3860, .adv_w = 144, .box_w = 11, .box_h = 11, .ofs_x = -1, .ofs_y = 0},
    {.bitmap_index = 3921, .adv_w = 144, .box_w = 11, .box_h = 11, .ofs_x = -1, .ofs_y = 0},
    {.bitmap_index = 3982, .adv_w = 144, .box_w = 11, .box_h = 12, .ofs_x = -1, .ofs_y = 0},
    {.bitmap_index = 4048, .adv_w = 204, .box_w = 14, .box_h = 9, .ofs_x = -1, .ofs_y = 0},
    {.bitmap_index = 4111, .adv_w = 140, .box_w = 9, .box_h = 12, .ofs_x = 0, .ofs_y = -3},
    {.bitmap_index = 4165, .adv_w = 129, .box_w = 7, .box_h = 11, .ofs_x = 1, .ofs_y = 0},
    {.bitmap_index = 4204, .adv_w = 129, .box_w = 7, .box_h = 11, .ofs_x = 1, .ofs_y = 0},
    {.bitmap_index = 4243, .adv_w = 129, .box_w = 7, .box_h = 11, .ofs_x = 1, .ofs_y = 0},
    {.bitmap_index = 4282, .adv_w = 129, .box_w = 7, .box_h = 11, .ofs_x = 1, .ofs_y = 0},
    {.bitmap_index = 4321, .adv_w = 61, .box_w = 4, .box_h = 11, .ofs_x = -1, .ofs_y = 0},
    {.bitmap_index = 4343, .adv_w = 61, .box_w = 5, .box_h = 11, .ofs_x = 0, .ofs_y = 0},
    {.bitmap_index = 4371, .adv_w = 61, .box_w = 6, .box_h = 11, .ofs_x = -1, .ofs_y = 0},
    {.bitmap_index = 4404, .adv_w = 61, .box_w = 4, .box_h = 11, .ofs_x = 0, .ofs_y = 0},
    {.bitmap_index = 4426, .adv_w = 161, .box_w = 10, .box_h = 9, .ofs_x = 0, .ofs_y = 0},
    {.bitmap_index = 4471, .adv_w = 156, .box_w = 8, .box_h = 11, .ofs_x = 1, .ofs_y = 0},
    {.bitmap_index = 4515, .adv_w = 162, .box_w = 10, .box_h = 12, .ofs_x = 0, .ofs_y = -1},
    {.bitmap_index = 4575, .adv_w = 162, .box_w = 10, .box_h = 12, .ofs_x = 0, .ofs_y = -1},
    {.bitmap_index = 4635, .adv_w = 162, .box_w = 10, .box_h = 12, .ofs_x = 0, .ofs_y = -1},
    {.bitmap_index = 4695, .adv_w = 162, .box_w = 10, .box_h = 12, .ofs_x = 0, .ofs_y = -1},
    {.bitmap_index = 4755, .adv_w = 162, .box_w = 10, .box_h = 12, .ofs_x = 0, .ofs_y = -1},
    {.bitmap_index = 4815, .adv_w = 113, .box_w = 5, .box_h = 6, .ofs_x = 1, .ofs_y = 1},
    {.bitmap_index = 4830, .adv_w = 162, .box_w = 10, .box_h = 11, .ofs_x = 0, .ofs_y = -1},
    {.bitmap_index = 4885, .adv_w = 151, .box_w = 8, .box_h = 12, .ofs_x = 1, .ofs_y = -1},
    {.bitmap_index = 4933, .adv_w = 151, .box_w = 8, .box_h = 12, .ofs_x = 1, .ofs_y = -1},
    {.bitmap_index = 4981, .adv_w = 151, .box_w = 8, .box_h = 12, .ofs_x = 1, .ofs_y = -1},
    {.bitmap_index = 5029, .adv_w = 151, .box_w = 8, .box_h = 12, .ofs_x = 1, .ofs_y = -1},
    {.bitmap_index = 5077, .adv_w = 127, .box_w = 10, .box_h = 11, .ofs_x = -1, .ofs_y = 0},
    {.bitmap_index = 5132, .adv_w = 139, .box_w = 8, .box_h = 9, .ofs_x = 1, .ofs_y = 0},
    {.bitmap_index = 5168, .adv_w = 131, .box_w = 8, .box_h = 10, .ofs_x = 0, .ofs_y = -1},
    {.bitmap_index = 5208, .adv_w = 117, .box_w = 7, .box_h = 10, .ofs_x = 0, .ofs_y = -1},
    {.bitmap_index = 5243, .adv_w = 117, .box_w = 7, .box_h = 10, .ofs_x = 0, .ofs_y = -1},
    {.bitmap_index = 5278, .adv_w = 117, .box_w = 7, .box_h = 10, .ofs_x = 0, .ofs_y = -1},
    {.bitmap_index = 5313, .adv_w = 117, .box_w = 7, .box_h = 10, .ofs_x = 0, .ofs_y = -1},
    {.bitmap_index = 5348, .adv_w = 117, .box_w = 7, .box_h = 10, .ofs_x = 0, .ofs_y = -1},
    {.bitmap_index = 5383, .adv_w = 117, .box_w = 7, .box_h = 11, .ofs_x = 0, .ofs_y = -1},
    {.bitmap_index = 5422, .adv_w = 191, .box_w = 12, .box_h = 8, .ofs_x = 0, .ofs_y = -1},
    {.bitmap_index = 5470, .adv_w = 112, .box_w = 7, .box_h = 10, .ofs_x = 0, .ofs_y = -3},
    {.bitmap_index = 5505, .adv_w = 119, .box_w = 8, .box_h = 10, .ofs_x = 0, .ofs_y = -1},
    {.bitmap_index = 5545, .adv_w = 119, .box_w = 8, .box_h = 10, .ofs_x = 0, .ofs_y = -1},
    {.bitmap_index = 5585, .adv_w = 119, .box_w = 8, .box_h = 10, .ofs_x = 0, .ofs_y = -1},
    {.bitmap_index = 5625, .adv_w = 119, .box_w = 8, .box_h = 10, .ofs_x = 0, .ofs_y = -1},
    {.bitmap_index = 5665, .adv_w = 55, .box_w = 4, .box_h = 9, .ofs_x = -1, .ofs_y = 0},
    {.bitmap_index = 5683, .adv_w = 55, .box_w = 5, .box_h = 9, .ofs_x = 0, .ofs_y = 0},
    {.bitmap_index = 5706, .adv_w = 55, .box_w = 5, .box_h = 9, .ofs_x = -1, .ofs_y = 0},
    {.bitmap_index = 5729, .adv_w = 55, .box_w = 4, .box_h = 9, .ofs_x = 0, .ofs_y = 0},
    {.bitmap_index = 5747, .adv_w = 124, .box_w = 8, .box_h = 10, .ofs_x = 0, .ofs_y = -1},
    {.bitmap_index = 5787, .adv_w = 132, .box_w = 8, .box_h = 9, .ofs_x = 0, .ofs_y = 0},
    {.bitmap_index = 5823, .adv_w = 124, .box_w = 8, .box_h = 10, .ofs_x = 0, .ofs_y = -1},
    {.bitmap_index = 5863, .adv_w = 124, .box_w = 8, .box_h = 10, .ofs_x = 0, .ofs_y = -1},
    {.bitmap_index = 5903, .adv_w = 124, .box_w = 8, .box_h = 10, .ofs_x = 0, .ofs_y = -1},
    {.bitmap_index = 5943, .adv_w = 124, .box_w = 8, .box_h = 10, .ofs_x = 0, .ofs_y = -1},
    {.bitmap_index = 5983, .adv_w = 124, .box_w = 8, .box_h = 10, .ofs_x = 0, .ofs_y = -1},
    {.bitmap_index = 6023, .adv_w = 113, .box_w = 7, .box_h = 8, .ofs_x = 0, .ofs_y = 0},
    {.bitmap_index = 6051, .adv_w = 124, .box_w = 8, .box_h = 9, .ofs_x = 0, .ofs_y = -1},
    {.bitmap_index = 6087, .adv_w = 131, .box_w = 8, .box_h = 10, .ofs_x = 0, .ofs_y = -1},
    {.bitmap_index = 6127, .adv_w = 131, .box_w = 8, .box_h = 10, .ofs_x = 0, .ofs_y = -1},
    {.bitmap_index = 6167, .adv_w = 131, .box_w = 8, .box_h = 10, .ofs_x = 0, .ofs_y = -1},
    {.bitmap_index = 6207, .adv_w = 131, .box_w = 8, .box_h = 10, .ofs_x = 0, .ofs_y = -1},
    {.bitmap_index = 6247, .adv_w = 111, .box_w = 8, .box_h = 12, .ofs_x = -1, .ofs_y = -3},
    {.bitmap_index = 6295, .adv_w = 132, .box_w = 8, .box_h = 12, .ofs_x = 0, .ofs_y = -3},
    {.bitmap_index = 6343, .adv_w = 111, .box_w = 8, .box_h = 12, .ofs_x = -1, .ofs_y = -3},
    {.bitmap_index = 6391, .adv_w = 96, .box_w = 6, .box_h = 2, .ofs_x = 0, .ofs_y = 2},
    {.bitmap_index = 6397, .adv_w = 192, .box_w = 12, .box_h = 2, .ofs_x = 0, .ofs_y = 2},
    {.bitmap_index = 6409, .adv_w = 47, .box_w = 3, .box_h = 4, .ofs_x = 0, .ofs_y = 5},
    {.bitmap_index = 6415, .adv_w = 64, .box_w = 4, .box_h = 3, .ofs_x = 0, .ofs_y = 2},
    {.bitmap_index = 6421, .adv_w = 143, .box_w = 9, .box_h = 3, .ofs_x = 0, .ofs_y = -1},
};

static const lv_font_fmt_txt_cmap_t cmaps_text_12[] = {
    {.range_start = 0x20, .range_length = 95, .glyph_id_start = 1, .unicode_list = NULL, .glyph_id_ofs_list = NULL, .list_length = 0, .type = LV_FONT_FMT_TXT_CMAP_FORMAT0_TINY},
    {.range_start = 0xA0, .range_length = 96, .glyph_id_start = 96, .unicode_list = NULL, .glyph_id_ofs_list = NULL, .list_length = 0, .type = LV_FONT_FMT_TXT_CMAP_FORMAT0_TINY},
    {.range_start = 0x2013, .range_length = 2, .glyph_id_start = 192, .unicode_list = NULL, .glyph_id_ofs_list = NULL, .list_length = 0, .type = LV_FONT_FMT_TXT_CMAP_FORMAT0_TINY},
    {.range_start = 0x2019, .range_length = 1, .glyph_id_start = 194, .unicode_list = NULL, .glyph_id_ofs_list = NULL, .list_length = 0, .type = LV_FONT_FMT_TXT_CMAP_FORMAT0_TINY},
    {.range_start = 0x2022, .range_length = 1, .glyph_id_start = 195, .unicode_list = NULL, .glyph_id_ofs_list = NULL, .list_length = 0, .type = LV_FONT_FMT_TXT_CMAP_FORMAT0_TINY},
    {.range_start = 0x2026, .range_length = 1, .glyph_id_start = 196, .unicode_list = NULL, .glyph_id_ofs_list = NULL, .list_length = 0, .type = LV_FONT_FMT_TXT_CMAP_FORMAT0_TINY},
};

static const lv_font_fmt_txt_dsc_t font_dsc_text_12 = {
    .glyph_bitmap = glyph_bitmap_text_12, .glyph_dsc = glyph_dsc_text_12, .cmaps = cmaps_text_12,
    .kern_dsc = NULL, .kern_scale = 0, .cmap_num = 6, .bpp = 4, .kern_classes = 0,
    .bitmap_format = 0,
};

const lv_font_t bed_font_text_12 = {
    .get_glyph_dsc = lv_font_get_glyph_dsc_fmt_txt,
    .get_glyph_bitmap = lv_font_get_bitmap_fmt_txt,
    .line_height = 16, .base_line = 4, .subpx = LV_FONT_SUBPX_NONE,
    .underline_position = 0, .underline_thickness = 0, .dsc = &font_dsc_text_12,
    .fallback = &bed_icons_inline_12,
};


static LV_ATTRIBUTE_LARGE_CONST const uint8_t glyph_bitmap_text_14[] = {
    /* U+0021 */ 0x0c, 0xc0, 0x0f, 0xf0, 0x0f, 0xe0, 0x0f, 0xc0, 0x0c, 0xc0, 0x0c, 0xc0, 0x09, 0x90, 0x00, 0x00, 0x1f, 0xd0, 0x1f, 0xf0, 0x00, 0x00,
    /* U+0022 */ 0x3c, 0x36, 0xc4, 0xf4, 0x8f, 0x4f, 0x48, 0xf1, 0xf4, 0x8f, 0x00, 0x00, 0x00,
    /* U+0023 */ 0x00, 0x0c, 0x40, 0x3c, 0x00, 0x00, 0x0f, 0x40, 0x7e, 0x00, 0x28, 0x9f, 0xa8, 0xce, 0x84, 0x3c, 0xdf, 0xcc, 0xfe, 0xc8, 0x00, 0x7e, 0x00, 0xc8, 0x00, 0x00, 0x8c, 0x00, 0xe6, 0x00, 0x9c, 0xef, 0xcc, 0xfd, 0xc3, 0x68, 0xec, 0x8a, 0xf9, 0x82, 0x00, 0xf6, 0x04, 0xf0, 0x00, 0x00, 0xf4, 0x06, 0xf0, 0x00,
    /* U+0024 */ 0x00, 0x00, 0x80, 0x00, 0x00, 0x00, 0x0f, 0x00, 0x00, 0x01, 0x9d, 0xfe, 0xb4, 0x00, 0xdf, 0xdf, 0xbf, 0xb0, 0x4f, 0xa0, 0xf0, 0x02, 0x04, 0xfc, 0x1f, 0x00, 0x00, 0x0d, 0xff, 0xf7, 0x20, 0x00, 0x06, 0xbf, 0xff, 0x90, 0x00, 0x00, 0xf4, 0xdf, 0x30, 0x30, 0x0f, 0x08, 0xf4, 0x5f, 0xb8, 0xf9, 0xff, 0x11, 0x9e, 0xff, 0xfc, 0x30, 0x00, 0x00, 0xf0, 0x00, 0x00, 0x00, 0x0c, 0x00, 0x00,
    /* U+0025 */ 0x08, 0xed, 0x30, 0x00, 0x79, 0x00, 0x4e, 0x28, 0xe0, 0x03, 0xf3, 0x00, 0x89, 0x00, 0xf3, 0x1e, 0x80, 0x00, 0x8b, 0x01, 0xf1, 0x9d, 0x00, 0x00, 0x2f, 0x9c, 0xa4, 0xf2, 0x34, 0x00, 0x02, 0x86, 0x1e, 0x77, 0xed, 0xd1, 0x00, 0x00, 0xac, 0x0f, 0x20, 0xc7, 0x00, 0x05, 0xf2, 0x0f, 0x00, 0x88, 0x00, 0x1f, 0x70, 0x0f, 0x40, 0xd6, 0x00, 0xbb, 0x00, 0x06, 0xff, 0xc0, 0x00, 0x00, 0x00, 0x00, 0x00, 0x00,
    /* U+0026 */ 0x00, 0x4c, 0xfd, 0x50, 0x00, 0x01, 0xfd, 0x5b, 0xf2, 0x00, 0x04, 0xf5, 0x05, 0xf3, 0x00, 0x01, 0xfd, 0x6f, 0xd0, 0x00, 0x00, 0x7f, 0xfa, 0x10, 0x00, 0x07, 0xfb, 0xfd, 0x13, 0xa2, 0x3f, 0x90, 0x3f, 0xeb, 0xf1, 0x8f, 0x50, 0x03, 0xff, 0xa0, 0x3f, 0xe6, 0x49, 0xff, 0xf3, 0x05, 0xef, 0xff, 0x94, 0xe3, 0x00, 0x01, 0x20, 0x00, 0x00,
    /* U+0027 */ 0x3c, 0x34, 0xf4, 0x4f, 0x41, 0xf4, 0x00, 0x00,
    /* U+0028 */ 0x01, 0x84, 0x0a, 0xf2, 0x1f, 0xb0, 0x6f, 0x60, 0x9f, 0x20, 0xcf, 0x00, 0xcf, 0x00, 0xcf, 0x00, 0xcf, 0x00, 0xaf, 0x10, 0x7f, 0x40, 0x2f, 0x90, 0x0c, 0xf0, 0x04, 0xc4,
    /* U+0029 */ 0x58, 0x10, 0x4f, 0x80, 0x0d, 0xe0, 0x08, 0xf3, 0x04, 0xf8, 0x02, 0xf9, 0x00, 0xfc, 0x00, 0xfc, 0x00, 0xfa, 0x04, 0xf8, 0x07, 0xf5, 0x0b, 0xf1, 0x2f, 0xa0, 0x7c, 0x20,
    /* U+002A */ 0x00, 0x44, 0x00, 0x32, 0x88, 0x42, 0x7f, 0xde, 0xf5, 0x1a, 0xff, 0x80, 0x9c, 0xab, 0xd6, 0x00, 0x88, 0x00,
    /* U+002B */ 0x00, 0x00, 0x00, 0x00, 0x00, 0x08, 0xf0, 0x00, 0x00, 0x08, 0xf0, 0x00, 0x08, 0x8c, 0xf8, 0x82, 0x0c, 0xce, 0xfc, 0xc3, 0x00, 0x08, 0xf0, 0x00, 0x00, 0x08, 0xf0, 0x00, 0x00, 0x02, 0x40, 0x00,
    /* U+002C */ 0x03, 0x15, 0xfb, 0x4f, 0xc0, 0xe6, 0x2f, 0x10, 0x00,
    /* U+002D */ 0x28, 0x88, 0x43, 0xcc, 0xc6,
    /* U+002E */ 0x03, 0x16, 0xfb, 0x4f, 0xb0, 0x00,
    /* U+002F */ 0x00, 0x00, 0x0b, 0x70, 0x00, 0x04, 0xf5, 0x00, 0x00, 0xaf, 0x00, 0x00, 0x0f, 0xa0, 0x00, 0x05, 0xf5, 0x00, 0x00, 0xae, 0x00, 0x00, 0x1f, 0x90, 0x00, 0x06, 0xf3, 0x00, 0x00, 0xbe, 0x00, 0x00, 0x1f, 0x90, 0x00, 0x06, 0xf2, 0x00, 0x00, 0xcd, 0x00, 0x00, 0x2f, 0x70, 0x00, 0x03, 0x82, 0x00, 0x00,
    /* U+0030 */ 0x00, 0x4b, 0xfe, 0x80, 0x00, 0x5f, 0xfc, 0xdf, 0xc0, 0x0e, 0xf3, 0x00, 0xbf, 0x53, 0xfa, 0x00, 0x03, 0xfa, 0x5f, 0x80, 0x00, 0x0f, 0xc6, 0xf8, 0x00, 0x00, 0xfc, 0x4f, 0x90, 0x00, 0x3f, 0xb0, 0xff, 0x10, 0x08, 0xf6, 0x07, 0xfd, 0x8a, 0xfd, 0x00, 0x08, 0xff, 0xfc, 0x10, 0x00, 0x00, 0x30, 0x00, 0x00,
    /* U+0031 */ 0xcc, 0xcc, 0x0c, 0xcf, 0xf0, 0x00, 0xcf, 0x00, 0x0c, 0xf0, 0x00, 0xcf, 0x00, 0x0c, 0xf0, 0x00, 0xcf, 0x00, 0x0c, 0xf0, 0x00, 0xcf, 0x00, 0x0c, 0xf0,
    /* U+0032 */ 0x07, 0xcf, 0xfa, 0x20, 0xaf, 0xec, 0xdf, 0xf1, 0x18, 0x00, 0x0a, 0xf4, 0x00, 0x00, 0x09, 0xf4, 0x00, 0x00, 0x3f, 0xe0, 0x00, 0x03, 0xff, 0x30, 0x00, 0x3f, 0xf3, 0x00, 0x03, 0xff, 0x30, 0x00, 0x3f, 0xfb, 0x88, 0x86, 0x8f, 0xff, 0xff, 0xfc,
    /* U+0033 */ 0x6c, 0xcc, 0xcc, 0xc3, 0x6c, 0xcc, 0xdf, 0xf2, 0x00, 0x00, 0xbf, 0x40, 0x00, 0x09, 0xf6, 0x00, 0x00, 0x3f, 0xfa, 0x20, 0x00, 0x28, 0xcf, 0xf2, 0x00, 0x00, 0x07, 0xf8, 0x11, 0x00, 0x05, 0xf8, 0xcf, 0x98, 0x9f, 0xf4, 0x5d, 0xff, 0xfe, 0x50, 0x00, 0x03, 0x10, 0x00,
    /* U+0034 */ 0x00, 0x00, 0x1b, 0xb0, 0x00, 0x00, 0x00, 0xbf, 0x40, 0x00, 0x00, 0x07, 0xf8, 0x00, 0x00, 0x00, 0x3f, 0xc0, 0x00, 0x00, 0x01, 0xff, 0x10, 0xc6, 0x00, 0x0c, 0xf4, 0x00, 0xf8, 0x00, 0x7f, 0xfc, 0xcc, 0xfe, 0xc3, 0x6c, 0xcc, 0xcd, 0xfe, 0xc3, 0x00, 0x00, 0x04, 0xf8, 0x00, 0x00, 0x00, 0x04, 0xf8, 0x00,
    /* U+0035 */ 0x08, 0xcc, 0xcc, 0xc3, 0x0c, 0xfc, 0xcc, 0xc3, 0x0c, 0xe0, 0x00, 0x00, 0x0f, 0xc0, 0x00, 0x00, 0x0f, 0xff, 0xfd, 0x50, 0x08, 0x88, 0xaf, 0xf5, 0x00, 0x00, 0x04, 0xfc, 0x11, 0x00, 0x02, 0xfb, 0x8f, 0xa8, 0x8e, 0xf5, 0x4b, 0xff, 0xff, 0x60, 0x00, 0x02, 0x10, 0x00,
    /* U+0036 */ 0x00, 0x2a, 0xef, 0xd9, 0x00, 0x3f, 0xfc, 0x8c, 0xa0, 0x0c, 0xf3, 0x00, 0x00, 0x03, 0xfa, 0x00, 0x00, 0x00, 0x4f, 0xbc, 0xff, 0xd3, 0x06, 0xff, 0xc8, 0x9f, 0xf2, 0x4f, 0xe0, 0x00, 0x6f, 0x71, 0xfd, 0x00, 0x06, 0xf7, 0x09, 0xfb, 0x46, 0xff, 0x10, 0x08, 0xff, 0xfe, 0x30, 0x00, 0x00, 0x21, 0x00, 0x00,
    /* U+0037 */ 0x6c, 0xcc, 0xcc, 0xcc, 0x08, 0xfc, 0xcc, 0xcf, 0xf0, 0x8f, 0x00, 0x06, 0xf8, 0x04, 0x80, 0x00, 0xef, 0x20, 0x00, 0x00, 0x5f, 0xa0, 0x00, 0x00, 0x0c, 0xf3, 0x00, 0x00, 0x03, 0xfc, 0x00, 0x00, 0x00, 0xaf, 0x50, 0x00, 0x00, 0x2f, 0xe0, 0x00, 0x00, 0x08, 0xf6, 0x00, 0x00,
    /* U+0038 */ 0x01, 0x8d, 0xfe, 0xa1, 0x00, 0xcf, 0xc8, 0xaf, 0xd0, 0x0f, 0xd0, 0x00, 0xaf, 0x40, 0xfe, 0x10, 0x0c, 0xf2, 0x06, 0xff, 0xce, 0xf6, 0x00, 0xcf, 0xc8, 0xbf, 0xd1, 0x6f, 0x90, 0x00, 0x7f, 0x77, 0xf8, 0x00, 0x05, 0xf8, 0x2f, 0xf7, 0x47, 0xff, 0x40, 0x3d, 0xff, 0xfe, 0x50, 0x00, 0x00, 0x40, 0x00, 0x00,
    /* U+0039 */ 0x03, 0xbf, 0xfb, 0x30, 0x02, 0xff, 0x98, 0xef, 0x30, 0x9f, 0x40, 0x02, 0xfc, 0x0b, 0xf2, 0x00, 0x1f, 0xf0, 0x6f, 0xd4, 0x4b, 0xff, 0x30, 0x9f, 0xff, 0xee, 0xf3, 0x00, 0x14, 0x30, 0xdf, 0x00, 0x00, 0x00, 0x4f, 0xa0, 0x0a, 0x88, 0x9f, 0xf2, 0x01, 0xef, 0xff, 0xb3, 0x00, 0x00, 0x03, 0x00, 0x00, 0x00,
    /* U+003A */ 0x18, 0x47, 0xfc, 0x2b, 0x60, 0x00, 0x00, 0x00, 0x31, 0x6f, 0xb4, 0xfb, 0x00, 0x00,
    /* U+003B */ 0x18, 0x47, 0xfc, 0x2b, 0x60, 0x00, 0x00, 0x00, 0x31, 0x5f, 0xb4, 0xfc, 0x0e, 0x62, 0xf1, 0x00, 0x00,
    /* U+003C */ 0x00, 0x00, 0x00, 0x00, 0x00, 0x00, 0x17, 0xe4, 0x00, 0x5a, 0xff, 0xa2, 0x0e, 0xfc, 0x61, 0x00, 0x0f, 0xe9, 0x20, 0x00, 0x02, 0x7e, 0xfd, 0x61, 0x00, 0x00, 0x4a, 0xf4, 0x00, 0x00, 0x00, 0x11,
    /* U+003D */ 0x04, 0x44, 0x44, 0x41, 0x0f, 0xff, 0xff, 0xf4, 0x00, 0x00, 0x00, 0x00, 0x00, 0x00, 0x00, 0x00, 0x0f, 0xff, 0xff, 0xf4, 0x08, 0x88, 0x88, 0x82,
    /* U+003E */ 0x00, 0x00, 0x00, 0x00, 0x0f, 0x92, 0x00, 0x00, 0x08, 0xef, 0xc6, 0x10, 0x00, 0x04, 0xaf, 0xf3, 0x00, 0x01, 0x7d, 0xf4, 0x05, 0xbf, 0xfa, 0x30, 0x0f, 0xc6, 0x00, 0x00, 0x02, 0x00, 0x00, 0x00,
    /* U+003F */ 0x07, 0xcf, 0xfb, 0x30, 0x9f, 0xd8, 0xbf, 0xf1, 0x27, 0x00, 0x0a, 0xf4, 0x00, 0x00, 0x0c, 0xf2, 0x00, 0x00, 0xaf, 0x70, 0x00, 0x09, 0xf7, 0x00, 0x00, 0x0a, 0xc0, 0x00, 0x00, 0x00, 0x00, 0x00, 0x00, 0x0f, 0xf0, 0x00, 0x00, 0x0f, 0xf0, 0x00, 0x00, 0x00, 0x00, 0x00,
    /* U+0040 */ 0x00, 0x01, 0x6c, 0xff, 0xda, 0x40, 0x00, 0x00, 0x3e, 0xe7, 0x44, 0x5a, 0xfa, 0x00, 0x02, 0xfa, 0x00, 0x00, 0x00, 0x2d, 0xa0, 0x0c, 0xc0, 0x3c, 0xff, 0xad, 0xc2, 0xf4, 0x2f, 0x41, 0xef, 0x75, 0xcf, 0xc0, 0xaa, 0x4f, 0x06, 0xf5, 0x00, 0x1f, 0xc0, 0x6c, 0x6f, 0x08, 0xf2, 0x00, 0x0c, 0xc0, 0x4c, 0x4f, 0x06, 0xf5, 0x00, 0x0e, 0xc0, 0x7c, 0x1f, 0x51, 0xff, 0x65, 0xbf, 0xf4, 0xd7, 0x0a, 0xc0, 0x3c, 0xff, 0xb5, 0xff, 0xb0, 0x02, 0xfa, 0x10, 0x00, 0x00, 0x00, 0x00, 0x00, 0x3d, 0xf9, 0x54, 0x7c, 0x20, 0x00, 0x00, 0x00, 0x6b, 0xcc, 0xc9, 0x10, 0x00,
    /* U+0041 */ 0x00, 0x00, 0x0a, 0xc4, 0x00, 0x00, 0x00, 0x00, 0x4f, 0xfc, 0x00, 0x00, 0x00, 0x00, 0xbf, 0xaf, 0x20, 0x00, 0x00, 0x02, 0xfa, 0x2f, 0xa0, 0x00, 0x00, 0x0a, 0xf2, 0x0b, 0xf2, 0x00, 0x00, 0x1f, 0xc0, 0x04, 0xf8, 0x00, 0x00, 0x8f, 0xec, 0xcc, 0xff, 0x10, 0x00, 0xff, 0xcc, 0xcc, 0xdf, 0x60, 0x06, 0xf7, 0x00, 0x00, 0x1f, 0xe0, 0x0e, 0xf1, 0x00, 0x00, 0x09, 0xf6,
    /* U+0042 */ 0x9c, 0xcc, 0xcc, 0xa3, 0x00, 0xcf, 0xdc, 0xcc, 0xff, 0x20, 0xcf, 0x40, 0x00, 0x7f, 0x80, 0xcf, 0x40, 0x00, 0x7f, 0x70, 0xcf, 0xdc, 0xcc, 0xfc, 0x10, 0xcf, 0xdc, 0xcc, 0xff, 0x50, 0xcf, 0x40, 0x00, 0x1f, 0xe0, 0xcf, 0x40, 0x00, 0x0e, 0xf0, 0xcf, 0xa8, 0x88, 0xcf, 0xc0, 0xcf, 0xff, 0xff, 0xea, 0x10,
    /* U+0043 */ 0x00, 0x07, 0xcf, 0xfb, 0x40, 0x01, 0xdf, 0xfc, 0xcf, 0xf8, 0x0b, 0xfa, 0x00, 0x01, 0x91, 0x2f, 0xd0, 0x00, 0x00, 0x00, 0x5f, 0x80, 0x00, 0x00, 0x00, 0x6f, 0x80, 0x00, 0x00, 0x00, 0x3f, 0xc0, 0x00, 0x00, 0x00, 0x0c, 0xf6, 0x00, 0x00, 0x60, 0x03, 0xff, 0xc8, 0x8d, 0xf8, 0x00, 0x2a, 0xff, 0xff, 0x80, 0x00, 0x00, 0x02, 0x10, 0x00,
    /* U+0044 */ 0x9c, 0xcc, 0xcc, 0x92, 0x00, 0xcf, 0xdc, 0xcd, 0xff, 0x60, 0xcf, 0x40, 0x00, 0x4f, 0xf4, 0xcf, 0x40, 0x00, 0x04, 0xfb, 0xcf, 0x40, 0x00, 0x00, 0xff, 0xcf, 0x40, 0x00, 0x00, 0xff, 0xcf, 0x40, 0x00, 0x02, 0xfc, 0xcf, 0x40, 0x00, 0x1d, 0xf6, 0xcf, 0xa8, 0x8a, 0xff, 0xa0, 0xcf, 0xff, 0xff, 0xb5, 0x00,
    /* U+0045 */ 0x9c, 0xcc, 0xcc, 0xc6, 0xcf, 0xdc, 0xcc, 0xc6, 0xcf, 0x40, 0x00, 0x00, 0xcf, 0x40, 0x00, 0x00, 0xcf, 0xdc, 0xcc, 0x90, 0xcf, 0xdc, 0xcc, 0x90, 0xcf, 0x40, 0x00, 0x00, 0xcf, 0x40, 0x00, 0x00, 0xcf, 0xa8, 0x88, 0x86, 0xcf, 0xff, 0xff, 0xfc,
    /* U+0046 */ 0x9c, 0xcc, 0xcc, 0xc6, 0xcf, 0xdc, 0xcc, 0xc6, 0xcf, 0x40, 0x00, 0x00, 0xcf, 0x40, 0x00, 0x00, 0xcf, 0x74, 0x44, 0x30, 0xcf, 0xff, 0xff, 0xc0, 0xcf, 0x74, 0x44, 0x30, 0xcf, 0x40, 0x00, 0x00, 0xcf, 0x40, 0x00, 0x00, 0xcf, 0x40, 0x00, 0x00,
    /* U+0047 */ 0x00, 0x07, 0xcf, 0xfc, 0x60, 0x01, 0xdf, 0xfc, 0xcf, 0xf9, 0x0b, 0xfa, 0x00, 0x01, 0x82, 0x2f, 0xd0, 0x00, 0x00, 0x00, 0x5f, 0x80, 0x00, 0x00, 0x00, 0x6f, 0x80, 0x00, 0x00, 0xfc, 0x3f, 0xc0, 0x00, 0x00, 0xfc, 0x0c, 0xf6, 0x00, 0x00, 0xfc, 0x03, 0xff, 0xc8, 0x8c, 0xfc, 0x00, 0x2a, 0xff, 0xff, 0xa2, 0x00, 0x00, 0x02, 0x10, 0x00,
    /* U+0048 */ 0x9c, 0x30, 0x00, 0x09, 0xc0, 0xcf, 0x40, 0x00, 0x0c, 0xf0, 0xcf, 0x40, 0x00, 0x0c, 0xf0, 0xcf, 0x40, 0x00, 0x0c, 0xf0, 0xcf, 0xdc, 0xcc, 0xcf, 0xf0, 0xcf, 0xdc, 0xcc, 0xcf, 0xf0, 0xcf, 0x40, 0x00, 0x0c, 0xf0, 0xcf, 0x40, 0x00, 0x0c, 0xf0, 0xcf, 0x40, 0x00, 0x0c, 0xf0, 0xcf, 0x40, 0x00, 0x0c, 0xf0,
    /* U+0049 */ 0x9c, 0x3c, 0xf4, 0xcf, 0x4c, 0xf4, 0xcf, 0x4c, 0xf4, 0xcf, 0x4c, 0xf4, 0xcf, 0x4c, 0xf4,
    /* U+004A */ 0x03, 0xcc, 0xcc, 0xc3, 0x03, 0xcc, 0xcf, 0xf4, 0x00, 0x00, 0x0c, 0xf4, 0x00, 0x00, 0x0c, 0xf4, 0x00, 0x00, 0x0c, 0xf4, 0x00, 0x00, 0x0c, 0xf4, 0x00, 0x00, 0x0c, 0xf4, 0x03, 0x10, 0x0d, 0xf1, 0x0f, 0xd8, 0x9f, 0xc0, 0x06, 0xff, 0xfe, 0x30, 0x00, 0x02, 0x10, 0x00,
    /* U+004B */ 0x9c, 0x30, 0x00, 0x6c, 0x70, 0xcf, 0x40, 0x06, 0xfd, 0x10, 0xcf, 0x40, 0x3f, 0xd1, 0x00, 0xcf, 0x43, 0xfd, 0x10, 0x00, 0xcf, 0x7f, 0xf2, 0x00, 0x00, 0xcf, 0xff, 0xfa, 0x00, 0x00, 0xcf, 0xf3, 0xdf, 0x70, 0x00, 0xcf, 0x50, 0x1e, 0xf4, 0x00, 0xcf, 0x40, 0x03, 0xff, 0x20, 0xcf, 0x40, 0x00, 0x5f, 0xd1,
    /* U+004C */ 0x9c, 0x30, 0x00, 0x00, 0xcf, 0x40, 0x00, 0x00, 0xcf, 0x40, 0x00, 0x00, 0xcf, 0x40, 0x00, 0x00, 0xcf, 0x40, 0x00, 0x00, 0xcf, 0x40, 0x00, 0x00, 0xcf, 0x40, 0x00, 0x00, 0xcf, 0x40, 0x00, 0x00, 0xcf, 0xa8, 0x88, 0x82, 0xcf, 0xff, 0xff, 0xf4,
    /* U+004D */ 0x9c, 0x10, 0x00, 0x00, 0x08, 0xc0, 0xcf, 0x90, 0x00, 0x00, 0x4f, 0xf0, 0xcf, 0xf3, 0x00, 0x00, 0xdf, 0xf0, 0xcf, 0xfc, 0x00, 0x07, 0xff, 0xf0, 0xcf, 0x6f, 0x60, 0x1f, 0xcc, 0xf0, 0xcf, 0x0c, 0xf1, 0x9f, 0x2c, 0xf0, 0xcf, 0x03, 0xfb, 0xf8, 0x0c, 0xf0, 0xcf, 0x00, 0x9f, 0xe1, 0x0c, 0xf0, 0xcf, 0x00, 0x1f, 0x50, 0x0c, 0xf0, 0xcf, 0x00, 0x00, 0x00, 0x0c, 0xf0,
    /* U+004E */ 0x9c, 0x20, 0x00, 0x09, 0xc0, 0xcf, 0xd1, 0x00, 0x0c, 0xf0, 0xcf, 0xfb, 0x00, 0x0c, 0xf0, 0xcf, 0xcf, 0x80, 0x0c, 0xf0, 0xcf, 0x1e, 0xf5, 0x0c, 0xf0, 0xcf, 0x03, 0xff, 0x3c, 0xf0, 0xcf, 0x00, 0x6f, 0xed, 0xf0, 0xcf, 0x00, 0x08, 0xff, 0xf0, 0xcf, 0x00, 0x00, 0xbf, 0xf0, 0xcf, 0x00, 0x00, 0x1d, 0xf0,
    /* U+004F */ 0x00, 0x07, 0xcf, 0xfb, 0x60, 0x00, 0x01, 0xdf, 0xec, 0xcf, 0xfa, 0x00, 0x0b, 0xfa, 0x00, 0x01, 0xdf, 0x80, 0x2f, 0xd0, 0x00, 0x00, 0x1f, 0xf0, 0x5f, 0x80, 0x00, 0x00, 0x0c, 0xf3, 0x6f, 0x80, 0x00, 0x00, 0x0c, 0xf3, 0x3f, 0xc0, 0x00, 0x00, 0x0f, 0xf0, 0x0c, 0xf6, 0x00, 0x00, 0xaf, 0x90, 0x03, 0xff, 0xc8, 0x8e, 0xfd, 0x10, 0x00, 0x2a, 0xff, 0xff, 0x81, 0x00, 0x00, 0x00, 0x02, 0x10, 0x00, 0x00,
    /* U+0050 */ 0x9c, 0xcc, 0xcb, 0x60, 0x0c, 0xfd, 0xcc, 0xff, 0xd0, 0xcf, 0x40, 0x00, 0xbf, 0x6c, 0xf4, 0x00, 0x05, 0xf8, 0xcf, 0x40, 0x00, 0x8f, 0x7c, 0xf7, 0x46, 0x9f, 0xf1, 0xcf, 0xff, 0xff, 0xc3, 0x0c, 0xf7, 0x44, 0x10, 0x00, 0xcf, 0x40, 0x00, 0x00, 0x0c, 0xf4, 0x00, 0x00, 0x00,
    /* U+0051 */ 0x00, 0x07, 0xcf, 0xfb, 0x60, 0x00, 0x01, 0xdf, 0xec, 0xcf, 0xfa, 0x00, 0x0b, 0xfa, 0x00, 0x01, 0xdf, 0x80, 0x2f, 0xd0, 0x00, 0x00, 0x1f, 0xf0, 0x5f, 0x80, 0x00, 0x00, 0x0c, 0xf3, 0x6f, 0x80, 0x00, 0x00, 0x0c, 0xf3, 0x3f, 0xc0, 0x00, 0x00, 0x0f, 0xf0, 0x0c, 0xf6, 0x00, 0x00, 0xaf, 0x90, 0x03, 0xff, 0xc8, 0x8e, 0xfd, 0x10, 0x00, 0x2a, 0xff, 0xff, 0x81, 0x00, 0x00, 0x00, 0x06, 0xff, 0x64, 0xc4, 0x00, 0x00, 0x00, 0x3c, 0xff, 0xe3, 0x00, 0x00, 0x00, 0x00, 0x12, 0x00,
    /* U+0052 */ 0x9c, 0xcc, 0xcb, 0x60, 0x0c, 0xfd, 0xcc, 0xff, 0xd0, 0xcf, 0x40, 0x00, 0xbf, 0x6c, 0xf4, 0x00, 0x05, 0xf8, 0xcf, 0x40, 0x00, 0x8f, 0x7c, 0xf7, 0x45, 0x9f, 0xf1, 0xcf, 0xff, 0xff, 0xd3, 0x0c, 0xf7, 0x44, 0xfe, 0x10, 0xcf, 0x40, 0x05, 0xfb, 0x0c, 0xf4, 0x00, 0x0a, 0xf5,
    /* U+0053 */ 0x01, 0x8d, 0xfe, 0xb4, 0x00, 0xdf, 0xd8, 0xbf, 0xb0, 0x4f, 0xa0, 0x00, 0x02, 0x04, 0xfc, 0x10, 0x00, 0x00, 0x0d, 0xff, 0xc7, 0x20, 0x00, 0x06, 0xbf, 0xff, 0x90, 0x00, 0x00, 0x05, 0xdf, 0x30, 0x30, 0x00, 0x08, 0xf4, 0x5f, 0xb8, 0x79, 0xff, 0x11, 0xaf, 0xff, 0xfc, 0x30, 0x00, 0x00, 0x30, 0x00, 0x00,
    /* U+0054 */ 0xcc, 0xcc, 0xcc, 0xcc, 0x3c, 0xcc, 0xff, 0xcc, 0xc3, 0x00, 0x0c, 0xf0, 0x00, 0x00, 0x00, 0xcf, 0x00, 0x00, 0x00, 0x0c, 0xf0, 0x00, 0x00, 0x00, 0xcf, 0x00, 0x00, 0x00, 0x0c, 0xf0, 0x00, 0x00, 0x00, 0xcf, 0x00, 0x00, 0x00, 0x0c, 0xf0, 0x00, 0x00, 0x00, 0xcf, 0x00, 0x00,
    /* U+0055 */ 0x9c, 0x00, 0x00, 0x0c, 0x9c, 0xf0, 0x00, 0x00, 0xfc, 0xcf, 0x00, 0x00, 0x0f, 0xcc, 0xf0, 0x00, 0x00, 0xfc, 0xcf, 0x00, 0x00, 0x0f, 0xcc, 0xf0, 0x00, 0x00, 0xfc, 0xcf, 0x20, 0x00, 0x0f, 0xc8, 0xf8, 0x00, 0x07, 0xf9, 0x1f, 0xfa, 0x8a, 0xff, 0x20, 0x3c, 0xff, 0xfc, 0x30, 0x00, 0x00, 0x40, 0x00, 0x00,
    /* U+0056 */ 0x0b, 0xc1, 0x00, 0x00, 0x08, 0xc1, 0x08, 0xf8, 0x00, 0x00, 0x2f, 0xb0, 0x01, 0xfe, 0x00, 0x00, 0x9f, 0x40, 0x00, 0xaf, 0x60, 0x01, 0xfe, 0x00, 0x00, 0x3f, 0xc0, 0x06, 0xf6, 0x00, 0x00, 0x0c, 0xf3, 0x0e, 0xf1, 0x00, 0x00, 0x05, 0xfa, 0x4f, 0x80, 0x00, 0x00, 0x00, 0xef, 0xcf, 0x20, 0x00, 0x00, 0x00, 0x7f, 0xfa, 0x00, 0x00, 0x00, 0x00, 0x1f, 0xf4, 0x00, 0x00,
    /* U+0057 */ 0x6c, 0x50, 0x00, 0x0b, 0xc1, 0x00, 0x03, 0xc6, 0x3f, 0xb0, 0x00, 0x3f, 0xf6, 0x00, 0x09, 0xf3, 0x0e, 0xf1, 0x00, 0x9f, 0xfb, 0x00, 0x0e, 0xe0, 0x09, 0xf6, 0x00, 0xed, 0xbf, 0x10, 0x3f, 0x90, 0x03, 0xfb, 0x03, 0xf7, 0x6f, 0x60, 0x9f, 0x30, 0x00, 0xef, 0x09, 0xf2, 0x1f, 0xb0, 0xee, 0x00, 0x00, 0x9f, 0x5e, 0xd0, 0x0b, 0xf4, 0xf9, 0x00, 0x00, 0x3f, 0xdf, 0x70, 0x06, 0xfd, 0xf3, 0x00, 0x00, 0x0e, 0xff, 0x10, 0x01, 0xff, 0xe0, 0x00, 0x00, 0x09, 0xfb, 0x00, 0x00, 0xbf, 0x90, 0x00,
    /* U+0058 */ 0x4c, 0x80, 0x00, 0x0b, 0xb1, 0x0c, 0xf5, 0x00, 0x9f, 0x60, 0x01, 0xff, 0x14, 0xfb, 0x00, 0x00, 0x5f, 0xcf, 0xe1, 0x00, 0x00, 0x09, 0xff, 0x40, 0x00, 0x00, 0x09, 0xff, 0x50, 0x00, 0x00, 0x5f, 0xbf, 0xf2, 0x00, 0x02, 0xff, 0x15, 0xfc, 0x00, 0x0c, 0xf4, 0x00, 0x9f, 0x80, 0x8f, 0x90, 0x00, 0x1d, 0xf4,
    /* U+0059 */ 0x0a, 0xc1, 0x00, 0x00, 0x8c, 0x10, 0x5f, 0xa0, 0x00, 0x4f, 0x90, 0x00, 0xcf, 0x40, 0x0d, 0xf1, 0x00, 0x02, 0xfd, 0x07, 0xf6, 0x00, 0x00, 0x08, 0xf8, 0xfc, 0x00, 0x00, 0x00, 0x1e, 0xff, 0x30, 0x00, 0x00, 0x00, 0x6f, 0xa0, 0x00, 0x00, 0x00, 0x04, 0xf8, 0x00, 0x00, 0x00, 0x00, 0x4f, 0x80, 0x00, 0x00, 0x00, 0x04, 0xf8, 0x00, 0x00,
    /* U+005A */ 0x3c, 0xcc, 0xcc, 0xcc, 0x93, 0xcc, 0xcc, 0xcf, 0xfa, 0x00, 0x00, 0x05, 0xfd, 0x10, 0x00, 0x03, 0xff, 0x20, 0x00, 0x01, 0xdf, 0x30, 0x00, 0x00, 0xcf, 0x60, 0x00, 0x00, 0x9f, 0xa0, 0x00, 0x00, 0x6f, 0xc0, 0x00, 0x00, 0x3f, 0xf9, 0x88, 0x88, 0x88, 0xff, 0xff, 0xff, 0xff,
    /* U+005B */ 0x68, 0x86, 0xcf, 0xfc, 0xcf, 0x00, 0xcf, 0x00, 0xcf, 0x00, 0xcf, 0x00, 0xcf, 0x00, 0xcf, 0x00, 0xcf, 0x00, 0xcf, 0x00, 0xcf, 0x00, 0xcf, 0x00, 0xcf, 0xc9, 0x9c, 0xc9,
    /* U+005C */ 0x5c, 0x20, 0x00, 0x02, 0xf7, 0x00, 0x00, 0x0d, 0xd0, 0x00, 0x00, 0x6f, 0x20, 0x00, 0x01, 0xf9, 0x00, 0x00, 0x0b, 0xe0, 0x00, 0x00, 0x6f, 0x30, 0x00, 0x01, 0xf9, 0x00, 0x00, 0x0a, 0xe0, 0x00, 0x00, 0x5f, 0x50, 0x00, 0x00, 0xfa, 0x00, 0x00, 0x0a, 0xf0, 0x00, 0x00, 0x4f, 0x50, 0x00, 0x00, 0x84,
    /* U+005D */ 0x68, 0x84, 0xcf, 0xf8, 0x04, 0xf8, 0x04, 0xf8, 0x04, 0xf8, 0x04, 0xf8, 0x04, 0xf8, 0x04, 0xf8, 0x04, 0xf8, 0x04, 0xf8, 0x04, 0xf8, 0x04, 0xf8, 0x9d, 0xf8, 0x9c, 0xc6,
    /* U+005E */ 0x00, 0x09, 0xc1, 0x00, 0x00, 0x2f, 0xe6, 0x00, 0x00, 0x9c, 0x8e, 0x00, 0x01, 0xf6, 0x1f, 0x40, 0x06, 0xe0, 0x0a, 0xb0, 0x0e, 0x80, 0x04, 0xf2, 0x00, 0x00, 0x00, 0x00,
    /* U+005F */ 0xff, 0xff, 0xff, 0xf0, 0x00, 0x00, 0x00,
    /* U+0060 */ 0x38, 0x50, 0x00, 0x7f, 0x60, 0x00, 0x38, 0x10,
    /* U+0061 */ 0x01, 0x68, 0x86, 0x00, 0x1f, 0xff, 0xff, 0xc0, 0x05, 0x20, 0x0b, 0xf4, 0x00, 0x44, 0x48, 0xf8, 0x1d, 0xfd, 0xcd, 0xf8, 0x5f, 0x60, 0x05, 0xf8, 0x4f, 0xb4, 0x5d, 0xf8, 0x09, 0xff, 0xfa, 0xf8, 0x00, 0x00, 0x00, 0x00,
    /* U+0062 */ 0x68, 0x00, 0x00, 0x00, 0x0c, 0xf0, 0x00, 0x00, 0x00, 0xcf, 0x00, 0x00, 0x00, 0x0c, 0xf2, 0x78, 0x61, 0x00, 0xcf, 0xff, 0xff, 0xe2, 0x0c, 0xfa, 0x10, 0x7f, 0xb0, 0xcf, 0x00, 0x00, 0xdf, 0x0c, 0xe0, 0x00, 0x0c, 0xf0, 0xcf, 0x30, 0x01, 0xff, 0x0c, 0xff, 0x88, 0xef, 0x70, 0xcc, 0x9f, 0xff, 0x80, 0x00, 0x00, 0x00, 0x00, 0x00,
    /* U+0063 */ 0x00, 0x27, 0x88, 0x20, 0x06, 0xff, 0xff, 0xf5, 0x2f, 0xf3, 0x02, 0xc5, 0x6f, 0x60, 0x00, 0x00, 0x8f, 0x40, 0x00, 0x00, 0x5f, 0xa0, 0x00, 0x30, 0x0c, 0xfa, 0x8a, 0xf9, 0x01, 0xaf, 0xff, 0xa1, 0x00, 0x00, 0x00, 0x00,
    /* U+0064 */ 0x00, 0x00, 0x00, 0x28, 0x40, 0x00, 0x00, 0x04, 0xf8, 0x00, 0x00, 0x00, 0x4f, 0x80, 0x02, 0x88, 0x64, 0xf8, 0x06, 0xff, 0xff, 0xff, 0x82, 0xff, 0x30, 0x2e, 0xf8, 0x7f, 0x60, 0x00, 0x6f, 0x88, 0xf4, 0x00, 0x04, 0xf8, 0x5f, 0xa0, 0x00, 0x9f, 0x80, 0xdf, 0xa8, 0xaf, 0xf8, 0x01, 0xaf, 0xfe, 0x9f, 0x80, 0x00, 0x00, 0x00, 0x00,
    /* U+0065 */ 0x00, 0x28, 0x87, 0x10, 0x00, 0x6f, 0xfd, 0xff, 0x30, 0x2f, 0xd1, 0x03, 0xfc, 0x07, 0xf8, 0x44, 0x4b, 0xf2, 0x8f, 0xdc, 0xcc, 0xcc, 0x35, 0xf8, 0x00, 0x00, 0x00, 0x0c, 0xfa, 0x88, 0xf6, 0x00, 0x1a, 0xff, 0xfc, 0x30, 0x00, 0x00, 0x00, 0x00, 0x00,
    /* U+0066 */ 0x00, 0x27, 0x82, 0x02, 0xff, 0xf7, 0x08, 0xf4, 0x01, 0x6c, 0xf8, 0x82, 0xcf, 0xff, 0xf4, 0x08, 0xf4, 0x00, 0x08, 0xf4, 0x00, 0x08, 0xf4, 0x00, 0x08, 0xf4, 0x00, 0x08, 0xf4, 0x00, 0x08, 0xf4, 0x00,
    /* U+0067 */ 0x00, 0x28, 0x86, 0x18, 0x40, 0x6f, 0xff, 0xfd, 0xf8, 0x2f, 0xd2, 0x02, 0xdf, 0x87, 0xf6, 0x00, 0x04, 0xf8, 0x8f, 0x50, 0x00, 0x4f, 0x83, 0xfd, 0x10, 0x1b, 0xf8, 0x09, 0xff, 0xcf, 0xff, 0x80, 0x04, 0x9c, 0x75, 0xf8, 0x04, 0x20, 0x00, 0xaf, 0x50, 0xff, 0xcc, 0xdf, 0xd0, 0x02, 0x9c, 0xcc, 0x71, 0x00,
    /* U+0068 */ 0x68, 0x00, 0x00, 0x00, 0xcf, 0x00, 0x00, 0x00, 0xcf, 0x00, 0x00, 0x00, 0xcf, 0x27, 0x86, 0x10, 0xcf, 0xff, 0xff, 0xd0, 0xcf, 0xa0, 0x1b, 0xf6, 0xcf, 0x00, 0x04, 0xf8, 0xcf, 0x00, 0x04, 0xf8, 0xcf, 0x00, 0x04, 0xf8, 0xcf, 0x00, 0x04, 0xf8, 0xcf, 0x00, 0x04, 0xf8,
    /* U+0069 */ 0x0a, 0xb0, 0x0f, 0xf2, 0x02, 0x30, 0x06, 0x80, 0x0c, 0xf0, 0x0c, 0xf0, 0x0c, 0xf0, 0x0c, 0xf0, 0x0c, 0xf0, 0x0c, 0xf0, 0x0c, 0xf0,
    /* U+006A */ 0x00, 0x09, 0xb1, 0x00, 0x0f, 0xf3, 0x00, 0x02, 0x30, 0x00, 0x06, 0x80, 0x00, 0x0c, 0xf0, 0x00, 0x0c, 0xf0, 0x00, 0x0c, 0xf0, 0x00, 0x0c, 0xf0, 0x00, 0x0c, 0xf0, 0x00, 0x0c, 0xf0, 0x00, 0x0c, 0xf0, 0x00, 0x0d, 0xf0, 0x0c, 0xcf, 0xb0, 0x2b, 0xca, 0x10,
    /* U+006B */ 0x68, 0x00, 0x00, 0x00, 0xcf, 0x00, 0x00, 0x00, 0xcf, 0x00, 0x00, 0x00, 0xcf, 0x00, 0x05, 0x83, 0xcf, 0x00, 0x9f, 0xa0, 0xcf, 0x0a, 0xfa, 0x00, 0xcf, 0xaf, 0xc0, 0x00, 0xcf, 0xff, 0xf3, 0x00, 0xcf, 0x64, 0xfe, 0x10, 0xcf, 0x00, 0x6f, 0xc0, 0xcf, 0x00, 0x0a, 0xf8,
    /* U+006C */ 0x68, 0xcf, 0xcf, 0xcf, 0xcf, 0xcf, 0xcf, 0xcf, 0xcf, 0xcf, 0xcf,
    /* U+006D */ 0x66, 0x28, 0x86, 0x01, 0x78, 0x71, 0x0c, 0xef, 0xff, 0xfb, 0xff, 0xff, 0xf1, 0xcf, 0x80, 0x1e, 0xfd, 0x20, 0x9f, 0x8c, 0xf0, 0x00, 0x8f, 0x50, 0x02, 0xfb, 0xcf, 0x00, 0x08, 0xf4, 0x00, 0x0f, 0xcc, 0xf0, 0x00, 0x8f, 0x40, 0x00, 0xfc, 0xcf, 0x00, 0x08, 0xf4, 0x00, 0x0f, 0xcc, 0xf0, 0x00, 0x8f, 0x40, 0x00, 0xfc,
    /* U+006E */ 0x66, 0x27, 0x86, 0x10, 0xce, 0xff, 0xff, 0xd0, 0xcf, 0xa0, 0x1b, 0xf6, 0xcf, 0x00, 0x04, 0xf8, 0xcf, 0x00, 0x04, 0xf8, 0xcf, 0x00, 0x04, 0xf8, 0xcf, 0x00, 0x04, 0xf8, 0xcf, 0x00, 0x04, 0xf8,
    /* U+006F */ 0x00, 0x27, 0x87, 0x20, 0x00, 0x6f, 0xff, 0xff, 0x60, 0x2f, 0xe3, 0x02, 0xef, 0x27, 0xf6, 0x00, 0x06, 0xf7, 0x8f, 0x40, 0x00, 0x4f, 0x85, 0xfa, 0x00, 0x0a, 0xf5, 0x0c, 0xfa, 0x8a, 0xfd, 0x00, 0x1a, 0xff, 0xfa, 0x10, 0x00, 0x00, 0x00, 0x00, 0x00,
    /* U+0070 */ 0x66, 0x28, 0x86, 0x10, 0x0c, 0xef, 0xff, 0xfe, 0x20, 0xcf, 0xa1, 0x07, 0xfb, 0x0c, 0xf0, 0x00, 0x0d, 0xf0, 0xce, 0x00, 0x00, 0xcf, 0x0c, 0xf3, 0x00, 0x1f, 0xf0, 0xcf, 0xf8, 0x8e, 0xf7, 0x0c, 0xf9, 0xff, 0xf8, 0x00, 0xcf, 0x00, 0x00, 0x00, 0x0c, 0xf0, 0x00, 0x00, 0x00, 0x9c, 0x00, 0x00, 0x00, 0x00,
    /* U+0071 */ 0x00, 0x28, 0x86, 0x28, 0x40, 0x6f, 0xff, 0xff, 0xf8, 0x2f, 0xe3, 0x02, 0xef, 0x87, 0xf6, 0x00, 0x06, 0xf8, 0x8f, 0x40, 0x00, 0x4f, 0x85, 0xfa, 0x00, 0x0a, 0xf8, 0x0d, 0xfa, 0x8a, 0xff, 0x80, 0x1b, 0xff, 0xe9, 0xf8, 0x00, 0x00, 0x00, 0x4f, 0x80, 0x00, 0x00, 0x04, 0xf8, 0x00, 0x00, 0x00, 0x3c, 0x60,
    /* U+0072 */ 0x66, 0x27, 0x4c, 0xef, 0xf8, 0xcf, 0xa2, 0x0c, 0xf1, 0x00, 0xcf, 0x00, 0x0c, 0xf0, 0x00, 0xcf, 0x00, 0x0c, 0xf0, 0x00,
    /* U+0073 */ 0x01, 0x78, 0x86, 0x12, 0xff, 0xdf, 0xf6, 0x8f, 0x50, 0x04, 0x06, 0xfe, 0x84, 0x10, 0x08, 0xdf, 0xff, 0x60, 0x00, 0x04, 0xfc, 0x6d, 0x84, 0x7f, 0xb5, 0xdf, 0xff, 0xb1, 0x00, 0x00, 0x00, 0x00,
    /* U+0074 */ 0x02, 0x41, 0x00, 0x08, 0xf4, 0x00, 0x6c, 0xfa, 0x82, 0xcf, 0xff, 0xf4, 0x08, 0xf4, 0x00, 0x08, 0xf4, 0x00, 0x08, 0xf4, 0x00, 0x08, 0xf4, 0x00, 0x07, 0xfa, 0x63, 0x01, 0xcf, 0xf7, 0x00, 0x00, 0x00,
    /* U+0075 */ 0x86, 0x00, 0x02, 0x84, 0xfc, 0x00, 0x04, 0xf8, 0xfc, 0x00, 0x04, 0xf8, 0xfc, 0x00, 0x04, 0xf8, 0xfc, 0x00, 0x06, 0xf8, 0xdf, 0x10, 0x0a, 0xf8, 0x9f, 0xc8, 0xaf, 0xf8, 0x1a, 0xff, 0xe9, 0xf8, 0x00, 0x00, 0x00, 0x00,
    /* U+0076 */ 0x08, 0x70, 0x00, 0x05, 0x80, 0x0a, 0xf2, 0x00, 0x0f, 0xc0, 0x04, 0xfa, 0x00, 0x6f, 0x50, 0x00, 0xdf, 0x10, 0xde, 0x00, 0x00, 0x6f, 0x64, 0xf7, 0x00, 0x00, 0x0f, 0xeb, 0xf1, 0x00, 0x00, 0x08, 0xff, 0xa0, 0x00, 0x00, 0x02, 0xff, 0x20, 0x00,
    /* U+0077 */ 0x76, 0x00, 0x03, 0x82, 0x00, 0x06, 0x6a, 0xf1, 0x00, 0xaf, 0x90, 0x02, 0xf7, 0x3f, 0x60, 0x1f, 0xff, 0x00, 0x7f, 0x20, 0xed, 0x06, 0xf8, 0xf5, 0x0e, 0xb0, 0x07, 0xf2, 0xcd, 0x0f, 0xa3, 0xf6, 0x00, 0x2f, 0x9f, 0x70, 0x9f, 0xaf, 0x00, 0x00, 0xcf, 0xf1, 0x03, 0xff, 0xa0, 0x00, 0x06, 0xfa, 0x00, 0x0d, 0xf3, 0x00,
    /* U+0078 */ 0x58, 0x30, 0x03, 0x85, 0x1f, 0xe1, 0x1d, 0xf1, 0x04, 0xfb, 0xaf, 0x40, 0x00, 0x8f, 0xf8, 0x00, 0x00, 0x3f, 0xf3, 0x00, 0x01, 0xee, 0xee, 0x10, 0x0c, 0xf3, 0x3f, 0xc0, 0x8f, 0x70, 0x07, 0xf8,
    /* U+0079 */ 0x08, 0x70, 0x00, 0x05, 0x80, 0x0a, 0xf2, 0x00, 0x0f, 0xc0, 0x03, 0xfa, 0x00, 0x6f, 0x50, 0x00, 0xcf, 0x10, 0xde, 0x00, 0x00, 0x6f, 0x74, 0xf6, 0x00, 0x00, 0x0e, 0xea, 0xf1, 0x00, 0x00, 0x08, 0xff, 0x90, 0x00, 0x00, 0x01, 0xff, 0x20, 0x00, 0x00, 0x01, 0xfb, 0x00, 0x00, 0x0d, 0xce, 0xf3, 0x00, 0x00, 0x19, 0xcc, 0x40, 0x00, 0x00,
    /* U+007A */ 0x48, 0x88, 0x88, 0x68, 0xff, 0xff, 0xfc, 0x00, 0x01, 0xdf, 0x30, 0x00, 0xaf, 0x60, 0x00, 0x8f, 0x80, 0x00, 0x6f, 0xa0, 0x00, 0x3f, 0xf9, 0x88, 0x88, 0xff, 0xff, 0xff,
    /* U+007B */ 0x00, 0x04, 0x80, 0x0c, 0xff, 0x02, 0xfc, 0x00, 0x4f, 0x80, 0x04, 0xf8, 0x00, 0x4f, 0x80, 0x2b, 0xf7, 0x04, 0xff, 0x50, 0x04, 0xf8, 0x00, 0x4f, 0x80, 0x04, 0xf8, 0x00, 0x3f, 0xa0, 0x00, 0xff, 0xc0, 0x03, 0xac,
    /* U+007C */ 0x68, 0xcf, 0xcf, 0xcf, 0xcf, 0xcf, 0xcf, 0xcf, 0xcf, 0xcf, 0xcf, 0xcf, 0xcf, 0x9c,
    /* U+007D */ 0x65, 0x10, 0x0c, 0xff, 0x10, 0x0a, 0xf4, 0x00, 0x8f, 0x40, 0x08, 0xf4, 0x00, 0x8f, 0x40, 0x04, 0xfc, 0x40, 0x2f, 0xf8, 0x08, 0xf5, 0x00, 0x8f, 0x40, 0x08, 0xf4, 0x00, 0x8f, 0x40, 0x9f, 0xf2, 0x09, 0xb5, 0x00,
    /* U+007E */ 0x00, 0x41, 0x00, 0x00, 0x0b, 0xff, 0x70, 0xd8, 0x3f, 0x37, 0xff, 0xf2, 0x14, 0x00, 0x26, 0x20,
    /* U+00A1 */ 0x07, 0x50, 0x2f, 0xf0, 0x07, 0x70, 0x03, 0x30, 0x0c, 0xc0, 0x0c, 0xc0, 0x0f, 0xc0, 0x0f, 0xc0, 0x0f, 0xf0, 0x0f, 0xf0, 0x04, 0x40,
    /* U+00A2 */ 0x00, 0x00, 0x40, 0x00, 0x00, 0x00, 0xf0, 0x00, 0x00, 0x27, 0xf8, 0x20, 0x06, 0xff, 0xff, 0xf5, 0x2f, 0xf3, 0xf2, 0xc5, 0x7f, 0x60, 0xf0, 0x00, 0x8f, 0x40, 0xf0, 0x00, 0x5f, 0xa0, 0xf0, 0x30, 0x0c, 0xfa, 0xfa, 0xf9, 0x01, 0xaf, 0xff, 0xa1, 0x00, 0x00, 0xf0, 0x00, 0x00, 0x00, 0xc0, 0x00,
    /* U+00A3 */ 0x00, 0x04, 0xbf, 0xfd, 0x80, 0x00, 0x5f, 0xfc, 0xcd, 0xb0, 0x00, 0xef, 0x30, 0x00, 0x10, 0x00, 0xfc, 0x00, 0x00, 0x00, 0x48, 0xfe, 0x88, 0x82, 0x00, 0x6c, 0xff, 0xcc, 0xc3, 0x00, 0x00, 0xfc, 0x00, 0x00, 0x00, 0x00, 0xfc, 0x00, 0x00, 0x00, 0x48, 0xfe, 0x88, 0x88, 0x60, 0x8f, 0xff, 0xff, 0xff, 0xc0,
    /* U+00A4 */ 0x3c, 0x10, 0x21, 0x03, 0xc1, 0x3f, 0xde, 0xff, 0xcf, 0xd1, 0x06, 0xfc, 0x55, 0xdf, 0x20, 0x0b, 0xe0, 0x00, 0x1f, 0x70, 0x0c, 0x80, 0x00, 0x0c, 0xc0, 0x0b, 0xd0, 0x00, 0x1f, 0x80, 0x06, 0xfb, 0x45, 0xdf, 0x30, 0x3f, 0xde, 0xff, 0xdf, 0xd1, 0x3c, 0x10, 0x32, 0x03, 0xc1, 0x00, 0x00, 0x00, 0x00, 0x00,
    /* U+00A5 */ 0x0a, 0xc1, 0x00, 0x00, 0x0b, 0xb0, 0x04, 0xfc, 0x00, 0x00, 0x8f, 0x50, 0x00, 0x8f, 0x70, 0x04, 0xfa, 0x00, 0x00, 0x0d, 0xf3, 0x1e, 0xe1, 0x00, 0x00, 0x03, 0xfd, 0xaf, 0x40, 0x00, 0x00, 0x34, 0xaf, 0xfb, 0x43, 0x00, 0x00, 0x68, 0x8e, 0xf8, 0x86, 0x00, 0x00, 0x68, 0x8e, 0xf8, 0x86, 0x00, 0x00, 0x68, 0x8e, 0xf8, 0x86, 0x00, 0x00, 0x00, 0x0c, 0xf0, 0x00, 0x00,
    /* U+00A6 */ 0x68, 0xcf, 0xcf, 0xcf, 0xcf, 0x68, 0x00, 0x00, 0x34, 0xcf, 0xcf, 0xcf, 0xcf, 0x9c,
    /* U+00A7 */ 0x03, 0xae, 0xec, 0x51, 0xfe, 0x88, 0xb8, 0x4f, 0x50, 0x00, 0x01, 0xff, 0xa6, 0x10, 0x2f, 0xcc, 0xff, 0x38, 0xf1, 0x01, 0xeb, 0x7f, 0x93, 0x2f, 0xa0, 0x8e, 0xff, 0xf1, 0x00, 0x02, 0x9f, 0x53, 0x40, 0x05, 0xf6, 0x8f, 0xfd, 0xfd, 0x10, 0x37, 0x86, 0x00,
    /* U+00A8 */ 0x32, 0x04, 0x1f, 0xa4, 0xf6, 0x32, 0x04, 0x10,
    /* U+00A9 */ 0x00, 0x06, 0xcc, 0xc7, 0x10, 0x00, 0x1d, 0x81, 0x00, 0x6d, 0x20, 0x0a, 0x51, 0x8c, 0xa3, 0x3d, 0x02, 0xc0, 0xde, 0x8b, 0xc0, 0xa4, 0x58, 0x3f, 0x30, 0x00, 0x05, 0x86, 0x84, 0xf2, 0x00, 0x00, 0x58, 0x3a, 0x0e, 0xc4, 0x7a, 0x09, 0x50, 0xc3, 0x3b, 0xfe, 0x52, 0xd0, 0x03, 0xe4, 0x00, 0x04, 0xc3, 0x00, 0x01, 0xad, 0xcc, 0xa2, 0x00, 0x00, 0x00, 0x00, 0x00, 0x00, 0x00,
    /* U+00AA */ 0x05, 0x86, 0x13, 0xa8, 0xdb, 0x17, 0x8a, 0xf7, 0xd4, 0x8f, 0x5e, 0xcd, 0xf0, 0x00, 0x00,
    /* U+00AB */ 0x00, 0x58, 0x05, 0x70, 0x03, 0xf8, 0x3f, 0x60, 0x1d, 0xc1, 0xeb, 0x00, 0x3f, 0x75, 0xf6, 0x00, 0x08, 0xf2, 0x9f, 0x10, 0x00, 0xcd, 0x1d, 0xc0,
    /* U+00AC */ 0x08, 0x88, 0x88, 0x82, 0x0c, 0xcc, 0xcd, 0xf4, 0x00, 0x00, 0x04, 0xf4, 0x00, 0x00, 0x04, 0xf4, 0x00, 0x00, 0x01, 0x41,
    /* U+00AD */ 0x28, 0x88, 0x43, 0xcc, 0xc6,
    /* U+00AE */ 0x00, 0x06, 0xcc, 0xc7, 0x10, 0x00, 0x1d, 0x81, 0x00, 0x6d, 0x20, 0x0a, 0x56, 0xcc, 0x93, 0x3d, 0x02, 0xc0, 0x8d, 0x49, 0xf0, 0xa4, 0x58, 0x08, 0xc0, 0x1f, 0x05, 0x86, 0x80, 0x8f, 0xcf, 0xa0, 0x58, 0x3a, 0x08, 0xd4, 0xd5, 0x09, 0x50, 0xc3, 0x69, 0x03, 0xb2, 0xd0, 0x03, 0xe4, 0x00, 0x04, 0xc3, 0x00, 0x01, 0xad, 0xcc, 0xa2, 0x00, 0x00, 0x00, 0x00, 0x00, 0x00, 0x00,
    /* U+00AF */ 0x4f, 0xff, 0xf8, 0x00, 0x00, 0x00,
    /* U+00B0 */ 0x06, 0xed, 0x50, 0x4d, 0x12, 0xf2, 0x88, 0x00, 0xc4, 0x3e, 0x55, 0xe1, 0x05, 0xcb, 0x30,
    /* U+00B1 */ 0x00, 0x06, 0xc0, 0x00, 0x00, 0x08, 0xf0, 0x00, 0x08, 0x8c, 0xf8, 0x82, 0x0f, 0xff, 0xff, 0xf4, 0x00, 0x08, 0xf0, 0x00, 0x00, 0x08, 0xf0, 0x00, 0x00, 0x02, 0x40, 0x00, 0x08, 0x88, 0x88, 0x82, 0x0f, 0xff, 0xff, 0xf4,
    /* U+00B2 */ 0x04, 0x87, 0x10, 0x6e, 0x8c, 0xf0, 0x00, 0x03, 0xf2, 0x00, 0x1d, 0xa0, 0x03, 0xf9, 0x00, 0x3f, 0xd8, 0x84, 0x48, 0x88, 0x84,
    /* U+00B3 */ 0x48, 0x88, 0x82, 0x48, 0x8d, 0xf2, 0x00, 0x6f, 0x30, 0x00, 0x9f, 0xc1, 0x00, 0x00, 0xe7, 0x8d, 0x8a, 0xf3, 0x16, 0x88, 0x20,
    /* U+00B4 */ 0x02, 0x86, 0x1d, 0xc1, 0x57, 0x00,
    /* U+00B5 */ 0x68, 0x00, 0x02, 0x84, 0xcf, 0x00, 0x04, 0xf8, 0xcf, 0x00, 0x04, 0xf8, 0xcf, 0x00, 0x04, 0xf8, 0xcf, 0x00, 0x04, 0xf8, 0xcf, 0x10, 0x09, 0xf8, 0xcf, 0xd8, 0xaf, 0xf8, 0xcf, 0xef, 0xfa, 0xf8, 0xcf, 0x00, 0x00, 0x00, 0xcf, 0x00, 0x00, 0x00, 0x9c, 0x00, 0x00, 0x00,
    /* U+00B6 */ 0x00, 0x48, 0x88, 0x88, 0x03, 0xef, 0xff, 0xff, 0xf0, 0xbf, 0xff, 0x80, 0x8f, 0x0c, 0xff, 0xf8, 0x08, 0xf0, 0x6f, 0xff, 0x80, 0x8f, 0x00, 0x5c, 0xf8, 0x08, 0xf0, 0x00, 0x0c, 0x80, 0x8f, 0x00, 0x00, 0xc8, 0x08, 0xf0, 0x00, 0x0c, 0x80, 0x8f, 0x00, 0x00, 0xc8, 0x08, 0xf0, 0x00, 0x0c, 0x80, 0x8f, 0x00, 0x00, 0xc8, 0x08, 0xf0, 0x00, 0x06, 0x40, 0x48, 0x00,
    /* U+00B7 */ 0x00, 0x00, 0x1f, 0xf0, 0x2f, 0xf1, 0x02, 0x20,
    /* U+00B8 */ 0x00, 0x00, 0x07, 0xa1, 0x02, 0xba, 0x6c, 0xe7, 0x03, 0x20,
    /* U+00B9 */ 0x68, 0x80, 0x06, 0xcf, 0x00, 0x08, 0xf0, 0x00, 0x8f, 0x00, 0x08, 0xf0, 0x08, 0xcf, 0x82, 0x88, 0x88, 0x20,
    /* U+00BA */ 0x02, 0x87, 0x20, 0x3f, 0x9a, 0xf2, 0x8a, 0x00, 0xc8, 0x7d, 0x11, 0xe6, 0x1c, 0xff, 0x90, 0x00, 0x00, 0x00,
    /* U+00BB */ 0x38, 0x14, 0x81, 0x01, 0xeb, 0x1f, 0xa0, 0x03, 0xf7, 0x4f, 0x50, 0x0e, 0xd1, 0xeb, 0x08, 0xf2, 0xaf, 0x14, 0xf5, 0x5f, 0x40,
    /* U+00BC */ 0x9c, 0xc0, 0x00, 0x00, 0x4b, 0x10, 0x00, 0x3a, 0xf0, 0x00, 0x01, 0xe7, 0x00, 0x00, 0x08, 0xf0, 0x00, 0x0a, 0xc0, 0x00, 0x00, 0x08, 0xf0, 0x00, 0x5f, 0x20, 0x00, 0x00, 0x08, 0xf0, 0x01, 0xf5, 0x00, 0xa6, 0x00, 0xff, 0xff, 0x4b, 0xb0, 0x08, 0xe1, 0x00, 0x00, 0x00, 0x5f, 0x10, 0x3f, 0x34, 0x10, 0x00, 0x02, 0xf5, 0x01, 0xea, 0x4f, 0x71, 0x00, 0x0c, 0xa0, 0x03, 0xcc, 0xcf, 0xd3, 0x00, 0x7e, 0x10, 0x00, 0x00, 0x0f, 0x40,
    /* U+00BD */ 0x9c, 0xc0, 0x00, 0x00, 0x4b, 0x10, 0x03, 0xaf, 0x00, 0x00, 0x1e, 0x70, 0x00, 0x08, 0xf0, 0x00, 0x0a, 0xc0, 0x00, 0x00, 0x8f, 0x00, 0x05, 0xf2, 0x00, 0x00, 0x08, 0xf0, 0x01, 0xf5, 0x7d, 0xfb, 0x1f, 0xff, 0xf4, 0xbb, 0x18, 0x54, 0xca, 0x00, 0x00, 0x5f, 0x10, 0x00, 0x1e, 0x80, 0x00, 0x2f, 0x50, 0x00, 0x1d, 0xa0, 0x00, 0x0c, 0xa0, 0x00, 0x3e, 0xa0, 0x00, 0x07, 0xe1, 0x00, 0x0c, 0xff, 0xff,
    /* U+00BE */ 0x6c, 0xcc, 0xc3, 0x00, 0x04, 0xb1, 0x00, 0x02, 0x44, 0xda, 0x00, 0x01, 0xe7, 0x00, 0x00, 0x00, 0x9f, 0x30, 0x00, 0xac, 0x00, 0x00, 0x00, 0x06, 0x9f, 0x40, 0x5f, 0x20, 0x00, 0x00, 0x32, 0x01, 0xe7, 0x1f, 0x50, 0x0a, 0x60, 0x07, 0xff, 0xfc, 0x1b, 0xb0, 0x08, 0xe1, 0x00, 0x00, 0x00, 0x05, 0xf1, 0x03, 0xf3, 0x41, 0x00, 0x00, 0x02, 0xf5, 0x01, 0xea, 0x4f, 0x71, 0x00, 0x00, 0xca, 0x00, 0x3c, 0xcc, 0xfd, 0x30, 0x00, 0x7e, 0x10, 0x00, 0x00, 0x0f, 0x40,
    /* U+00BF */ 0x00, 0x05, 0x70, 0x00, 0x00, 0x00, 0xff, 0x40, 0x00, 0x00, 0x05, 0x70, 0x00, 0x00, 0x00, 0x34, 0x00, 0x00, 0x00, 0x1e, 0xe0, 0x00, 0x00, 0x1d, 0xf5, 0x00, 0x00, 0x0c, 0xf3, 0x00, 0x00, 0x02, 0xfc, 0x00, 0x02, 0x00, 0x1f, 0xf6, 0x46, 0xfb, 0x00, 0x6f, 0xff, 0xfe, 0x30, 0x00, 0x14, 0x43, 0x00, 0x00,
    /* U+00C0 */ 0x00, 0x01, 0x87, 0x00, 0x00, 0x00, 0x00, 0x00, 0x5f, 0xa0, 0x00, 0x00, 0x00, 0x00, 0x03, 0x83, 0x00, 0x00, 0x00, 0x00, 0x0a, 0xc4, 0x00, 0x00, 0x00, 0x00, 0x4f, 0xfc, 0x00, 0x00, 0x00, 0x00, 0xbf, 0xaf, 0x20, 0x00, 0x00, 0x02, 0xfa, 0x2f, 0xa0, 0x00, 0x00, 0x0a, 0xf2, 0x0b, 0xf2, 0x00, 0x00, 0x1f, 0xc0, 0x04, 0xf8, 0x00, 0x00, 0x8f, 0xec, 0xcc, 0xff, 0x10, 0x00, 0xff, 0xcc, 0xcc, 0xdf, 0x60, 0x06, 0xf7, 0x00, 0x00, 0x1f, 0xe0, 0x0e, 0xf1, 0x00, 0x00, 0x09, 0xf6,
    /* U+00C1 */ 0x00, 0x00, 0x00, 0x38, 0x50, 0x00, 0x00, 0x00, 0x03, 0xfb, 0x10, 0x00, 0x00, 0x00, 0x07, 0x60, 0x00, 0x00, 0x00, 0x00, 0x0a, 0xc4, 0x00, 0x00, 0x00, 0x00, 0x4f, 0xfc, 0x00, 0x00, 0x00, 0x00, 0xbf, 0xaf, 0x20, 0x00, 0x00, 0x02, 0xfa, 0x2f, 0xa0, 0x00, 0x00, 0x0a, 0xf2, 0x0b, 0xf2, 0x00, 0x00, 0x1f, 0xc0, 0x04, 0xf8, 0x00, 0x00, 0x8f, 0xec, 0xcc, 0xff, 0x10, 0x00, 0xff, 0xcc, 0xcc, 0xdf, 0x60, 0x06, 0xf7, 0x00, 0x00, 0x1f, 0xe0, 0x0e, 0xf1, 0x00, 0x00, 0x09, 0xf6,
    /* U+00C2 */ 0x00, 0x00, 0x07, 0x83, 0x00, 0x00, 0x00, 0x00, 0xaf, 0xbf, 0x30, 0x00, 0x00, 0x03, 0x81, 0x05, 0x70, 0x00, 0x00, 0x00, 0x0a, 0xc4, 0x00, 0x00, 0x00, 0x00, 0x4f, 0xfc, 0x00, 0x00, 0x00, 0x00, 0xbf, 0xaf, 0x20, 0x00, 0x00, 0x02, 0xfa, 0x2f, 0xa0, 0x00, 0x00, 0x0a, 0xf2, 0x0b, 0xf2, 0x00, 0x00, 0x1f, 0xc0, 0x04, 0xf8, 0x00, 0x00, 0x8f, 0xec, 0xcc, 0xff, 0x10, 0x00, 0xff, 0xcc, 0xcc, 0xdf, 0x60, 0x06, 0xf7, 0x00, 0x00, 0x1f, 0xe0, 0x0e, 0xf1, 0x00, 0x00, 0x09, 0xf6,
    /* U+00C3 */ 0x00, 0x00, 0x58, 0x12, 0x60, 0x00, 0x00, 0x02, 0xf9, 0xfd, 0x80, 0x00, 0x00, 0x01, 0x30, 0x26, 0x00, 0x00, 0x00, 0x00, 0x0a, 0xc4, 0x00, 0x00, 0x00, 0x00, 0x4f, 0xfc, 0x00, 0x00, 0x00, 0x00, 0xbf, 0xaf, 0x20, 0x00, 0x00, 0x02, 0xfa, 0x2f, 0xa0, 0x00, 0x00, 0x0a, 0xf2, 0x0b, 0xf2, 0x00, 0x00, 0x1f, 0xc0, 0x04, 0xf8, 0x00, 0x00, 0x8f, 0xec, 0xcc, 0xff, 0x10, 0x00, 0xff, 0xcc, 0xcc, 0xdf, 0x60, 0x06, 0xf7, 0x00, 0x00, 0x1f, 0xe0, 0x0e, 0xf1, 0x00, 0x00, 0x09, 0xf6,
    /* U+00C4 */ 0x00, 0x00, 0x53, 0x07, 0x10, 0x00, 0x00, 0x00, 0xfb, 0x3f, 0x70, 0x00, 0x00, 0x00, 0x21, 0x03, 0x00, 0x00, 0x00, 0x00, 0x0a, 0xc4, 0x00, 0x00, 0x00, 0x00, 0x4f, 0xfc, 0x00, 0x00, 0x00, 0x00, 0xbf, 0xaf, 0x20, 0x00, 0x00, 0x02, 0xfa, 0x2f, 0xa0, 0x00, 0x00, 0x0a, 0xf2, 0x0b, 0xf2, 0x00, 0x00, 0x1f, 0xc0, 0x04, 0xf8, 0x00, 0x00, 0x8f, 0xec, 0xcc, 0xff, 0x10, 0x00, 0xff, 0xcc, 0xcc, 0xdf, 0x60, 0x06, 0xf7, 0x00, 0x00, 0x1f, 0xe0, 0x0e, 0xf1, 0x00, 0x00, 0x09, 0xf6,
    /* U+00C5 */ 0x00, 0x00, 0x1a, 0xb4, 0x00, 0x00, 0x00, 0x00, 0x66, 0x1c, 0x00, 0x00, 0x00, 0x00, 0x3c, 0x6a, 0x00, 0x00, 0x00, 0x00, 0x03, 0x40, 0x00, 0x00, 0x00, 0x00, 0x0a, 0xc4, 0x00, 0x00, 0x00, 0x00, 0x4f, 0xfc, 0x00, 0x00, 0x00, 0x00, 0xbf, 0xaf, 0x20, 0x00, 0x00, 0x02, 0xfa, 0x2f, 0xa0, 0x00, 0x00, 0x0a, 0xf2, 0x0b, 0xf2, 0x00, 0x00, 0x1f, 0xc0, 0x04, 0xf8, 0x00, 0x00, 0x8f, 0xec, 0xcc, 0xff, 0x10, 0x00, 0xff, 0xcc, 0xcc, 0xdf, 0x60, 0x06, 0xf7, 0x00, 0x00, 0x1f, 0xe0, 0x0e, 0xf1, 0x00, 0x00, 0x09, 0xf6,
    /* U+00C6 */ 0x00, 0x00, 0x00, 0x8c, 0xcc, 0xcc, 0xcc, 0xc0, 0x00, 0x00, 0x02, 0xff, 0xff, 0xcc, 0xcc, 0xc0, 0x00, 0x00, 0x0c, 0xf6, 0xfc, 0x00, 0x00, 0x00, 0x00, 0x00, 0x4f, 0x84, 0xfc, 0x00, 0x00, 0x00, 0x00, 0x00, 0xee, 0x14, 0xff, 0xcc, 0xcc, 0x30, 0x00, 0x08, 0xf6, 0x04, 0xff, 0xcc, 0xcc, 0x30, 0x00, 0x1f, 0xfc, 0xcd, 0xfc, 0x00, 0x00, 0x00, 0x00, 0xaf, 0xcc, 0xcd, 0xfc, 0x00, 0x00, 0x00, 0x04, 0xfa, 0x00, 0x04, 0xfe, 0x88, 0x88, 0x82, 0x0c, 0xf2, 0x00, 0x04, 0xff, 0xff, 0xff, 0xf4,
    /* U+00C7 */ 0x00, 0x07, 0xcf, 0xfb, 0x40, 0x01, 0xdf, 0xfc, 0xcf, 0xf8, 0x0b, 0xfa, 0x00, 0x01, 0x91, 0x2f, 0xd0, 0x00, 0x00, 0x00, 0x5f, 0x80, 0x00, 0x00, 0x00, 0x6f, 0x80, 0x00, 0x00, 0x00, 0x3f, 0xc0, 0x00, 0x00, 0x00, 0x0c, 0xf6, 0x00, 0x00, 0x60, 0x03, 0xff, 0xc8, 0x8d, 0xf8, 0x00, 0x2a, 0xff, 0xff, 0x80, 0x00, 0x00, 0x1f, 0x30, 0x00, 0x00, 0x00, 0x16, 0xf0, 0x00, 0x00, 0x00, 0xcd, 0xd0, 0x00, 0x00, 0x00, 0x23, 0x00, 0x00,
    /* U+00C8 */ 0x04, 0x83, 0x00, 0x00, 0x00, 0x9f, 0x30, 0x00, 0x00, 0x05, 0x70, 0x00, 0x9c, 0xcc, 0xcc, 0xc6, 0xcf, 0xdc, 0xcc, 0xc6, 0xcf, 0x40, 0x00, 0x00, 0xcf, 0x40, 0x00, 0x00, 0xcf, 0xdc, 0xcc, 0x90, 0xcf, 0xdc, 0xcc, 0x90, 0xcf, 0x40, 0x00, 0x00, 0xcf, 0x40, 0x00, 0x00, 0xcf, 0xa8, 0x88, 0x86, 0xcf, 0xff, 0xff, 0xfc,
    /* U+00C9 */ 0x00, 0x00, 0x58, 0x30, 0x00, 0x06, 0xf6, 0x00, 0x00, 0x18, 0x30, 0x00, 0x9c, 0xcc, 0xcc, 0xc6, 0xcf, 0xdc, 0xcc, 0xc6, 0xcf, 0x40, 0x00, 0x00, 0xcf, 0x40, 0x00, 0x00, 0xcf, 0xdc, 0xcc, 0x90, 0xcf, 0xdc, 0xcc, 0x90, 0xcf, 0x40, 0x00, 0x00, 0xcf, 0x40, 0x00, 0x00, 0xcf, 0xa8, 0x88, 0x86, 0xcf, 0xff, 0xff, 0xfc,
    /* U+00CA */ 0x00, 0x18, 0x70, 0x00, 0x01, 0xdb, 0xda, 0x00, 0x05, 0x70, 0x18, 0x30, 0x9c, 0xcc, 0xcc, 0xc6, 0xcf, 0xdc, 0xcc, 0xc6, 0xcf, 0x40, 0x00, 0x00, 0xcf, 0x40, 0x00, 0x00, 0xcf, 0xdc, 0xcc, 0x90, 0xcf, 0xdc, 0xcc, 0x90, 0xcf, 0x40, 0x00, 0x00, 0xcf, 0x40, 0x00, 0x00, 0xcf, 0xa8, 0x88, 0x86, 0xcf, 0xff, 0xff, 0xfc,
    /* U+00CB */ 0x00, 0x71, 0x27, 0x00, 0x04, 0xf5, 0x8f, 0x00, 0x00, 0x40, 0x13, 0x00, 0x9c, 0xcc, 0xcc, 0xc6, 0xcf, 0xdc, 0xcc, 0xc6, 0xcf, 0x40, 0x00, 0x00, 0xcf, 0x40, 0x00, 0x00, 0xcf, 0xdc, 0xcc, 0x90, 0xcf, 0xdc, 0xcc, 0x90, 0xcf, 0x40, 0x00, 0x00, 0xcf, 0x40, 0x00, 0x00, 0xcf, 0xa8, 0x88, 0x86, 0xcf, 0xff, 0xff, 0xfc,
    /* U+00CC */ 0x18, 0x70, 0x00, 0x5f, 0xa0, 0x00, 0x38, 0x30, 0x09, 0xc3, 0x00, 0xcf, 0x40, 0x0c, 0xf4, 0x00, 0xcf, 0x40, 0x0c, 0xf4, 0x00, 0xcf, 0x40, 0x0c, 0xf4, 0x00, 0xcf, 0x40, 0x0c, 0xf4, 0x00, 0xcf, 0x40,
    /* U+00CD */ 0x03, 0x85, 0x3f, 0xa1, 0x76, 0x00, 0x9c, 0x30, 0xcf, 0x40, 0xcf, 0x40, 0xcf, 0x40, 0xcf, 0x40, 0xcf, 0x40, 0xcf, 0x40, 0xcf, 0x40, 0xcf, 0x40, 0xcf, 0x40,
    /* U+00CE */ 0x00, 0x78, 0x30, 0x0a, 0xeb, 0xf3, 0x38, 0x10, 0x56, 0x00, 0x9c, 0x30, 0x00, 0xcf, 0x40, 0x00, 0xcf, 0x40, 0x00, 0xcf, 0x40, 0x00, 0xcf, 0x40, 0x00, 0xcf, 0x40, 0x00, 0xcf, 0x40, 0x00, 0xcf, 0x40, 0x00, 0xcf, 0x40, 0x00, 0xcf, 0x40,
    /* U+00CF */ 0x53, 0x07, 0x1f, 0xb4, 0xf7, 0x21, 0x03, 0x00, 0x9c, 0x30, 0x0c, 0xf4, 0x00, 0xcf, 0x40, 0x0c, 0xf4, 0x00, 0xcf, 0x40, 0x0c, 0xf4, 0x00, 0xcf, 0x40, 0x0c, 0xf4, 0x00, 0xcf, 0x40, 0x0c, 0xf4, 0x00,
    /* U+00D0 */ 0x06, 0xcc, 0xcc, 0xc9, 0x30, 0x00, 0x08, 0xfd, 0xcc, 0xdf, 0xf9, 0x00, 0x08, 0xf4, 0x00, 0x02, 0xdf, 0x60, 0x08, 0xf4, 0x00, 0x00, 0x2f, 0xe0, 0xce, 0xfd, 0xcc, 0x00, 0x0c, 0xf0, 0xce, 0xfd, 0xcc, 0x00, 0x0c, 0xf0, 0x08, 0xf4, 0x00, 0x00, 0x1f, 0xe0, 0x08, 0xf4, 0x00, 0x01, 0xaf, 0x80, 0x08, 0xfa, 0x88, 0xae, 0xfc, 0x00, 0x08, 0xff, 0xff, 0xfc, 0x60, 0x00,
    /* U+00D1 */ 0x00, 0x18, 0x40, 0x62, 0x00, 0x00, 0xba, 0xdc, 0xf0, 0x00, 0x00, 0x30, 0x16, 0x20, 0x00, 0x9c, 0x20, 0x00, 0x09, 0xc0, 0xcf, 0xd1, 0x00, 0x0c, 0xf0, 0xcf, 0xfb, 0x00, 0x0c, 0xf0, 0xcf, 0xcf, 0x80, 0x0c, 0xf0, 0xcf, 0x1e, 0xf5, 0x0c, 0xf0, 0xcf, 0x03, 0xff, 0x3c, 0xf0, 0xcf, 0x00, 0x6f, 0xed, 0xf0, 0xcf, 0x00, 0x08, 0xff, 0xf0, 0xcf, 0x00, 0x00, 0xbf, 0xf0, 0xcf, 0x00, 0x00, 0x1d, 0xf0,
    /* U+00D2 */ 0x00, 0x05, 0x83, 0x00, 0x00, 0x00, 0x00, 0x00, 0x9f, 0x30, 0x00, 0x00, 0x00, 0x00, 0x05, 0x70, 0x00, 0x00, 0x00, 0x07, 0xcf, 0xfb, 0x60, 0x00, 0x01, 0xdf, 0xec, 0xcf, 0xfa, 0x00, 0x0b, 0xfa, 0x00, 0x01, 0xdf, 0x80, 0x2f, 0xd0, 0x00, 0x00, 0x1f, 0xf0, 0x5f, 0x80, 0x00, 0x00, 0x0c, 0xf3, 0x6f, 0x80, 0x00, 0x00, 0x0c, 0xf3, 0x3f, 0xc0, 0x00, 0x00, 0x0f, 0xf0, 0x0c, 0xf6, 0x00, 0x00, 0xaf, 0x90, 0x03, 0xff, 0xc8, 0x8e, 0xfd, 0x10, 0x00, 0x2a, 0xff, 0xff, 0x81, 0x00, 0x00, 0x00, 0x02, 0x10, 0x00, 0x00,
    /* U+00D3 */ 0x00, 0x00, 0x00, 0x58, 0x30, 0x00, 0x00, 0x00, 0x06, 0xf6, 0x00, 0x00, 0x00, 0x00, 0x18, 0x30, 0x00, 0x00, 0x00, 0x07, 0xcf, 0xfb, 0x60, 0x00, 0x01, 0xdf, 0xec, 0xcf, 0xfa, 0x00, 0x0b, 0xfa, 0x00, 0x01, 0xdf, 0x80, 0x2f, 0xd0, 0x00, 0x00, 0x1f, 0xf0, 0x5f, 0x80, 0x00, 0x00, 0x0c, 0xf3, 0x6f, 0x80, 0x00, 0x00, 0x0c, 0xf3, 0x3f, 0xc0, 0x00, 0x00, 0x0f, 0xf0, 0x0c, 0xf6, 0x00, 0x00, 0xaf, 0x90, 0x03, 0xff, 0xc8, 0x8e, 0xfd, 0x10, 0x00, 0x2a, 0xff, 0xff, 0x81, 0x00, 0x00, 0x00, 0x02, 0x10, 0x00, 0x00,
    /* U+00D4 */ 0x00, 0x00, 0x18, 0x70, 0x00, 0x00, 0x00, 0x01, 0xdb, 0xda, 0x00, 0x00, 0x00, 0x05, 0x70, 0x18, 0x30, 0x00, 0x00, 0x07, 0xcf, 0xfb, 0x60, 0x00, 0x01, 0xdf, 0xec, 0xcf, 0xfa, 0x00, 0x0b, 0xfa, 0x00, 0x01, 0xdf, 0x80, 0x2f, 0xd0, 0x00, 0x00, 0x1f, 0xf0, 0x5f, 0x80, 0x00, 0x00, 0x0c, 0xf3, 0x6f, 0x80, 0x00, 0x00, 0x0c, 0xf3, 0x3f, 0xc0, 0x00, 0x00, 0x0f, 0xf0, 0x0c, 0xf6, 0x00, 0x00, 0xaf, 0x90, 0x03, 0xff, 0xc8, 0x8e, 0xfd, 0x10, 0x00, 0x2a, 0xff, 0xff, 0x81, 0x00, 0x00, 0x00, 0x02, 0x10, 0x00, 0x00,
    /* U+00D5 */ 0x00, 0x01, 0x76, 0x04, 0x40, 0x00, 0x00, 0x07, 0xcc, 0xdf, 0x30, 0x00, 0x00, 0x02, 0x10, 0x64, 0x00, 0x00, 0x00, 0x07, 0xcf, 0xfb, 0x60, 0x00, 0x01, 0xdf, 0xec, 0xcf, 0xfa, 0x00, 0x0b, 0xfa, 0x00, 0x01, 0xdf, 0x80, 0x2f, 0xd0, 0x00, 0x00, 0x1f, 0xf0, 0x5f, 0x80, 0x00, 0x00, 0x0c, 0xf3, 0x6f, 0x80, 0x00, 0x00, 0x0c, 0xf3, 0x3f, 0xc0, 0x00, 0x00, 0x0f, 0xf0, 0x0c, 0xf6, 0x00, 0x00, 0xaf, 0x90, 0x03, 0xff, 0xc8, 0x8e, 0xfd, 0x10, 0x00, 0x2a, 0xff, 0xff, 0x81, 0x00, 0x00, 0x00, 0x02, 0x10, 0x00, 0x00,
    /* U+00D6 */ 0x00, 0x01, 0x71, 0x26, 0x00, 0x00, 0x00, 0x04, 0xf4, 0x8f, 0x00, 0x00, 0x00, 0x00, 0x40, 0x13, 0x00, 0x00, 0x00, 0x07, 0xcf, 0xfb, 0x60, 0x00, 0x01, 0xdf, 0xec, 0xcf, 0xfa, 0x00, 0x0b, 0xfa, 0x00, 0x01, 0xdf, 0x80, 0x2f, 0xd0, 0x00, 0x00, 0x1f, 0xf0, 0x5f, 0x80, 0x00, 0x00, 0x0c, 0xf3, 0x6f, 0x80, 0x00, 0x00, 0x0c, 0xf3, 0x3f, 0xc0, 0x00, 0x00, 0x0f, 0xf0, 0x0c, 0xf6, 0x00, 0x00, 0xaf, 0x90, 0x03, 0xff, 0xc8, 0x8e, 0xfd, 0x10, 0x00, 0x2a, 0xff, 0xff, 0x81, 0x00, 0x00, 0x00, 0x02, 0x10, 0x00, 0x00,
    /* U+00D7 */ 0x18, 0x00, 0x63, 0x5f, 0xa6, 0xf9, 0x06, 0xff, 0xa0, 0x03, 0xff, 0xa0, 0x3f, 0xa6, 0xfa, 0x39, 0x00, 0x66,
    /* U+00D8 */ 0x00, 0x00, 0x00, 0x00, 0x0a, 0x60, 0x00, 0x07, 0xcf, 0xfb, 0xad, 0x00, 0x01, 0xdf, 0xec, 0xcf, 0xfb, 0x00, 0x0b, 0xfa, 0x00, 0x1d, 0xff, 0x80, 0x2f, 0xd0, 0x00, 0x9b, 0x1f, 0xf0, 0x5f, 0x80, 0x05, 0xf1, 0x0c, 0xf2, 0x6f, 0x80, 0x2f, 0x40, 0x0c, 0xf3, 0x3f, 0xc0, 0xc9, 0x00, 0x0f, 0xf0, 0x0c, 0xfc, 0xd0, 0x00, 0xaf, 0x90, 0x03, 0xff, 0xd8, 0x8e, 0xfd, 0x10, 0x01, 0xdc, 0xff, 0xff, 0x81, 0x00, 0x09, 0xb0, 0x02, 0x10, 0x00, 0x00,
    /* U+00D9 */ 0x00, 0x78, 0x10, 0x00, 0x00, 0x02, 0xdd, 0x10, 0x00, 0x00, 0x01, 0x75, 0x00, 0x09, 0xc0, 0x00, 0x00, 0xc9, 0xcf, 0x00, 0x00, 0x0f, 0xcc, 0xf0, 0x00, 0x00, 0xfc, 0xcf, 0x00, 0x00, 0x0f, 0xcc, 0xf0, 0x00, 0x00, 0xfc, 0xcf, 0x00, 0x00, 0x0f, 0xcc, 0xf2, 0x00, 0x00, 0xfc, 0x8f, 0x80, 0x00, 0x7f, 0x91, 0xff, 0xa8, 0xaf, 0xf2, 0x03, 0xcf, 0xff, 0xc3, 0x00, 0x00, 0x04, 0x00, 0x00,
    /* U+00DA */ 0x00, 0x00, 0x18, 0x71, 0x00, 0x00, 0x0a, 0xd3, 0x00, 0x00, 0x03, 0x81, 0x00, 0x09, 0xc0, 0x00, 0x00, 0xc9, 0xcf, 0x00, 0x00, 0x0f, 0xcc, 0xf0, 0x00, 0x00, 0xfc, 0xcf, 0x00, 0x00, 0x0f, 0xcc, 0xf0, 0x00, 0x00, 0xfc, 0xcf, 0x00, 0x00, 0x0f, 0xcc, 0xf2, 0x00, 0x00, 0xfc, 0x8f, 0x80, 0x00, 0x7f, 0x91, 0xff, 0xa8, 0xaf, 0xf2, 0x03, 0xcf, 0xff, 0xc3, 0x00, 0x00, 0x04, 0x00, 0x00,
    /* U+00DB */ 0x00, 0x05, 0x85, 0x00, 0x00, 0x04, 0xfa, 0xf6, 0x00, 0x00, 0x74, 0x03, 0x81, 0x09, 0xc0, 0x00, 0x00, 0xc9, 0xcf, 0x00, 0x00, 0x0f, 0xcc, 0xf0, 0x00, 0x00, 0xfc, 0xcf, 0x00, 0x00, 0x0f, 0xcc, 0xf0, 0x00, 0x00, 0xfc, 0xcf, 0x00, 0x00, 0x0f, 0xcc, 0xf2, 0x00, 0x00, 0xfc, 0x8f, 0x80, 0x00, 0x7f, 0x91, 0xff, 0xa8, 0xaf, 0xf2, 0x03, 0xcf, 0xff, 0xc3, 0x00, 0x00, 0x04, 0x00, 0x00,
    /* U+00DC */ 0x00, 0x35, 0x05, 0x30, 0x00, 0x0a, 0xf0, 0xfb, 0x00, 0x00, 0x13, 0x02, 0x10, 0x09, 0xc0, 0x00, 0x00, 0xc9, 0xcf, 0x00, 0x00, 0x0f, 0xcc, 0xf0, 0x00, 0x00, 0xfc, 0xcf, 0x00, 0x00, 0x0f, 0xcc, 0xf0, 0x00, 0x00, 0xfc, 0xcf, 0x00, 0x00, 0x0f, 0xcc, 0xf2, 0x00, 0x00, 0xfc, 0x8f, 0x80, 0x00, 0x7f, 0x91, 0xff, 0xa8, 0xaf, 0xf2, 0x03, 0xcf, 0xff, 0xc3, 0x00, 0x00, 0x04, 0x00, 0x00,
    /* U+00DD */ 0x00, 0x00, 0x00, 0x78, 0x10, 0x00, 0x00, 0x00, 0xaf, 0x30, 0x00, 0x00, 0x00, 0x38, 0x10, 0x00, 0x00, 0xac, 0x10, 0x00, 0x08, 0xc1, 0x05, 0xfa, 0x00, 0x04, 0xf9, 0x00, 0x0c, 0xf4, 0x00, 0xdf, 0x10, 0x00, 0x2f, 0xd0, 0x7f, 0x60, 0x00, 0x00, 0x8f, 0x8f, 0xc0, 0x00, 0x00, 0x01, 0xef, 0xf3, 0x00, 0x00, 0x00, 0x06, 0xfa, 0x00, 0x00, 0x00, 0x00, 0x4f, 0x80, 0x00, 0x00, 0x00, 0x04, 0xf8, 0x00, 0x00, 0x00, 0x00, 0x4f, 0x80, 0x00, 0x00,
    /* U+00DE */ 0x9c, 0x30, 0x00, 0x00, 0x0c, 0xfd, 0xcc, 0x84, 0x00, 0xcf, 0xff, 0xff, 0xfa, 0x0c, 0xf4, 0x00, 0x2d, 0xf4, 0xcf, 0x40, 0x00, 0x5f, 0x8c, 0xf4, 0x00, 0x07, 0xf8, 0xcf, 0x74, 0x46, 0xff, 0x2c, 0xff, 0xff, 0xfe, 0x50, 0xcf, 0x74, 0x44, 0x00, 0x0c, 0xf4, 0x00, 0x00, 0x00,
    /* U+00DF */ 0x00, 0x58, 0x72, 0x00, 0x01, 0xdf, 0xff, 0xf6, 0x00, 0x8f, 0x80, 0x2d, 0xf1, 0x0c, 0xf0, 0x00, 0x8f, 0x40, 0xcf, 0x00, 0x1d, 0xf0, 0x0c, 0xf0, 0x7f, 0xf7, 0x00, 0xcf, 0x04, 0x9e, 0xf9, 0x0c, 0xf0, 0x00, 0x0e, 0xf0, 0xcf, 0x00, 0x00, 0xdf, 0x0c, 0xf0, 0x68, 0xaf, 0xc0, 0xcf, 0x0f, 0xff, 0xb1, 0x00, 0x00, 0x00, 0x00, 0x00,
    /* U+00E0 */ 0x03, 0x85, 0x00, 0x00, 0x00, 0x7f, 0x60, 0x00, 0x00, 0x04, 0x81, 0x00, 0x01, 0x68, 0x86, 0x00, 0x1f, 0xff, 0xff, 0xc0, 0x05, 0x20, 0x0b, 0xf4, 0x00, 0x44, 0x48, 0xf8, 0x1d, 0xfd, 0xcd, 0xf8, 0x5f, 0x60, 0x05, 0xf8, 0x4f, 0xb4, 0x5d, 0xf8, 0x09, 0xff, 0xfa, 0xf8, 0x00, 0x00, 0x00, 0x00,
    /* U+00E1 */ 0x00, 0x00, 0x38, 0x60, 0x00, 0x03, 0xfb, 0x10, 0x00, 0x07, 0x70, 0x00, 0x01, 0x68, 0x86, 0x00, 0x1f, 0xff, 0xff, 0xc0, 0x05, 0x20, 0x0b, 0xf4, 0x00, 0x44, 0x48, 0xf8, 0x1d, 0xfd, 0xcd, 0xf8, 0x5f, 0x60, 0x05, 0xf8, 0x4f, 0xb4, 0x5d, 0xf8, 0x09, 0xff, 0xfa, 0xf8, 0x00, 0x00, 0x00, 0x00,
    /* U+00E2 */ 0x00, 0x07, 0x81, 0x00, 0x00, 0xaf, 0xcd, 0x10, 0x03, 0x81, 0x07, 0x50, 0x01, 0x68, 0x86, 0x00, 0x1f, 0xff, 0xff, 0xc0, 0x05, 0x20, 0x0b, 0xf4, 0x00, 0x44, 0x48, 0xf8, 0x1d, 0xfd, 0xcd, 0xf8, 0x5f, 0x60, 0x05, 0xf8, 0x4f, 0xb4, 0x5d, 0xf8, 0x09, 0xff, 0xfa, 0xf8, 0x00, 0x00, 0x00, 0x00,
    /* U+00E3 */ 0x00, 0x47, 0x01, 0x30, 0x03, 0xfb, 0xdb, 0x80, 0x02, 0x40, 0x57, 0x10, 0x01, 0x68, 0x86, 0x00, 0x1f, 0xff, 0xff, 0xc0, 0x05, 0x20, 0x0b, 0xf4, 0x00, 0x44, 0x48, 0xf8, 0x1d, 0xfd, 0xcd, 0xf8, 0x5f, 0x60, 0x05, 0xf8, 0x4f, 0xb4, 0x5d, 0xf8, 0x09, 0xff, 0xfa, 0xf8, 0x00, 0x00, 0x00, 0x00,
    /* U+00E4 */ 0x00, 0x32, 0x04, 0x00, 0x00, 0xfa, 0x4f, 0x40, 0x00, 0x32, 0x04, 0x00, 0x01, 0x68, 0x86, 0x00, 0x1f, 0xff, 0xff, 0xc0, 0x05, 0x20, 0x0b, 0xf4, 0x00, 0x44, 0x48, 0xf8, 0x1d, 0xfd, 0xcd, 0xf8, 0x5f, 0x60, 0x05, 0xf8, 0x4f, 0xb4, 0x5d, 0xf8, 0x09, 0xff, 0xfa, 0xf8, 0x00, 0x00, 0x00, 0x00,
    /* U+00E5 */ 0x00, 0x06, 0x71, 0x00, 0x00, 0x69, 0x5a, 0x00, 0x00, 0x77, 0x2b, 0x00, 0x00, 0x08, 0xb3, 0x00, 0x01, 0x68, 0x86, 0x00, 0x1f, 0xff, 0xff, 0xc0, 0x05, 0x20, 0x0b, 0xf4, 0x00, 0x44, 0x48, 0xf8, 0x1d, 0xfd, 0xcd, 0xf8, 0x5f, 0x60, 0x05, 0xf8, 0x4f, 0xb4, 0x5d, 0xf8, 0x09, 0xff, 0xfa, 0xf8, 0x00, 0x00, 0x00, 0x00,
    /* U+00E6 */ 0x01, 0x68, 0x86, 0x01, 0x78, 0x72, 0x00, 0x1f, 0xff, 0xff, 0xbf, 0xfd, 0xff, 0x50, 0x05, 0x20, 0x0b, 0xfe, 0x20, 0x1d, 0xf1, 0x00, 0x44, 0x48, 0xfa, 0x44, 0x49, 0xf4, 0x1d, 0xfc, 0xcd, 0xfe, 0xcc, 0xcc, 0xc3, 0x6f, 0x60, 0x06, 0xfb, 0x00, 0x01, 0x00, 0x3f, 0xb4, 0x5d, 0xff, 0xc8, 0x8e, 0x80, 0x08, 0xff, 0xfb, 0x18, 0xff, 0xfd, 0x30, 0x00, 0x00, 0x00, 0x00, 0x00, 0x00, 0x00,
    /* U+00E7 */ 0x00, 0x27, 0x88, 0x20, 0x06, 0xff, 0xff, 0xf5, 0x2f, 0xf3, 0x02, 0xc5, 0x6f, 0x60, 0x00, 0x00, 0x8f, 0x40, 0x00, 0x00, 0x5f, 0xa0, 0x00, 0x30, 0x0c, 0xfa, 0x8a, 0xf9, 0x01, 0xaf, 0xff, 0xa1, 0x00, 0x06, 0xb1, 0x00, 0x00, 0x02, 0xbb, 0x00, 0x00, 0x5c, 0xe9, 0x00, 0x00, 0x03, 0x20, 0x00,
    /* U+00E8 */ 0x01, 0x87, 0x00, 0x00, 0x00, 0x05, 0xfa, 0x00, 0x00, 0x00, 0x03, 0x83, 0x00, 0x00, 0x02, 0x88, 0x71, 0x00, 0x06, 0xff, 0xdf, 0xf3, 0x02, 0xfd, 0x10, 0x3f, 0xc0, 0x7f, 0x84, 0x44, 0xbf, 0x28, 0xfd, 0xcc, 0xcc, 0xc3, 0x5f, 0x80, 0x00, 0x00, 0x00, 0xcf, 0xa8, 0x8f, 0x60, 0x01, 0xaf, 0xff, 0xc3, 0x00, 0x00, 0x00, 0x00, 0x00,
    /* U+00E9 */ 0x00, 0x00, 0x18, 0x70, 0x00, 0x00, 0x1d, 0xd2, 0x00, 0x00, 0x05, 0x71, 0x00, 0x00, 0x02, 0x88, 0x71, 0x00, 0x06, 0xff, 0xdf, 0xf3, 0x02, 0xfd, 0x10, 0x3f, 0xc0, 0x7f, 0x84, 0x44, 0xbf, 0x28, 0xfd, 0xcc, 0xcc, 0xc3, 0x5f, 0x80, 0x00, 0x00, 0x00, 0xcf, 0xa8, 0x8f, 0x60, 0x01, 0xaf, 0xff, 0xc3, 0x00, 0x00, 0x00, 0x00, 0x00,
    /* U+00EA */ 0x00, 0x05, 0x83, 0x00, 0x00, 0x06, 0xfc, 0xf3, 0x00, 0x01, 0x83, 0x05, 0x70, 0x00, 0x02, 0x88, 0x71, 0x00, 0x06, 0xff, 0xdf, 0xf3, 0x02, 0xfd, 0x10, 0x3f, 0xc0, 0x7f, 0x84, 0x44, 0xbf, 0x28, 0xfd, 0xcc, 0xcc, 0xc3, 0x5f, 0x80, 0x00, 0x00, 0x00, 0xcf, 0xa8, 0x8f, 0x60, 0x01, 0xaf, 0xff, 0xc3, 0x00, 0x00, 0x00, 0x00, 0x00,
    /* U+00EB */ 0x00, 0x22, 0x03, 0x10, 0x00, 0x0c, 0xc0, 0xf8, 0x00, 0x00, 0x22, 0x03, 0x10, 0x00, 0x02, 0x88, 0x71, 0x00, 0x06, 0xff, 0xdf, 0xf3, 0x02, 0xfd, 0x10, 0x3f, 0xc0, 0x7f, 0x84, 0x44, 0xbf, 0x28, 0xfd, 0xcc, 0xcc, 0xc3, 0x5f, 0x80, 0x00, 0x00, 0x00, 0xcf, 0xa8, 0x8f, 0x60, 0x01, 0xaf, 0xff, 0xc3, 0x00, 0x00, 0x00, 0x00, 0x00,
    /* U+00EC */ 0x48, 0x30, 0x00, 0x9f, 0x30, 0x00, 0x57, 0x00, 0x06, 0x80, 0x00, 0xcf, 0x00, 0x0c, 0xf0, 0x00, 0xcf, 0x00, 0x0c, 0xf0, 0x00, 0xcf, 0x00, 0x0c, 0xf0, 0x00, 0xcf, 0x00,
    /* U+00ED */ 0x00, 0x38, 0x50, 0x3f, 0xa0, 0x07, 0x50, 0x00, 0x68, 0x00, 0x0c, 0xf0, 0x00, 0xcf, 0x00, 0x0c, 0xf0, 0x00, 0xcf, 0x00, 0x0c, 0xf0, 0x00, 0xcf, 0x00, 0x0c, 0xf0, 0x00,
    /* U+00EE */ 0x00, 0x77, 0x00, 0x08, 0xfe, 0x90, 0x18, 0x33, 0x81, 0x00, 0x68, 0x00, 0x00, 0xcf, 0x00, 0x00, 0xcf, 0x00, 0x00, 0xcf, 0x00, 0x00, 0xcf, 0x00, 0x00, 0xcf, 0x00, 0x00, 0xcf, 0x00, 0x00, 0xcf, 0x00,
    /* U+00EF */ 0x22, 0x23, 0xcc, 0xbe, 0x22, 0x23, 0x06, 0x80, 0x0c, 0xf0, 0x0c, 0xf0, 0x0c, 0xf0, 0x0c, 0xf0, 0x0c, 0xf0, 0x0c, 0xf0, 0x0c, 0xf0,
    /* U+00F0 */ 0x01, 0x44, 0x40, 0x00, 0x00, 0xcf, 0xff, 0xf9, 0xc0, 0x03, 0x49, 0xff, 0xfb, 0x00, 0x2e, 0xe8, 0x2d, 0xf1, 0x00, 0x43, 0x40, 0x6f, 0x60, 0x5e, 0xff, 0xf9, 0xf8, 0x2f, 0xf6, 0x48, 0xff, 0x87, 0xf6, 0x00, 0x0a, 0xf7, 0x7f, 0x60, 0x00, 0xbf, 0x22, 0xff, 0x64, 0xaf, 0xa0, 0x03, 0xef, 0xff, 0x80, 0x00, 0x00, 0x12, 0x00, 0x00,
    /* U+00F1 */ 0x00, 0x74, 0x02, 0x10, 0x08, 0xdd, 0xaf, 0x30, 0x06, 0x21, 0x75, 0x00, 0x66, 0x27, 0x86, 0x10, 0xce, 0xff, 0xff, 0xd0, 0xcf, 0xa0, 0x1b, 0xf6, 0xcf, 0x00, 0x04, 0xf8, 0xcf, 0x00, 0x04, 0xf8, 0xcf, 0x00, 0x04, 0xf8, 0xcf, 0x00, 0x04, 0xf8, 0xcf, 0x00, 0x04, 0xf8,
    /* U+00F2 */ 0x01, 0x87, 0x00, 0x00, 0x00, 0x03, 0xfa, 0x00, 0x00, 0x00, 0x01, 0x83, 0x00, 0x00, 0x02, 0x78, 0x72, 0x00, 0x06, 0xff, 0xff, 0xf6, 0x02, 0xfe, 0x30, 0x2e, 0xf2, 0x7f, 0x60, 0x00, 0x6f, 0x78, 0xf4, 0x00, 0x04, 0xf8, 0x5f, 0xa0, 0x00, 0xaf, 0x50, 0xcf, 0xa8, 0xaf, 0xd0, 0x01, 0xaf, 0xff, 0xa1, 0x00, 0x00, 0x00, 0x00, 0x00,
    /* U+00F3 */ 0x00, 0x00, 0x07, 0x81, 0x00, 0x00, 0x0a, 0xf3, 0x00, 0x00, 0x03, 0x81, 0x00, 0x00, 0x02, 0x78, 0x72, 0x00, 0x06, 0xff, 0xff, 0xf6, 0x02, 0xfe, 0x30, 0x2e, 0xf2, 0x7f, 0x60, 0x00, 0x6f, 0x78, 0xf4, 0x00, 0x04, 0xf8, 0x5f, 0xa0, 0x00, 0xaf, 0x50, 0xcf, 0xa8, 0xaf, 0xd0, 0x01, 0xaf, 0xff, 0xa1, 0x00, 0x00, 0x00, 0x00, 0x00,
    /* U+00F4 */ 0x00, 0x03, 0x83, 0x00, 0x00, 0x03, 0xfa, 0xf3, 0x00, 0x00, 0x75, 0x05, 0x70, 0x00, 0x02, 0x78, 0x72, 0x00, 0x06, 0xff, 0xff, 0xf6, 0x02, 0xfe, 0x30, 0x2e, 0xf2, 0x7f, 0x60, 0x00, 0x6f, 0x78, 0xf4, 0x00, 0x04, 0xf8, 0x5f, 0xa0, 0x00, 0xaf, 0x50, 0xcf, 0xa8, 0xaf, 0xd0, 0x01, 0xaf, 0xff, 0xa1, 0x00, 0x00, 0x00, 0x00, 0x00,
    /* U+00F5 */ 0x00, 0x28, 0x20, 0x40, 0x00, 0x0e, 0xae, 0x9e, 0x00, 0x00, 0x80, 0x28, 0x20, 0x00, 0x02, 0x78, 0x72, 0x00, 0x06, 0xff, 0xff, 0xf6, 0x02, 0xfe, 0x30, 0x2e, 0xf2, 0x7f, 0x60, 0x00, 0x6f, 0x78, 0xf4, 0x00, 0x04, 0xf8, 0x5f, 0xa0, 0x00, 0xaf, 0x50, 0xcf, 0xa8, 0xaf, 0xd0, 0x01, 0xaf, 0xff, 0xa1, 0x00, 0x00, 0x00, 0x00, 0x00,
    /* U+00F6 */ 0x00, 0x23, 0x03, 0x20, 0x00, 0x0c, 0xf0, 0xfa, 0x00, 0x00, 0x23, 0x03, 0x20, 0x00, 0x02, 0x78, 0x72, 0x00, 0x06, 0xff, 0xff, 0xf6, 0x02, 0xfe, 0x30, 0x2e, 0xf2, 0x7f, 0x60, 0x00, 0x6f, 0x78, 0xf4, 0x00, 0x04, 0xf8, 0x5f, 0xa0, 0x00, 0xaf, 0x50, 0xcf, 0xa8, 0xaf, 0xd0, 0x01, 0xaf, 0xff, 0xa1, 0x00, 0x00, 0x00, 0x00, 0x00,
    /* U+00F7 */ 0x00, 0x07, 0xa0, 0x00, 0x00, 0x0c, 0xf0, 0x00, 0x00, 0x02, 0x30, 0x00, 0x08, 0x88, 0x88, 0x82, 0x0c, 0xcc, 0xcc, 0xc3, 0x00, 0x00, 0x00, 0x00, 0x00, 0x0b, 0xf0, 0x00, 0x00, 0x09, 0xd0, 0x00,
    /* U+00F8 */ 0x00, 0x00, 0x00, 0x07, 0x00, 0x02, 0x78, 0x79, 0x80, 0x06, 0xff, 0xff, 0xf6, 0x02, 0xfe, 0x30, 0xde, 0xf2, 0x7f, 0x60, 0x88, 0x6f, 0x78, 0xf4, 0x3d, 0x04, 0xf8, 0x5f, 0xac, 0x30, 0xaf, 0x50, 0xcf, 0xd8, 0xaf, 0xd0, 0x03, 0xff, 0xff, 0xa1, 0x00, 0xc4, 0x00, 0x00, 0x00,
    /* U+00F9 */ 0x07, 0x81, 0x00, 0x00, 0x01, 0xdd, 0x10, 0x00, 0x00, 0x07, 0x50, 0x00, 0x86, 0x00, 0x02, 0x84, 0xfc, 0x00, 0x04, 0xf8, 0xfc, 0x00, 0x04, 0xf8, 0xfc, 0x00, 0x04, 0xf8, 0xfc, 0x00, 0x06, 0xf8, 0xdf, 0x10, 0x0a, 0xf8, 0x9f, 0xc8, 0xaf, 0xf8, 0x1a, 0xff, 0xe9, 0xf8, 0x00, 0x00, 0x00, 0x00,
    /* U+00FA */ 0x00, 0x00, 0x58, 0x30, 0x00, 0x06, 0xf6, 0x00, 0x00, 0x18, 0x30, 0x00, 0x86, 0x00, 0x02, 0x84, 0xfc, 0x00, 0x04, 0xf8, 0xfc, 0x00, 0x04, 0xf8, 0xfc, 0x00, 0x04, 0xf8, 0xfc, 0x00, 0x06, 0xf8, 0xdf, 0x10, 0x0a, 0xf8, 0x9f, 0xc8, 0xaf, 0xf8, 0x1a, 0xff, 0xe9, 0xf8, 0x00, 0x00, 0x00, 0x00,
    /* U+00FB */ 0x00, 0x18, 0x50, 0x00, 0x01, 0xdb, 0xf6, 0x00, 0x05, 0x70, 0x38, 0x10, 0x86, 0x00, 0x02, 0x84, 0xfc, 0x00, 0x04, 0xf8, 0xfc, 0x00, 0x04, 0xf8, 0xfc, 0x00, 0x04, 0xf8, 0xfc, 0x00, 0x06, 0xf8, 0xdf, 0x10, 0x0a, 0xf8, 0x9f, 0xc8, 0xaf, 0xf8, 0x1a, 0xff, 0xe9, 0xf8, 0x00, 0x00, 0x00, 0x00,
    /* U+00FC */ 0x01, 0x40, 0x23, 0x00, 0x08, 0xf4, 0xce, 0x00, 0x01, 0x40, 0x23, 0x00, 0x86, 0x00, 0x02, 0x84, 0xfc, 0x00, 0x04, 0xf8, 0xfc, 0x00, 0x04, 0xf8, 0xfc, 0x00, 0x04, 0xf8, 0xfc, 0x00, 0x06, 0xf8, 0xdf, 0x10, 0x0a, 0xf8, 0x9f, 0xc8, 0xaf, 0xf8, 0x1a, 0xff, 0xe9, 0xf8, 0x00, 0x00, 0x00, 0x00,
    /* U+00FD */ 0x00, 0x00, 0x05, 0x83, 0x00, 0x00, 0x00, 0x6f, 0x80, 0x00, 0x00, 0x01, 0x84, 0x00, 0x00, 0x08, 0x70, 0x00, 0x05, 0x80, 0x0a, 0xf2, 0x00, 0x0f, 0xc0, 0x03, 0xfa, 0x00, 0x6f, 0x50, 0x00, 0xcf, 0x10, 0xde, 0x00, 0x00, 0x6f, 0x74, 0xf6, 0x00, 0x00, 0x0e, 0xea, 0xf1, 0x00, 0x00, 0x08, 0xff, 0x90, 0x00, 0x00, 0x01, 0xff, 0x20, 0x00, 0x00, 0x01, 0xfb, 0x00, 0x00, 0x0d, 0xce, 0xf3, 0x00, 0x00, 0x19, 0xcc, 0x40, 0x00, 0x00,
    /* U+00FE */ 0x68, 0x00, 0x00, 0x00, 0x0c, 0xf0, 0x00, 0x00, 0x00, 0xcf, 0x00, 0x00, 0x00, 0x0c, 0xf2, 0x88, 0x61, 0x00, 0xcf, 0xff, 0xff, 0xe2, 0x0c, 0xfa, 0x10, 0x7f, 0xb0, 0xcf, 0x00, 0x00, 0xdf, 0x0c, 0xe0, 0x00, 0x0c, 0xf0, 0xcf, 0x30, 0x01, 0xff, 0x0c, 0xff, 0x88, 0xef, 0x70, 0xcf, 0x9f, 0xff, 0x80, 0x0c, 0xf0, 0x00, 0x00, 0x00, 0xcf, 0x00, 0x00, 0x00, 0x09, 0xc0, 0x00, 0x00, 0x00,
    /* U+00FF */ 0x00, 0x04, 0x01, 0x30, 0x00, 0x00, 0x4f, 0x48, 0xf0, 0x00, 0x00, 0x04, 0x01, 0x30, 0x00, 0x08, 0x70, 0x00, 0x05, 0x80, 0x0a, 0xf2, 0x00, 0x0f, 0xc0, 0x03, 0xfa, 0x00, 0x6f, 0x50, 0x00, 0xcf, 0x10, 0xde, 0x00, 0x00, 0x6f, 0x74, 0xf6, 0x00, 0x00, 0x0e, 0xea, 0xf1, 0x00, 0x00, 0x08, 0xff, 0x90, 0x00, 0x00, 0x01, 0xff, 0x20, 0x00, 0x00, 0x01, 0xfb, 0x00, 0x00, 0x0d, 0xce, 0xf3, 0x00, 0x00, 0x19, 0xcc, 0x40, 0x00, 0x00,
    /* U+2013 */ 0x88, 0x88, 0x88, 0x8c, 0xcc, 0xcc, 0xcc,
    /* U+2014 */ 0x88, 0x88, 0x88, 0x88, 0x88, 0x88, 0x88, 0xcc, 0xcc, 0xcc, 0xcc, 0xcc, 0xcc, 0xcc,
    /* U+2019 */ 0x17, 0x37, 0xfc, 0x2f, 0xb0, 0xf5, 0x2c, 0x00,
    /* U+2022 */ 0x02, 0x71, 0x1f, 0xfb, 0x2f, 0xfc, 0x05, 0x93,
    /* U+2026 */ 0x03, 0x10, 0x13, 0x00, 0x31, 0x6f, 0xb0, 0xef, 0x36, 0xfb, 0x4f, 0xb0, 0xdf, 0x35, 0xfb, 0x00, 0x00, 0x00, 0x00, 0x00,
};

static const lv_font_fmt_txt_glyph_dsc_t glyph_dsc_text_14[] = {
    {.bitmap_index = 0, .adv_w = 0, .box_w = 0, .box_h = 0, .ofs_x = 0, .ofs_y = 0},
    {.bitmap_index = 0, .adv_w = 62, .box_w = 0, .box_h = 0, .ofs_x = 0, .ofs_y = 0},
    {.bitmap_index = 0, .adv_w = 62, .box_w = 4, .box_h = 11, .ofs_x = 0, .ofs_y = -1},
    {.bitmap_index = 22, .adv_w = 93, .box_w = 5, .box_h = 5, .ofs_x = 0, .ofs_y = 5},
    {.bitmap_index = 35, .adv_w = 159, .box_w = 10, .box_h = 10, .ofs_x = 0, .ofs_y = 0},
    {.bitmap_index = 85, .adv_w = 141, .box_w = 9, .box_h = 14, .ofs_x = 0, .ofs_y = -2},
    {.bitmap_index = 148, .adv_w = 193, .box_w = 12, .box_h = 11, .ofs_x = 0, .ofs_y = -1},
    {.bitmap_index = 214, .adv_w = 158, .box_w = 10, .box_h = 11, .ofs_x = 0, .ofs_y = -1},
    {.bitmap_index = 269, .adv_w = 49, .box_w = 3, .box_h = 5, .ofs_x = 0, .ofs_y = 5},
    {.bitmap_index = 277, .adv_w = 78, .box_w = 4, .box_h = 14, .ofs_x = 1, .ofs_y = -3},
    {.bitmap_index = 305, .adv_w = 78, .box_w = 4, .box_h = 14, .ofs_x = 0, .ofs_y = -3},
    {.bitmap_index = 333, .adv_w = 93, .box_w = 6, .box_h = 6, .ofs_x = 0, .ofs_y = 5},
    {.bitmap_index = 351, .adv_w = 132, .box_w = 8, .box_h = 8, .ofs_x = 0, .ofs_y = 1},
    {.bitmap_index = 383, .adv_w = 55, .box_w = 3, .box_h = 6, .ofs_x = 0, .ofs_y = -3},
    {.bitmap_index = 392, .adv_w = 86, .box_w = 5, .box_h = 2, .ofs_x = 0, .ofs_y = 3},
    {.bitmap_index = 397, .adv_w = 55, .box_w = 3, .box_h = 4, .ofs_x = 0, .ofs_y = -1},
    {.bitmap_index = 403, .adv_w = 83, .box_w = 7, .box_h = 14, .ofs_x = -1, .ofs_y = -2},
    {.bitmap_index = 452, .adv_w = 151, .box_w = 9, .box_h = 11, .ofs_x = 0, .ofs_y = -1},
    {.bitmap_index = 502, .adv_w = 85, .box_w = 5, .box_h = 10, .ofs_x = 0, .ofs_y = 0},
    {.bitmap_index = 527, .adv_w = 130, .box_w = 8, .box_h = 10, .ofs_x = 0, .ofs_y = 0},
    {.bitmap_index = 567, .adv_w = 130, .box_w = 8, .box_h = 11, .ofs_x = 0, .ofs_y = -1},
    {.bitmap_index = 611, .adv_w = 152, .box_w = 10, .box_h = 10, .ofs_x = 0, .ofs_y = 0},
    {.bitmap_index = 661, .adv_w = 131, .box_w = 8, .box_h = 11, .ofs_x = 0, .ofs_y = -1},
    {.bitmap_index = 705, .adv_w = 140, .box_w = 9, .box_h = 11, .ofs_x = 0, .ofs_y = -1},
    {.bitmap_index = 755, .adv_w = 136, .box_w = 9, .box_h = 10, .ofs_x = 0, .ofs_y = 0},
    {.bitmap_index = 800, .adv_w = 146, .box_w = 9, .box_h = 11, .ofs_x = 0, .ofs_y = -1},
    {.bitmap_index = 850, .adv_w = 140, .box_w = 9, .box_h = 11, .ofs_x = 0, .ofs_y = -1},
    {.bitmap_index = 900, .adv_w = 55, .box_w = 3, .box_h = 9, .ofs_x = 0, .ofs_y = -1},
    {.bitmap_index = 914, .adv_w = 55, .box_w = 3, .box_h = 11, .ofs_x = 0, .ofs_y = -3},
    {.bitmap_index = 931, .adv_w = 132, .box_w = 8, .box_h = 8, .ofs_x = 0, .ofs_y = 1},
    {.bitmap_index = 963, .adv_w = 132, .box_w = 8, .box_h = 6, .ofs_x = 0, .ofs_y = 2},
    {.bitmap_index = 987, .adv_w = 132, .box_w = 8, .box_h = 8, .ofs_x = 0, .ofs_y = 1},
    {.bitmap_index = 1019, .adv_w = 130, .box_w = 8, .box_h = 11, .ofs_x = 0, .ofs_y = -1},
    {.bitmap_index = 1063, .adv_w = 232, .box_w = 14, .box_h = 13, .ofs_x = 0, .ofs_y = -3},
    {.bitmap_index = 1154, .adv_w = 168, .box_w = 12, .box_h = 10, .ofs_x = -1, .ofs_y = 0},
    {.bitmap_index = 1214, .adv_w = 170, .box_w = 10, .box_h = 10, .ofs_x = 1, .ofs_y = 0},
    {.bitmap_index = 1264, .adv_w = 163, .box_w = 10, .box_h = 11, .ofs_x = 0, .ofs_y = -1},
    {.bitmap_index = 1319, .adv_w = 185, .box_w = 10, .box_h = 10, .ofs_x = 1, .ofs_y = 0},
    {.bitmap_index = 1369, .adv_w = 150, .box_w = 8, .box_h = 10, .ofs_x = 1, .ofs_y = 0},
    {.bitmap_index = 1409, .adv_w = 143, .box_w = 8, .box_h = 10, .ofs_x = 1, .ofs_y = 0},
    {.bitmap_index = 1449, .adv_w = 173, .box_w = 10, .box_h = 11, .ofs_x = 0, .ofs_y = -1},
    {.bitmap_index = 1504, .adv_w = 181, .box_w = 10, .box_h = 10, .ofs_x = 1, .ofs_y = 0},
    {.bitmap_index = 1554, .adv_w = 71, .box_w = 3, .box_h = 10, .ofs_x = 1, .ofs_y = 0},
    {.bitmap_index = 1569, .adv_w = 118, .box_w = 8, .box_h = 11, .ofs_x = -1, .ofs_y = -1},
    {.bitmap_index = 1613, .adv_w = 163, .box_w = 10, .box_h = 10, .ofs_x = 1, .ofs_y = 0},
    {.bitmap_index = 1663, .adv_w = 134, .box_w = 8, .box_h = 10, .ofs_x = 1, .ofs_y = 0},
    {.bitmap_index = 1703, .adv_w = 214, .box_w = 12, .box_h = 10, .ofs_x = 1, .ofs_y = 0},
    {.bitmap_index = 1763, .adv_w = 181, .box_w = 10, .box_h = 10, .ofs_x = 1, .ofs_y = 0},
    {.bitmap_index = 1813, .adv_w = 189, .box_w = 12, .box_h = 11, .ofs_x = 0, .ofs_y = -1},
    {.bitmap_index = 1879, .adv_w = 163, .box_w = 9, .box_h = 10, .ofs_x = 1, .ofs_y = 0},
    {.bitmap_index = 1924, .adv_w = 189, .box_w = 12, .box_h = 13, .ofs_x = 0, .ofs_y = -3},
    {.bitmap_index = 2002, .adv_w = 164, .box_w = 9, .box_h = 10, .ofs_x = 1, .ofs_y = 0},
    {.bitmap_index = 2047, .adv_w = 141, .box_w = 9, .box_h = 11, .ofs_x = 0, .ofs_y = -1},
    {.bitmap_index = 2097, .adv_w = 135, .box_w = 9, .box_h = 10, .ofs_x = 0, .ofs_y = 0},
    {.bitmap_index = 2142, .adv_w = 177, .box_w = 9, .box_h = 11, .ofs_x = 1, .ofs_y = -1},
    {.bitmap_index = 2192, .adv_w = 163, .box_w = 12, .box_h = 10, .ofs_x = -1, .ofs_y = 0},
    {.bitmap_index = 2252, .adv_w = 256, .box_w = 16, .box_h = 10, .ofs_x = 0, .ofs_y = 0},
    {.bitmap_index = 2332, .adv_w = 155, .box_w = 10, .box_h = 10, .ofs_x = 0, .ofs_y = 0},
    {.bitmap_index = 2382, .adv_w = 148, .box_w = 11, .box_h = 10, .ofs_x = -1, .ofs_y = 0},
    {.bitmap_index = 2437, .adv_w = 149, .box_w = 9, .box_h = 10, .ofs_x = 0, .ofs_y = 0},
    {.bitmap_index = 2482, .adv_w = 78, .box_w = 4, .box_h = 14, .ofs_x = 1, .ofs_y = -3},
    {.bitmap_index = 2510, .adv_w = 83, .box_w = 7, .box_h = 14, .ofs_x = -1, .ofs_y = -2},
    {.bitmap_index = 2559, .adv_w = 78, .box_w = 4, .box_h = 14, .ofs_x = 0, .ofs_y = -3},
    {.bitmap_index = 2587, .adv_w = 132, .box_w = 8, .box_h = 7, .ofs_x = 0, .ofs_y = 1},
    {.bitmap_index = 2615, .adv_w = 112, .box_w = 7, .box_h = 2, .ofs_x = 0, .ofs_y = -2},
    {.bitmap_index = 2622, .adv_w = 134, .box_w = 5, .box_h = 3, .ofs_x = 1, .ofs_y = 8},
    {.bitmap_index = 2630, .adv_w = 136, .box_w = 8, .box_h = 9, .ofs_x = 0, .ofs_y = -1},
    {.bitmap_index = 2666, .adv_w = 154, .box_w = 9, .box_h = 12, .ofs_x = 1, .ofs_y = -1},
    {.bitmap_index = 2720, .adv_w = 130, .box_w = 8, .box_h = 9, .ofs_x = 0, .ofs_y = -1},
    {.bitmap_index = 2756, .adv_w = 154, .box_w = 9, .box_h = 12, .ofs_x = 0, .ofs_y = -1},
    {.bitmap_index = 2810, .adv_w = 139, .box_w = 9, .box_h = 9, .ofs_x = 0, .ofs_y = -1},
    {.bitmap_index = 2851, .adv_w = 83, .box_w = 6, .box_h = 11, .ofs_x = 0, .ofs_y = 0},
    {.bitmap_index = 2884, .adv_w = 155, .box_w = 9, .box_h = 11, .ofs_x = 0, .ofs_y = -3},
    {.bitmap_index = 2934, .adv_w = 153, .box_w = 8, .box_h = 11, .ofs_x = 1, .ofs_y = 0},
    {.bitmap_index = 2978, .adv_w = 65, .box_w = 4, .box_h = 11, .ofs_x = 0, .ofs_y = 0},
    {.bitmap_index = 3000, .adv_w = 66, .box_w = 6, .box_h = 14, .ofs_x = -2, .ofs_y = -3},
    {.bitmap_index = 3042, .adv_w = 142, .box_w = 8, .box_h = 11, .ofs_x = 1, .ofs_y = 0},
    {.bitmap_index = 3086, .adv_w = 65, .box_w = 2, .box_h = 11, .ofs_x = 1, .ofs_y = 0},
    {.bitmap_index = 3097, .adv_w = 236, .box_w = 13, .box_h = 8, .ofs_x = 1, .ofs_y = 0},
    {.bitmap_index = 3149, .adv_w = 153, .box_w = 8, .box_h = 8, .ofs_x = 1, .ofs_y = 0},
    {.bitmap_index = 3181, .adv_w = 144, .box_w = 9, .box_h = 9, .ofs_x = 0, .ofs_y = -1},
    {.bitmap_index = 3222, .adv_w = 154, .box_w = 9, .box_h = 11, .ofs_x = 1, .ofs_y = -3},
    {.bitmap_index = 3272, .adv_w = 154, .box_w = 9, .box_h = 11, .ofs_x = 0, .ofs_y = -3},
    {.bitmap_index = 3322, .adv_w = 94, .box_w = 5, .box_h = 8, .ofs_x = 1, .ofs_y = 0},
    {.bitmap_index = 3342, .adv_w = 115, .box_w = 7, .box_h = 9, .ofs_x = 0, .ofs_y = -1},
    {.bitmap_index = 3374, .adv_w = 95, .box_w = 6, .box_h = 11, .ofs_x = 0, .ofs_y = -1},
    {.bitmap_index = 3407, .adv_w = 153, .box_w = 8, .box_h = 9, .ofs_x = 1, .ofs_y = -1},
    {.bitmap_index = 3443, .adv_w = 129, .box_w = 10, .box_h = 8, .ofs_x = -1, .ofs_y = 0},
    {.bitmap_index = 3483, .adv_w = 206, .box_w = 13, .box_h = 8, .ofs_x = 0, .ofs_y = 0},
    {.bitmap_index = 3535, .adv_w = 128, .box_w = 8, .box_h = 8, .ofs_x = 0, .ofs_y = 0},
    {.bitmap_index = 3567, .adv_w = 129, .box_w = 10, .box_h = 11, .ofs_x = -1, .ofs_y = -3},
    {.bitmap_index = 3622, .adv_w = 119, .box_w = 7, .box_h = 8, .ofs_x = 0, .ofs_y = 0},
    {.bitmap_index = 3650, .adv_w = 83, .box_w = 5, .box_h = 14, .ofs_x = 0, .ofs_y = -3},
    {.bitmap_index = 3685, .adv_w = 68, .box_w = 2, .box_h = 14, .ofs_x = 1, .ofs_y = -3},
    {.bitmap_index = 3699, .adv_w = 83, .box_w = 5, .box_h = 14, .ofs_x = 0, .ofs_y = -3},
    {.bitmap_index = 3734, .adv_w = 132, .box_w = 8, .box_h = 4, .ofs_x = 0, .ofs_y = 3},
    {.bitmap_index = 3750, .adv_w = 62, .box_w = 0, .box_h = 0, .ofs_x = 0, .ofs_y = 0},
    {.bitmap_index = 3750, .adv_w = 62, .box_w = 4, .box_h = 11, .ofs_x = 0, .ofs_y = -3},
    {.bitmap_index = 3772, .adv_w = 130, .box_w = 8, .box_h = 12, .ofs_x = 0, .ofs_y = -2},
    {.bitmap_index = 3820, .adv_w = 147, .box_w = 10, .box_h = 10, .ofs_x = 0, .ofs_y = 0},
    {.bitmap_index = 3870, .adv_w = 157, .box_w = 10, .box_h = 10, .ofs_x = 0, .ofs_y = -1},
    {.bitmap_index = 3920, .adv_w = 162, .box_w = 12, .box_h = 10, .ofs_x = -1, .ofs_y = 0},
    {.bitmap_index = 3980, .adv_w = 68, .box_w = 2, .box_h = 14, .ofs_x = 1, .ofs_y = -3},
    {.bitmap_index = 3994, .adv_w = 114, .box_w = 7, .box_h = 12, .ofs_x = 0, .ofs_y = -2},
    {.bitmap_index = 4036, .adv_w = 134, .box_w = 5, .box_h = 3, .ofs_x = 2, .ofs_y = 8},
    {.bitmap_index = 4044, .adv_w = 178, .box_w = 11, .box_h = 11, .ofs_x = 0, .ofs_y = -1},
    {.bitmap_index = 4105, .adv_w = 91, .box_w = 5, .box_h = 6, .ofs_x = 0, .ofs_y = 5},
    {.bitmap_index = 4120, .adv_w = 120, .box_w = 8, .box_h = 6, .ofs_x = 0, .ofs_y = 1},
    {.bitmap_index = 4144, .adv_w = 132, .box_w = 8, .box_h = 5, .ofs_x = 0, .ofs_y = 1},
    {.bitmap_index = 4164, .adv_w = 86, .box_w = 5, .box_h = 2, .ofs_x = 0, .ofs_y = 3},
    {.bitmap_index = 4169, .adv_w = 178, .box_w = 11, .box_h = 11, .ofs_x = 0, .ofs_y = -1},
    {.bitmap_index = 4230, .adv_w = 134, .box_w = 6, .box_h = 2, .ofs_x = 1, .ofs_y = 8},
    {.bitmap_index = 4236, .adv_w = 94, .box_w = 6, .box_h = 5, .ofs_x = 0, .ofs_y = 5},
    {.bitmap_index = 4251, .adv_w = 132, .box_w = 8, .box_h = 9, .ofs_x = 0, .ofs_y = 0},
    {.bitmap_index = 4287, .adv_w = 96, .box_w = 6, .box_h = 7, .ofs_x = 0, .ofs_y = 4},
    {.bitmap_index = 4308, .adv_w = 96, .box_w = 6, .box_h = 7, .ofs_x = 0, .ofs_y = 4},
    {.bitmap_index = 4329, .adv_w = 134, .box_w = 4, .box_h = 3, .ofs_x = 3, .ofs_y = 8},
    {.bitmap_index = 4335, .adv_w = 154, .box_w = 8, .box_h = 11, .ofs_x = 1, .ofs_y = -3},
    {.bitmap_index = 4379, .adv_w = 149, .box_w = 9, .box_h = 13, .ofs_x = 0, .ofs_y = -2},
    {.bitmap_index = 4438, .adv_w = 64, .box_w = 4, .box_h = 4, .ofs_x = 0, .ofs_y = 2},
    {.bitmap_index = 4446, .adv_w = 134, .box_w = 4, .box_h = 5, .ofs_x = 2, .ofs_y = -4},
    {.bitmap_index = 4456, .adv_w = 96, .box_w = 5, .box_h = 7, .ofs_x = 1, .ofs_y = 4},
    {.bitmap_index = 4474, .adv_w = 95, .box_w = 6, .box_h = 6, .ofs_x = 0, .ofs_y = 5},
    {.bitmap_index = 4492, .adv_w = 120, .box_w = 7, .box_h = 6, .ofs_x = 0, .ofs_y = 1},
    {.bitmap_index = 4513, .adv_w = 233, .box_w = 14, .box_h = 10, .ofs_x = 1, .ofs_y = 0},
    {.bitmap_index = 4583, .adv_w = 233, .box_w = 13, .box_h = 10, .ofs_x = 1, .ofs_y = 0},
    {.bitmap_index = 4648, .adv_w = 233, .box_w = 15, .box_h = 10, .ofs_x = 0, .ofs_y = 0},
    {.bitmap_index = 4723, .adv_w = 130, .box_w = 9, .box_h = 11, .ofs_x = 0, .ofs_y = -3},
    {.bitmap_index = 4773, .adv_w = 168, .box_w = 12, .box_h = 13, .ofs_x = -1, .ofs_y = 0},
    {.bitmap_index = 4851, .adv_w = 168, .box_w = 12, .box_h = 13, .ofs_x = -1, .ofs_y = 0},
    {.bitmap_index = 4929, .adv_w = 168, .box_w = 12, .box_h = 13, .ofs_x = -1, .ofs_y = 0},
    {.bitmap_index = 5007, .adv_w = 168, .box_w = 12, .box_h = 13, .ofs_x = -1, .ofs_y = 0},
    {.bitmap_index = 5085, .adv_w = 168, .box_w = 12, .box_h = 13, .ofs_x = -1, .ofs_y = 0},
    {.bitmap_index = 5163, .adv_w = 168, .box_w = 12, .box_h = 14, .ofs_x = -1, .ofs_y = 0},
    {.bitmap_index = 5247, .adv_w = 238, .box_w = 16, .box_h = 10, .ofs_x = -1, .ofs_y = 0},
    {.bitmap_index = 5327, .adv_w = 163, .box_w = 10, .box_h = 14, .ofs_x = 0, .ofs_y = -4},
    {.bitmap_index = 5397, .adv_w = 150, .box_w = 8, .box_h = 13, .ofs_x = 1, .ofs_y = 0},
    {.bitmap_index = 5449, .adv_w = 150, .box_w = 8, .box_h = 13, .ofs_x = 1, .ofs_y = 0},
    {.bitmap_index = 5501, .adv_w = 150, .box_w = 8, .box_h = 13, .ofs_x = 1, .ofs_y = 0},
    {.bitmap_index = 5553, .adv_w = 150, .box_w = 8, .box_h = 13, .ofs_x = 1, .ofs_y = 0},
    {.bitmap_index = 5605, .adv_w = 71, .box_w = 5, .box_h = 13, .ofs_x = -1, .ofs_y = 0},
    {.bitmap_index = 5638, .adv_w = 71, .box_w = 4, .box_h = 13, .ofs_x = 1, .ofs_y = 0},
    {.bitmap_index = 5664, .adv_w = 71, .box_w = 6, .box_h = 13, .ofs_x = -1, .ofs_y = 0},
    {.bitmap_index = 5703, .adv_w = 71, .box_w = 5, .box_h = 13, .ofs_x = 0, .ofs_y = 0},
    {.bitmap_index = 5736, .adv_w = 187, .box_w = 12, .box_h = 10, .ofs_x = 0, .ofs_y = 0},
    {.bitmap_index = 5796, .adv_w = 181, .box_w = 10, .box_h = 13, .ofs_x = 1, .ofs_y = 0},
    {.bitmap_index = 5861, .adv_w = 189, .box_w = 12, .box_h = 14, .ofs_x = 0, .ofs_y = -1},
    {.bitmap_index = 5945, .adv_w = 189, .box_w = 12, .box_h = 14, .ofs_x = 0, .ofs_y = -1},
    {.bitmap_index = 6029, .adv_w = 189, .box_w = 12, .box_h = 14, .ofs_x = 0, .ofs_y = -1},
    {.bitmap_index = 6113, .adv_w = 189, .box_w = 12, .box_h = 14, .ofs_x = 0, .ofs_y = -1},
    {.bitmap_index = 6197, .adv_w = 189, .box_w = 12, .box_h = 14, .ofs_x = 0, .ofs_y = -1},
    {.bitmap_index = 6281, .adv_w = 132, .box_w = 6, .box_h = 6, .ofs_x = 1, .ofs_y = 2},
    {.bitmap_index = 6299, .adv_w = 189, .box_w = 12, .box_h = 12, .ofs_x = 0, .ofs_y = -1},
    {.bitmap_index = 6371, .adv_w = 177, .box_w = 9, .box_h = 14, .ofs_x = 1, .ofs_y = -1},
    {.bitmap_index = 6434, .adv_w = 177, .box_w = 9, .box_h = 14, .ofs_x = 1, .ofs_y = -1},
    {.bitmap_index = 6497, .adv_w = 177, .box_w = 9, .box_h = 14, .ofs_x = 1, .ofs_y = -1},
    {.bitmap_index = 6560, .adv_w = 177, .box_w = 9, .box_h = 14, .ofs_x = 1, .ofs_y = -1},
    {.bitmap_index = 6623, .adv_w = 148, .box_w = 11, .box_h = 13, .ofs_x = -1, .ofs_y = 0},
    {.bitmap_index = 6695, .adv_w = 163, .box_w = 9, .box_h = 10, .ofs_x = 1, .ofs_y = 0},
    {.bitmap_index = 6740, .adv_w = 153, .box_w = 9, .box_h = 12, .ofs_x = 1, .ofs_y = -1},
    {.bitmap_index = 6794, .adv_w = 136, .box_w = 8, .box_h = 12, .ofs_x = 0, .ofs_y = -1},
    {.bitmap_index = 6842, .adv_w = 136, .box_w = 8, .box_h = 12, .ofs_x = 0, .ofs_y = -1},
    {.bitmap_index = 6890, .adv_w = 136, .box_w = 8, .box_h = 12, .ofs_x = 0, .ofs_y = -1},
    {.bitmap_index = 6938, .adv_w = 136, .box_w = 8, .box_h = 12, .ofs_x = 0, .ofs_y = -1},
    {.bitmap_index = 6986, .adv_w = 136, .box_w = 8, .box_h = 12, .ofs_x = 0, .ofs_y = -1},
    {.bitmap_index = 7034, .adv_w = 136, .box_w = 8, .box_h = 13, .ofs_x = 0, .ofs_y = -1},
    {.bitmap_index = 7086, .adv_w = 222, .box_w = 14, .box_h = 9, .ofs_x = 0, .ofs_y = -1},
    {.bitmap_index = 7149, .adv_w = 130, .box_w = 8, .box_h = 12, .ofs_x = 0, .ofs_y = -4},
    {.bitmap_index = 7197, .adv_w = 139, .box_w = 9, .box_h = 12, .ofs_x = 0, .ofs_y = -1},
    {.bitmap_index = 7251, .adv_w = 139, .box_w = 9, .box_h = 12, .ofs_x = 0, .ofs_y = -1},
    {.bitmap_index = 7305, .adv_w = 139, .box_w = 9, .box_h = 12, .ofs_x = 0, .ofs_y = -1},
    {.bitmap_index = 7359, .adv_w = 139, .box_w = 9, .box_h = 12, .ofs_x = 0, .ofs_y = -1},
    {.bitmap_index = 7413, .adv_w = 65, .box_w = 5, .box_h = 11, .ofs_x = -1, .ofs_y = 0},
    {.bitmap_index = 7441, .adv_w = 65, .box_w = 5, .box_h = 11, .ofs_x = 0, .ofs_y = 0},
    {.bitmap_index = 7469, .adv_w = 65, .box_w = 6, .box_h = 11, .ofs_x = -1, .ofs_y = 0},
    {.bitmap_index = 7502, .adv_w = 65, .box_w = 4, .box_h = 11, .ofs_x = 0, .ofs_y = 0},
    {.bitmap_index = 7524, .adv_w = 145, .box_w = 9, .box_h = 12, .ofs_x = 0, .ofs_y = -1},
    {.bitmap_index = 7578, .adv_w = 153, .box_w = 8, .box_h = 11, .ofs_x = 1, .ofs_y = 0},
    {.bitmap_index = 7622, .adv_w = 144, .box_w = 9, .box_h = 12, .ofs_x = 0, .ofs_y = -1},
    {.bitmap_index = 7676, .adv_w = 144, .box_w = 9, .box_h = 12, .ofs_x = 0, .ofs_y = -1},
    {.bitmap_index = 7730, .adv_w = 144, .box_w = 9, .box_h = 12, .ofs_x = 0, .ofs_y = -1},
    {.bitmap_index = 7784, .adv_w = 144, .box_w = 9, .box_h = 12, .ofs_x = 0, .ofs_y = -1},
    {.bitmap_index = 7838, .adv_w = 144, .box_w = 9, .box_h = 12, .ofs_x = 0, .ofs_y = -1},
    {.bitmap_index = 7892, .adv_w = 132, .box_w = 8, .box_h = 8, .ofs_x = 0, .ofs_y = 1},
    {.bitmap_index = 7924, .adv_w = 144, .box_w = 9, .box_h = 10, .ofs_x = 0, .ofs_y = -1},
    {.bitmap_index = 7969, .adv_w = 153, .box_w = 8, .box_h = 12, .ofs_x = 1, .ofs_y = -1},
    {.bitmap_index = 8017, .adv_w = 153, .box_w = 8, .box_h = 12, .ofs_x = 1, .ofs_y = -1},
    {.bitmap_index = 8065, .adv_w = 153, .box_w = 8, .box_h = 12, .ofs_x = 1, .ofs_y = -1},
    {.bitmap_index = 8113, .adv_w = 153, .box_w = 8, .box_h = 12, .ofs_x = 1, .ofs_y = -1},
    {.bitmap_index = 8161, .adv_w = 129, .box_w = 10, .box_h = 14, .ofs_x = -1, .ofs_y = -3},
    {.bitmap_index = 8231, .adv_w = 154, .box_w = 9, .box_h = 14, .ofs_x = 1, .ofs_y = -3},
    {.bitmap_index = 8294, .adv_w = 129, .box_w = 10, .box_h = 14, .ofs_x = -1, .ofs_y = -3},
    {.bitmap_index = 8364, .adv_w = 112, .box_w = 7, .box_h = 2, .ofs_x = 0, .ofs_y = 3},
    {.bitmap_index = 8371, .adv_w = 224, .box_w = 14, .box_h = 2, .ofs_x = 0, .ofs_y = 3},
    {.bitmap_index = 8385, .adv_w = 55, .box_w = 3, .box_h = 5, .ofs_x = 0, .ofs_y = 6},
    {.bitmap_index = 8393, .adv_w = 75, .box_w = 4, .box_h = 4, .ofs_x = 0, .ofs_y = 2},
    {.bitmap_index = 8401, .adv_w = 166, .box_w = 10, .box_h = 4, .ofs_x = 0, .ofs_y = -1},
};

static const lv_font_fmt_txt_cmap_t cmaps_text_14[] = {
    {.range_start = 0x20, .range_length = 95, .glyph_id_start = 1, .unicode_list = NULL, .glyph_id_ofs_list = NULL, .list_length = 0, .type = LV_FONT_FMT_TXT_CMAP_FORMAT0_TINY},
    {.range_start = 0xA0, .range_length = 96, .glyph_id_start = 96, .unicode_list = NULL, .glyph_id_ofs_list = NULL, .list_length = 0, .type = LV_FONT_FMT_TXT_CMAP_FORMAT0_TINY},
    {.range_start = 0x2013, .range_length = 2, .glyph_id_start = 192, .unicode_list = NULL, .glyph_id_ofs_list = NULL, .list_length = 0, .type = LV_FONT_FMT_TXT_CMAP_FORMAT0_TINY},
    {.range_start = 0x2019, .range_length = 1, .glyph_id_start = 194, .unicode_list = NULL, .glyph_id_ofs_list = NULL, .list_length = 0, .type = LV_FONT_FMT_TXT_CMAP_FORMAT0_TINY},
    {.range_start = 0x2022, .range_length = 1, .glyph_id_start = 195, .unicode_list = NULL, .glyph_id_ofs_list = NULL, .list_length = 0, .type = LV_FONT_FMT_TXT_CMAP_FORMAT0_TINY},
    {.range_start = 0x2026, .range_length = 1, .glyph_id_start = 196, .unicode_list = NULL, .glyph_id_ofs_list = NULL, .list_length = 0, .type = LV_FONT_FMT_TXT_CMAP_FORMAT0_TINY},
};

static const lv_font_fmt_txt_dsc_t font_dsc_text_14 = {
    .glyph_bitmap = glyph_bitmap_text_14, .glyph_dsc = glyph_dsc_text_14, .cmaps = cmaps_text_14,
    .kern_dsc = NULL, .kern_scale = 0, .cmap_num = 6, .bpp = 4, .kern_classes = 0,
    .bitmap_format = 0,
};

const lv_font_t bed_font_text_14 = {
    .get_glyph_dsc = lv_font_get_glyph_dsc_fmt_txt,
    .get_glyph_bitmap = lv_font_get_bitmap_fmt_txt,
    .line_height = 18, .base_line = 4, .subpx = LV_FONT_SUBPX_NONE,
    .underline_position = 0, .underline_thickness = 0, .dsc = &font_dsc_text_14,
    .fallback = &bed_icons_inline_14,
};


static LV_ATTRIBUTE_LARGE_CONST const uint8_t glyph_bitmap_bold_14[] = {
    /* U+0025 */ 0x09, 0xfd, 0x30, 0x00, 0x8b, 0x10, 0x6f, 0x5a, 0xf0, 0x04, 0xf7, 0x00, 0x8c, 0x04, 0xf4, 0x1e, 0xc0, 0x00, 0x8e, 0x05, 0xf3, 0x9f, 0x20, 0x00, 0x2f, 0xde, 0xc4, 0xf7, 0x24, 0x20, 0x02, 0x86, 0x2f, 0xb5, 0xfe, 0xf4, 0x00, 0x00, 0xbf, 0x1e, 0xa0, 0xbc, 0x00, 0x05, 0xf5, 0x0f, 0x80, 0x8f, 0x00, 0x1f, 0xb0, 0x0d, 0xb1, 0xcb, 0x00, 0xbf, 0x10, 0x03, 0xef, 0xe3, 0x00, 0x00, 0x00, 0x00, 0x00, 0x00,
    /* U+002B */ 0x00, 0x03, 0x40, 0x00, 0x00, 0x0c, 0xf0, 0x00, 0x00, 0x0c, 0xf0, 0x00, 0x3c, 0xcf, 0xfc, 0xc6, 0x4f, 0xff, 0xff, 0xf8, 0x00, 0x0c, 0xf0, 0x00, 0x00, 0x0c, 0xf0, 0x00, 0x00, 0x03, 0x40, 0x00,
    /* U+002C */ 0x18, 0x70, 0x8f, 0xf3, 0x4f, 0xf1, 0x0f, 0xa0, 0x3f, 0x50, 0x14, 0x00,
    /* U+002D */ 0x3c, 0xcc, 0x94, 0xff, 0xfc,
    /* U+002E */ 0x18, 0x60, 0x8f, 0xf3, 0x5f, 0xe1, 0x00, 0x00,
    /* U+002F */ 0x00, 0x00, 0x0c, 0xb0, 0x00, 0x00, 0x5f, 0xa0, 0x00, 0x00, 0xaf, 0x50, 0x00, 0x01, 0xff, 0x00, 0x00, 0x06, 0xfa, 0x00, 0x00, 0x0b, 0xf4, 0x00, 0x00, 0x1f, 0xe0, 0x00, 0x00, 0x6f, 0x90, 0x00, 0x00, 0xcf, 0x30, 0x00, 0x02, 0xfe, 0x00, 0x00, 0x07, 0xf8, 0x00, 0x00, 0x0d, 0xf2, 0x00, 0x00, 0x2f, 0xd0, 0x00, 0x00, 0x38, 0x40, 0x00, 0x00,
    /* U+0030 */ 0x00, 0x5d, 0xff, 0xa1, 0x00, 0x6f, 0xff, 0xff, 0xd1, 0x0f, 0xfa, 0x03, 0xff, 0x74, 0xff, 0x10, 0x09, 0xfc, 0x8f, 0xd0, 0x00, 0x5f, 0xf8, 0xfd, 0x00, 0x04, 0xff, 0x5f, 0xf0, 0x00, 0x8f, 0xd1, 0xff, 0x70, 0x1e, 0xf9, 0x08, 0xff, 0xce, 0xff, 0x10, 0x08, 0xff, 0xfc, 0x30, 0x00, 0x00, 0x41, 0x00, 0x00,
    /* U+0031 */ 0xcc, 0xcc, 0x3f, 0xff, 0xf4, 0x00, 0xff, 0x40, 0x0f, 0xf4, 0x00, 0xff, 0x40, 0x0f, 0xf4, 0x00, 0xff, 0x40, 0x0f, 0xf4, 0x00, 0xff, 0x40, 0x0f, 0xf4,
    /* U+0032 */ 0x06, 0xdf, 0xfb, 0x30, 0xaf, 0xff, 0xff, 0xf2, 0x3c, 0x40, 0x1e, 0xf8, 0x00, 0x00, 0x0d, 0xf8, 0x00, 0x00, 0x6f, 0xf2, 0x00, 0x06, 0xff, 0x60, 0x00, 0x6f, 0xf6, 0x00, 0x06, 0xff, 0x60, 0x00, 0x5f, 0xff, 0xcc, 0xc9, 0x8f, 0xff, 0xff, 0xfc,
    /* U+0033 */ 0x06, 0xcc, 0xcc, 0xcc, 0x30, 0x8f, 0xff, 0xff, 0xf4, 0x00, 0x00, 0x0d, 0xfa, 0x00, 0x00, 0x0a, 0xfb, 0x00, 0x00, 0x04, 0xff, 0xc5, 0x00, 0x00, 0x3c, 0xef, 0xf5, 0x00, 0x00, 0x00, 0xbf, 0xc0, 0x34, 0x00, 0x0b, 0xfc, 0x0c, 0xfe, 0xce, 0xff, 0x50, 0x6e, 0xff, 0xfe, 0x70, 0x00, 0x00, 0x42, 0x00, 0x00,
    /* U+0034 */ 0x00, 0x00, 0x3c, 0xc2, 0x00, 0x00, 0x01, 0xef, 0x80, 0x00, 0x00, 0x0b, 0xfc, 0x00, 0x00, 0x00, 0x6f, 0xf2, 0x00, 0x00, 0x03, 0xff, 0x53, 0xcc, 0x00, 0x1d, 0xf9, 0x04, 0xff, 0x00, 0x7f, 0xff, 0xff, 0xff, 0xf8, 0x8f, 0xff, 0xff, 0xff, 0xf8, 0x00, 0x00, 0x04, 0xff, 0x00, 0x00, 0x00, 0x04, 0xff, 0x00,
    /* U+0035 */ 0x09, 0xcc, 0xcc, 0xc3, 0x0c, 0xff, 0xff, 0xf4, 0x0c, 0xf4, 0x00, 0x00, 0x0f, 0xf3, 0x00, 0x00, 0x0f, 0xff, 0xff, 0x91, 0x0c, 0xcc, 0xdf, 0xf9, 0x00, 0x00, 0x08, 0xff, 0x16, 0x00, 0x08, 0xff, 0x8f, 0xfc, 0xdf, 0xf8, 0x5d, 0xff, 0xff, 0x80, 0x00, 0x04, 0x30, 0x00,
    /* U+0036 */ 0x00, 0x2a, 0xef, 0xfa, 0x20, 0x3f, 0xff, 0xff, 0xe0, 0x0e, 0xfc, 0x10, 0x02, 0x03, 0xff, 0x11, 0x30, 0x00, 0x7f, 0xec, 0xff, 0xf6, 0x08, 0xff, 0xf9, 0xbf, 0xf4, 0x6f, 0xf4, 0x00, 0xaf, 0xa2, 0xff, 0x20, 0x0a, 0xf9, 0x09, 0xfe, 0x8a, 0xff, 0x40, 0x09, 0xff, 0xfe, 0x50, 0x00, 0x00, 0x32, 0x00, 0x00,
    /* U+0037 */ 0x9c, 0xcc, 0xcc, 0xcc, 0x3c, 0xff, 0xff, 0xff, 0xf4, 0xcf, 0x80, 0x0a, 0xfe, 0x09, 0xc6, 0x01, 0xff, 0x60, 0x00, 0x00, 0x7f, 0xf1, 0x00, 0x00, 0x0e, 0xf9, 0x00, 0x00, 0x06, 0xff, 0x20, 0x00, 0x00, 0xcf, 0xa0, 0x00, 0x00, 0x4f, 0xf4, 0x00, 0x00, 0x0a, 0xfd, 0x00, 0x00,
    /* U+0038 */ 0x01, 0x8e, 0xff, 0xa2, 0x00, 0xcf, 0xfc, 0xef, 0xf1, 0x2f, 0xf4, 0x01, 0xff, 0x61, 0xff, 0x40, 0x1f, 0xf5, 0x06, 0xff, 0xff, 0xfa, 0x01, 0xdf, 0xec, 0xdf, 0xf3, 0x7f, 0xe1, 0x00, 0xbf, 0xb8, 0xfe, 0x00, 0x0a, 0xfc, 0x2f, 0xfc, 0x8a, 0xff, 0x60, 0x4d, 0xff, 0xfe, 0x70, 0x00, 0x01, 0x42, 0x00, 0x00,
    /* U+0039 */ 0x03, 0xbf, 0xfc, 0x50, 0x03, 0xff, 0xdc, 0xff, 0x60, 0xaf, 0xb0, 0x07, 0xff, 0x0c, 0xf9, 0x00, 0x4f, 0xf4, 0x7f, 0xf7, 0x6d, 0xff, 0x40, 0xbf, 0xff, 0xef, 0xf4, 0x00, 0x34, 0x41, 0xff, 0x30, 0x00, 0x00, 0xaf, 0xe0, 0x0e, 0xcc, 0xef, 0xf4, 0x02, 0xef, 0xff, 0xc4, 0x00, 0x00, 0x24, 0x10, 0x00, 0x00,
    /* U+003A */ 0x19, 0x70, 0x8f, 0xf3, 0x4f, 0xd1, 0x00, 0x00, 0x00, 0x00, 0x18, 0x60, 0x8f, 0xf3, 0x5f, 0xe1, 0x00, 0x00,
    /* U+00B0 */ 0x08, 0xee, 0x50, 0x5f, 0x55, 0xf2, 0x8c, 0x00, 0xc4, 0x4f, 0x56, 0xf2, 0x07, 0xcc, 0x50,
};

static const lv_font_fmt_txt_glyph_dsc_t glyph_dsc_bold_14[] = {
    {.bitmap_index = 0, .adv_w = 0, .box_w = 0, .box_h = 0, .ofs_x = 0, .ofs_y = 0},
    {.bitmap_index = 0, .adv_w = 63, .box_w = 0, .box_h = 0, .ofs_x = 0, .ofs_y = 0},
    {.bitmap_index = 0, .adv_w = 196, .box_w = 12, .box_h = 11, .ofs_x = 0, .ofs_y = -1},
    {.bitmap_index = 66, .adv_w = 134, .box_w = 8, .box_h = 8, .ofs_x = 0, .ofs_y = 1},
    {.bitmap_index = 98, .adv_w = 59, .box_w = 4, .box_h = 6, .ofs_x = 0, .ofs_y = -3},
    {.bitmap_index = 110, .adv_w = 86, .box_w = 5, .box_h = 2, .ofs_x = 0, .ofs_y = 3},
    {.bitmap_index = 115, .adv_w = 59, .box_w = 4, .box_h = 4, .ofs_x = 0, .ofs_y = -1},
    {.bitmap_index = 123, .adv_w = 88, .box_w = 8, .box_h = 14, .ofs_x = -1, .ofs_y = -2},
    {.bitmap_index = 179, .adv_w = 152, .box_w = 9, .box_h = 11, .ofs_x = 0, .ofs_y = -1},
    {.bitmap_index = 229, .adv_w = 88, .box_w = 5, .box_h = 10, .ofs_x = 0, .ofs_y = 0},
    {.bitmap_index = 254, .adv_w = 132, .box_w = 8, .box_h = 10, .ofs_x = 0, .ofs_y = 0},
    {.bitmap_index = 294, .adv_w = 133, .box_w = 9, .box_h = 11, .ofs_x = -1, .ofs_y = -1},
    {.bitmap_index = 344, .adv_w = 154, .box_w = 10, .box_h = 10, .ofs_x = 0, .ofs_y = 0},
    {.bitmap_index = 394, .adv_w = 133, .box_w = 8, .box_h = 11, .ofs_x = 0, .ofs_y = -1},
    {.bitmap_index = 438, .adv_w = 143, .box_w = 9, .box_h = 11, .ofs_x = 0, .ofs_y = -1},
    {.bitmap_index = 488, .adv_w = 139, .box_w = 9, .box_h = 10, .ofs_x = 0, .ofs_y = 0},
    {.bitmap_index = 533, .adv_w = 148, .box_w = 9, .box_h = 11, .ofs_x = 0, .ofs_y = -1},
    {.bitmap_index = 583, .adv_w = 143, .box_w = 9, .box_h = 11, .ofs_x = 0, .ofs_y = -1},
    {.bitmap_index = 633, .adv_w = 59, .box_w = 4, .box_h = 9, .ofs_x = 0, .ofs_y = -1},
    {.bitmap_index = 651, .adv_w = 94, .box_w = 6, .box_h = 5, .ofs_x = 0, .ofs_y = 5},
};

static const lv_font_fmt_txt_cmap_t cmaps_bold_14[] = {
    {.range_start = 0x20, .range_length = 1, .glyph_id_start = 1, .unicode_list = NULL, .glyph_id_ofs_list = NULL, .list_length = 0, .type = LV_FONT_FMT_TXT_CMAP_FORMAT0_TINY},
    {.range_start = 0x25, .range_length = 1, .glyph_id_start = 2, .unicode_list = NULL, .glyph_id_ofs_list = NULL, .list_length = 0, .type = LV_FONT_FMT_TXT_CMAP_FORMAT0_TINY},
    {.range_start = 0x2B, .range_length = 16, .glyph_id_start = 3, .unicode_list = NULL, .glyph_id_ofs_list = NULL, .list_length = 0, .type = LV_FONT_FMT_TXT_CMAP_FORMAT0_TINY},
    {.range_start = 0xB0, .range_length = 1, .glyph_id_start = 19, .unicode_list = NULL, .glyph_id_ofs_list = NULL, .list_length = 0, .type = LV_FONT_FMT_TXT_CMAP_FORMAT0_TINY},
};

static const lv_font_fmt_txt_dsc_t font_dsc_bold_14 = {
    .glyph_bitmap = glyph_bitmap_bold_14, .glyph_dsc = glyph_dsc_bold_14, .cmaps = cmaps_bold_14,
    .kern_dsc = NULL, .kern_scale = 0, .cmap_num = 4, .bpp = 4, .kern_classes = 0,
    .bitmap_format = 0,
};

const lv_font_t bed_font_bold_14 = {
    .get_glyph_dsc = lv_font_get_glyph_dsc_fmt_txt,
    .get_glyph_bitmap = lv_font_get_bitmap_fmt_txt,
    .line_height = 18, .base_line = 4, .subpx = LV_FONT_SUBPX_NONE,
    .underline_position = 0, .underline_thickness = 0, .dsc = &font_dsc_bold_14,
    .fallback = NULL,
};


static LV_ATTRIBUTE_LARGE_CONST const uint8_t glyph_bitmap_bold_16[] = {
    /* U+0025 */ 0x00, 0x44, 0x10, 0x00, 0x01, 0x43, 0x00, 0x0c, 0xff, 0xf3, 0x00, 0x09, 0xf5, 0x00, 0x6f, 0x71, 0xed, 0x00, 0x4f, 0xb0, 0x00, 0x8f, 0x00, 0xaf, 0x01, 0xee, 0x10, 0x00, 0x8f, 0x20, 0xcf, 0x0b, 0xf4, 0x00, 0x00, 0x2f, 0xd9, 0xf9, 0x5f, 0x90, 0x00, 0x00, 0x05, 0xcc, 0x81, 0xfe, 0x2c, 0xff, 0x80, 0x00, 0x00, 0x0b, 0xf4, 0xaf, 0x5a, 0xf4, 0x00, 0x00, 0x6f, 0x80, 0xfc, 0x01, 0xf8, 0x00, 0x02, 0xfd, 0x00, 0xfc, 0x00, 0xf8, 0x00, 0x0c, 0xf3, 0x00, 0xaf, 0x58, 0xf6, 0x00, 0x7f, 0x80, 0x00, 0x1d, 0xff, 0x90, 0x00, 0x00, 0x00, 0x00, 0x00, 0x10, 0x00,
    /* U+002B */ 0x00, 0x01, 0x43, 0x00, 0x00, 0x00, 0x4f, 0xc0, 0x00, 0x00, 0x04, 0xfc, 0x00, 0x00, 0x88, 0xaf, 0xe8, 0x84, 0x0f, 0xff, 0xff, 0xff, 0x80, 0x88, 0xaf, 0xe8, 0x84, 0x00, 0x04, 0xfc, 0x00, 0x00, 0x00, 0x4f, 0xc0, 0x00, 0x00, 0x00, 0x00, 0x00, 0x00,
    /* U+002C */ 0x2e, 0xf4, 0x8f, 0xfb, 0x2f, 0xf7, 0x0c, 0xf2, 0x0f, 0xb0, 0x28, 0x30,
    /* U+002D */ 0x28, 0x88, 0x82, 0x4f, 0xff, 0xf4, 0x28, 0x88, 0x82,
    /* U+002E */ 0x2e, 0xf3, 0x8f, 0xfa, 0x2f, 0xf5, 0x00, 0x10,
    /* U+002F */ 0x00, 0x00, 0x02, 0x87, 0x00, 0x00, 0x0a, 0xfa, 0x00, 0x00, 0x0f, 0xf5, 0x00, 0x00, 0x5f, 0xf0, 0x00, 0x00, 0xaf, 0xa0, 0x00, 0x00, 0xff, 0x30, 0x00, 0x06, 0xfe, 0x00, 0x00, 0x0b, 0xf9, 0x00, 0x00, 0x1f, 0xf3, 0x00, 0x00, 0x6f, 0xe0, 0x00, 0x00, 0xbf, 0x70, 0x00, 0x02, 0xff, 0x20, 0x00, 0x07, 0xfd, 0x00, 0x00, 0x0d, 0xf7, 0x00, 0x00, 0x2f, 0xf2, 0x00, 0x00, 0x38, 0x60, 0x00, 0x00,
    /* U+0030 */ 0x00, 0x01, 0x47, 0x40, 0x00, 0x00, 0x06, 0xff, 0xff, 0xe4, 0x00, 0x05, 0xff, 0xfc, 0xff, 0xf3, 0x00, 0xef, 0xe1, 0x03, 0xff, 0xb0, 0x3f, 0xf8, 0x00, 0x0a, 0xff, 0x04, 0xff, 0x40, 0x00, 0x8f, 0xf4, 0x5f, 0xf4, 0x00, 0x08, 0xff, 0x44, 0xff, 0x40, 0x00, 0x8f, 0xf3, 0x2f, 0xf9, 0x00, 0x0b, 0xff, 0x00, 0xcf, 0xf4, 0x06, 0xff, 0xa0, 0x03, 0xff, 0xff, 0xff, 0xf1, 0x00, 0x03, 0xcf, 0xff, 0xc2, 0x00, 0x00, 0x00, 0x24, 0x10, 0x00, 0x00,
    /* U+0031 */ 0x44, 0x44, 0x4f, 0xff, 0xff, 0xff, 0xff, 0xf0, 0x0c, 0xff, 0x00, 0xcf, 0xf0, 0x0c, 0xff, 0x00, 0xcf, 0xf0, 0x0c, 0xff, 0x00, 0xcf, 0xf0, 0x0c, 0xff, 0x00, 0xcf, 0xf0, 0x0c, 0xff,
    /* U+0032 */ 0x00, 0x24, 0x84, 0x10, 0x01, 0xaf, 0xff, 0xff, 0x60, 0xcf, 0xfe, 0xcf, 0xff, 0x41, 0xb6, 0x00, 0x3f, 0xf8, 0x00, 0x00, 0x00, 0xff, 0x80, 0x00, 0x00, 0x8f, 0xf4, 0x00, 0x00, 0x6f, 0xfa, 0x00, 0x00, 0x7f, 0xfa, 0x00, 0x00, 0xaf, 0xfa, 0x00, 0x00, 0xaf, 0xfa, 0x00, 0x00, 0x7f, 0xff, 0xff, 0xff, 0xf8, 0xff, 0xff, 0xff, 0xff,
    /* U+0033 */ 0x02, 0x44, 0x44, 0x44, 0x42, 0x08, 0xff, 0xff, 0xff, 0xf8, 0x08, 0xff, 0xff, 0xff, 0xf5, 0x00, 0x00, 0x04, 0xff, 0x80, 0x00, 0x00, 0x3f, 0xfa, 0x00, 0x00, 0x00, 0xff, 0xf7, 0x20, 0x00, 0x00, 0xff, 0xff, 0xf3, 0x00, 0x00, 0x44, 0x7f, 0xfb, 0x00, 0x00, 0x00, 0x0c, 0xff, 0x04, 0xb4, 0x00, 0x4f, 0xfc, 0x0c, 0xff, 0xff, 0xff, 0xf5, 0x05, 0xbf, 0xff, 0xfe, 0x50, 0x00, 0x00, 0x34, 0x10, 0x00,
    /* U+0034 */ 0x00, 0x00, 0x01, 0x44, 0x20, 0x00, 0x00, 0x00, 0xcf, 0xf1, 0x00, 0x00, 0x00, 0x8f, 0xf4, 0x00, 0x00, 0x00, 0x4f, 0xf8, 0x00, 0x00, 0x00, 0x1f, 0xfd, 0x00, 0x00, 0x00, 0x0b, 0xff, 0x24, 0x88, 0x00, 0x07, 0xff, 0x60, 0x8f, 0xf0, 0x03, 0xff, 0xf8, 0x8c, 0xff, 0x88, 0x8f, 0xff, 0xff, 0xff, 0xff, 0xf6, 0xcc, 0xcc, 0xce, 0xff, 0xcc, 0x00, 0x00, 0x00, 0x8f, 0xf0, 0x00, 0x00, 0x00, 0x08, 0xff, 0x00,
    /* U+0035 */ 0x02, 0x44, 0x44, 0x44, 0x20, 0x08, 0xff, 0xff, 0xff, 0x80, 0x08, 0xff, 0xff, 0xff, 0x80, 0x0c, 0xfc, 0x00, 0x00, 0x00, 0x0c, 0xf9, 0x00, 0x00, 0x00, 0x0d, 0xff, 0xff, 0xc5, 0x00, 0x0f, 0xff, 0xff, 0xff, 0x80, 0x00, 0x00, 0x25, 0xff, 0xf0, 0x00, 0x00, 0x00, 0x8f, 0xf0, 0x2c, 0x50, 0x02, 0xef, 0xf0, 0xaf, 0xff, 0xff, 0xff, 0x80, 0x4b, 0xff, 0xff, 0xe7, 0x00, 0x00, 0x03, 0x42, 0x00, 0x00,
    /* U+0036 */ 0x00, 0x00, 0x25, 0x74, 0x10, 0x00, 0x3c, 0xff, 0xff, 0xf4, 0x02, 0xff, 0xfd, 0xce, 0xe0, 0x0c, 0xff, 0x40, 0x00, 0x10, 0x2f, 0xf9, 0x00, 0x00, 0x00, 0x4f, 0xf8, 0xdf, 0xfd, 0x40, 0x5f, 0xff, 0xff, 0xff, 0xf4, 0x4f, 0xfe, 0x20, 0x3f, 0xfb, 0x3f, 0xf8, 0x00, 0x0c, 0xfc, 0x0e, 0xfd, 0x10, 0x1e, 0xfb, 0x04, 0xff, 0xfc, 0xff, 0xf4, 0x00, 0x4d, 0xff, 0xfe, 0x50, 0x00, 0x00, 0x14, 0x20, 0x00,
    /* U+0037 */ 0x24, 0x44, 0x44, 0x44, 0x42, 0x8f, 0xff, 0xff, 0xff, 0xf8, 0x8f, 0xff, 0xff, 0xff, 0xf6, 0x8f, 0xc0, 0x00, 0xef, 0xf0, 0x6c, 0x90, 0x04, 0xff, 0x80, 0x00, 0x00, 0x0c, 0xff, 0x20, 0x00, 0x00, 0x2f, 0xfa, 0x00, 0x00, 0x00, 0xaf, 0xf3, 0x00, 0x00, 0x01, 0xff, 0xc0, 0x00, 0x00, 0x08, 0xff, 0x60, 0x00, 0x00, 0x0e, 0xfe, 0x00, 0x00, 0x00, 0x6f, 0xf7, 0x00, 0x00,
    /* U+0038 */ 0x00, 0x02, 0x57, 0x41, 0x00, 0x01, 0xcf, 0xff, 0xff, 0x60, 0x0c, 0xff, 0xa8, 0xef, 0xf4, 0x0f, 0xfa, 0x00, 0x1f, 0xf8, 0x0f, 0xfb, 0x00, 0x3f, 0xf8, 0x06, 0xff, 0xdc, 0xff, 0xf1, 0x06, 0xff, 0xff, 0xff, 0xc1, 0x2f, 0xfc, 0x30, 0x6f, 0xfb, 0x8f, 0xf4, 0x00, 0x0c, 0xff, 0x6f, 0xf7, 0x00, 0x1e, 0xff, 0x1d, 0xff, 0xdc, 0xff, 0xf7, 0x01, 0xaf, 0xff, 0xfe, 0x50, 0x00, 0x00, 0x34, 0x10, 0x00,
    /* U+0039 */ 0x00, 0x04, 0x74, 0x20, 0x00, 0x06, 0xff, 0xff, 0xf9, 0x00, 0x3f, 0xfe, 0x8a, 0xff, 0x90, 0x9f, 0xf1, 0x00, 0x8f, 0xf2, 0xcf, 0xe0, 0x00, 0x6f, 0xf7, 0x7f, 0xf8, 0x25, 0xdf, 0xf8, 0x1d, 0xff, 0xff, 0xff, 0xf8, 0x01, 0x8c, 0xca, 0x5f, 0xf8, 0x00, 0x00, 0x00, 0x7f, 0xf3, 0x03, 0x20, 0x06, 0xff, 0xd0, 0x0c, 0xff, 0xff, 0xff, 0x30, 0x1d, 0xff, 0xff, 0xa2, 0x00, 0x00, 0x14, 0x30, 0x00, 0x00,
    /* U+003A */ 0x1a, 0xb1, 0x7f, 0xfa, 0x4f, 0xf7, 0x03, 0x50, 0x00, 0x00, 0x00, 0x00, 0x2e, 0xf3, 0x8f, 0xfa, 0x2f, 0xf5, 0x00, 0x10,
    /* U+00B0 */ 0x00, 0x34, 0x20, 0x00, 0xaf, 0xff, 0x60, 0x5f, 0x30, 0x7f, 0x08, 0xe0, 0x04, 0xf3, 0x4f, 0x71, 0xae, 0x00, 0x7f, 0xfe, 0x30, 0x00, 0x03, 0x00, 0x00,
};

static const lv_font_fmt_txt_glyph_dsc_t glyph_dsc_bold_16[] = {
    {.bitmap_index = 0, .adv_w = 0, .box_w = 0, .box_h = 0, .ofs_x = 0, .ofs_y = 0},
    {.bitmap_index = 0, .adv_w = 72, .box_w = 0, .box_h = 0, .ofs_x = 0, .ofs_y = 0},
    {.bitmap_index = 0, .adv_w = 225, .box_w = 14, .box_h = 13, .ofs_x = 0, .ofs_y = -1},
    {.bitmap_index = 91, .adv_w = 153, .box_w = 9, .box_h = 9, .ofs_x = 0, .ofs_y = 1},
    {.bitmap_index = 132, .adv_w = 67, .box_w = 4, .box_h = 6, .ofs_x = 0, .ofs_y = -3},
    {.bitmap_index = 144, .adv_w = 99, .box_w = 6, .box_h = 3, .ofs_x = 0, .ofs_y = 3},
    {.bitmap_index = 153, .adv_w = 67, .box_w = 4, .box_h = 4, .ofs_x = 0, .ofs_y = -1},
    {.bitmap_index = 161, .adv_w = 100, .box_w = 8, .box_h = 16, .ofs_x = -1, .ofs_y = -2},
    {.bitmap_index = 225, .adv_w = 174, .box_w = 11, .box_h = 13, .ofs_x = 0, .ofs_y = -1},
    {.bitmap_index = 297, .adv_w = 100, .box_w = 5, .box_h = 12, .ofs_x = 0, .ofs_y = 0},
    {.bitmap_index = 327, .adv_w = 151, .box_w = 9, .box_h = 12, .ofs_x = 0, .ofs_y = 0},
    {.bitmap_index = 381, .adv_w = 152, .box_w = 10, .box_h = 13, .ofs_x = -1, .ofs_y = -1},
    {.bitmap_index = 446, .adv_w = 176, .box_w = 11, .box_h = 12, .ofs_x = 0, .ofs_y = 0},
    {.bitmap_index = 512, .adv_w = 152, .box_w = 10, .box_h = 13, .ofs_x = 0, .ofs_y = -1},
    {.bitmap_index = 577, .adv_w = 163, .box_w = 10, .box_h = 13, .ofs_x = 0, .ofs_y = -1},
    {.bitmap_index = 642, .adv_w = 159, .box_w = 10, .box_h = 12, .ofs_x = 0, .ofs_y = 0},
    {.bitmap_index = 702, .adv_w = 169, .box_w = 10, .box_h = 13, .ofs_x = 0, .ofs_y = -1},
    {.bitmap_index = 767, .adv_w = 163, .box_w = 10, .box_h = 13, .ofs_x = 0, .ofs_y = -1},
    {.bitmap_index = 832, .adv_w = 67, .box_w = 4, .box_h = 10, .ofs_x = 0, .ofs_y = -1},
    {.bitmap_index = 852, .adv_w = 107, .box_w = 7, .box_h = 7, .ofs_x = 0, .ofs_y = 5},
};

static const lv_font_fmt_txt_cmap_t cmaps_bold_16[] = {
    {.range_start = 0x20, .range_length = 1, .glyph_id_start = 1, .unicode_list = NULL, .glyph_id_ofs_list = NULL, .list_length = 0, .type = LV_FONT_FMT_TXT_CMAP_FORMAT0_TINY},
    {.range_start = 0x25, .range_length = 1, .glyph_id_start = 2, .unicode_list = NULL, .glyph_id_ofs_list = NULL, .list_length = 0, .type = LV_FONT_FMT_TXT_CMAP_FORMAT0_TINY},
    {.range_start = 0x2B, .range_length = 16, .glyph_id_start = 3, .unicode_list = NULL, .glyph_id_ofs_list = NULL, .list_length = 0, .type = LV_FONT_FMT_TXT_CMAP_FORMAT0_TINY},
    {.range_start = 0xB0, .range_length = 1, .glyph_id_start = 19, .unicode_list = NULL, .glyph_id_ofs_list = NULL, .list_length = 0, .type = LV_FONT_FMT_TXT_CMAP_FORMAT0_TINY},
};

static const lv_font_fmt_txt_dsc_t font_dsc_bold_16 = {
    .glyph_bitmap = glyph_bitmap_bold_16, .glyph_dsc = glyph_dsc_bold_16, .cmaps = cmaps_bold_16,
    .kern_dsc = NULL, .kern_scale = 0, .cmap_num = 4, .bpp = 4, .kern_classes = 0,
    .bitmap_format = 0,
};

const lv_font_t bed_font_bold_16 = {
    .get_glyph_dsc = lv_font_get_glyph_dsc_fmt_txt,
    .get_glyph_bitmap = lv_font_get_bitmap_fmt_txt,
    .line_height = 21, .base_line = 5, .subpx = LV_FONT_SUBPX_NONE,
    .underline_position = 0, .underline_thickness = 0, .dsc = &font_dsc_bold_16,
    .fallback = NULL,
};


static LV_ATTRIBUTE_LARGE_CONST const uint8_t glyph_bitmap_bold_20[] = {
    /* U+0025 */ 0x00, 0x02, 0x20, 0x00, 0x00, 0x00, 0x00, 0x00, 0x00, 0x3e, 0xff, 0xe3, 0x00, 0x00, 0x1f, 0xf7, 0x00, 0x0e, 0xfa, 0x9f, 0xf1, 0x00, 0x0b, 0xfc, 0x00, 0x05, 0xfd, 0x00, 0xbf, 0x50, 0x05, 0xff, 0x10, 0x00, 0x8f, 0x80, 0x08, 0xf8, 0x01, 0xff, 0x50, 0x00, 0x07, 0xfa, 0x00, 0x9f, 0x70, 0xcf, 0xb0, 0x00, 0x00, 0x2f, 0xf4, 0x3f, 0xf2, 0x7f, 0xf1, 0x00, 0x00, 0x00, 0x6f, 0xff, 0xf8, 0x2f, 0xf5, 0x17, 0x87, 0x10, 0x00, 0x48, 0x84, 0x0c, 0xf9, 0x1d, 0xff, 0xff, 0x20, 0x00, 0x00, 0x07, 0xfe, 0x1a, 0xfa, 0x2a, 0xfa, 0x00, 0x00, 0x03, 0xff, 0x40, 0xef, 0x20, 0x1f, 0xf0, 0x00, 0x00, 0xdf, 0x90, 0x0f, 0xf0, 0x00, 0xff, 0x00, 0x00, 0x8f, 0xe1, 0x00, 0xdf, 0x50, 0x3f, 0xe0, 0x00, 0x3f, 0xf3, 0x00, 0x06, 0xfe, 0x8d, 0xf8, 0x00, 0x0d, 0xf8, 0x00, 0x00, 0x08, 0xff, 0xf9, 0x00, 0x00, 0x00, 0x00, 0x00, 0x00, 0x00, 0x40, 0x00,
    /* U+002B */ 0x00, 0x02, 0x88, 0x20, 0x00, 0x00, 0x04, 0xff, 0x40, 0x00, 0x00, 0x04, 0xff, 0x40, 0x00, 0x34, 0x47, 0xff, 0x74, 0x43, 0xcf, 0xff, 0xff, 0xff, 0xfc, 0xcf, 0xff, 0xff, 0xff, 0xfc, 0x34, 0x47, 0xff, 0x74, 0x43, 0x00, 0x04, 0xff, 0x40, 0x00, 0x00, 0x04, 0xff, 0x40, 0x00, 0x00, 0x02, 0x88, 0x20, 0x00,
    /* U+002C */ 0x05, 0xc8, 0x03, 0xff, 0xf7, 0x4f, 0xff, 0x80, 0xcf, 0xf5, 0x06, 0xfe, 0x00, 0xbf, 0x80, 0x0f, 0xf2, 0x00, 0x00, 0x00,
    /* U+002D */ 0xff, 0xff, 0xfc, 0xff, 0xff, 0xfc, 0x88, 0x88, 0x86,
    /* U+002E */ 0x05, 0xc8, 0x03, 0xff, 0xf7, 0x4f, 0xff, 0x80, 0xdf, 0xf2, 0x00, 0x30, 0x00,
    /* U+002F */ 0x00, 0x00, 0x00, 0x3c, 0xc7, 0x00, 0x00, 0x00, 0x9f, 0xf4, 0x00, 0x00, 0x00, 0xef, 0xe0, 0x00, 0x00, 0x03, 0xff, 0x90, 0x00, 0x00, 0x09, 0xff, 0x30, 0x00, 0x00, 0x0f, 0xfe, 0x00, 0x00, 0x00, 0x5f, 0xf8, 0x00, 0x00, 0x00, 0xaf, 0xf2, 0x00, 0x00, 0x00, 0xff, 0xd0, 0x00, 0x00, 0x06, 0xff, 0x70, 0x00, 0x00, 0x0b, 0xff, 0x20, 0x00, 0x00, 0x1f, 0xfc, 0x00, 0x00, 0x00, 0x6f, 0xf6, 0x00, 0x00, 0x00, 0xbf, 0xf1, 0x00, 0x00, 0x02, 0xff, 0xb0, 0x00, 0x00, 0x07, 0xff, 0x60, 0x00, 0x00, 0x0d, 0xff, 0x10, 0x00, 0x00, 0x2f, 0xfa, 0x00, 0x00, 0x00, 0x7f, 0xf5, 0x00, 0x00, 0x00,
    /* U+0030 */ 0x00, 0x00, 0x02, 0x44, 0x00, 0x00, 0x00, 0x00, 0x4d, 0xff, 0xff, 0xa1, 0x00, 0x00, 0x6f, 0xff, 0xff, 0xff, 0xd1, 0x00, 0x2f, 0xff, 0xe8, 0xaf, 0xff, 0xb0, 0x0a, 0xff, 0xe1, 0x00, 0x5f, 0xff, 0x20, 0xff, 0xf6, 0x00, 0x00, 0xdf, 0xf8, 0x2f, 0xff, 0x30, 0x00, 0x09, 0xff, 0xc4, 0xff, 0xf0, 0x00, 0x00, 0x8f, 0xfc, 0x4f, 0xff, 0x00, 0x00, 0x08, 0xff, 0xc2, 0xff, 0xf3, 0x00, 0x00, 0x9f, 0xfc, 0x0f, 0xff, 0x60, 0x00, 0x0d, 0xff, 0x80, 0xaf, 0xfe, 0x10, 0x05, 0xff, 0xf2, 0x02, 0xff, 0xfe, 0x8a, 0xff, 0xfb, 0x00, 0x06, 0xff, 0xff, 0xff, 0xfd, 0x10, 0x00, 0x04, 0xdf, 0xff, 0xfa, 0x10, 0x00, 0x00, 0x00, 0x24, 0x40, 0x00, 0x00,
    /* U+0031 */ 0xcf, 0xff, 0xff, 0x4c, 0xff, 0xff, 0xf4, 0x68, 0x8f, 0xff, 0x40, 0x00, 0xff, 0xf4, 0x00, 0x0f, 0xff, 0x40, 0x00, 0xff, 0xf4, 0x00, 0x0f, 0xff, 0x40, 0x00, 0xff, 0xf4, 0x00, 0x0f, 0xff, 0x40, 0x00, 0xff, 0xf4, 0x00, 0x0f, 0xff, 0x40, 0x00, 0xff, 0xf4, 0x00, 0x0f, 0xff, 0x40, 0x00, 0xff, 0xf4,
    /* U+0032 */ 0x00, 0x00, 0x34, 0x40, 0x00, 0x00, 0x02, 0xaf, 0xff, 0xff, 0xa1, 0x00, 0x4f, 0xff, 0xff, 0xff, 0xfd, 0x10, 0xaf, 0xfe, 0x98, 0xcf, 0xff, 0x90, 0x05, 0xa0, 0x00, 0x0a, 0xff, 0xc0, 0x00, 0x00, 0x00, 0x08, 0xff, 0xc0, 0x00, 0x00, 0x00, 0x0e, 0xff, 0x80, 0x00, 0x00, 0x00, 0xaf, 0xff, 0x10, 0x00, 0x00, 0x0a, 0xff, 0xf4, 0x00, 0x00, 0x01, 0xaf, 0xff, 0x50, 0x00, 0x00, 0x1d, 0xff, 0xf3, 0x00, 0x00, 0x01, 0xdf, 0xff, 0x30, 0x00, 0x00, 0x1d, 0xff, 0xfe, 0xcc, 0xcc, 0xc3, 0x4f, 0xff, 0xff, 0xff, 0xff, 0xf4, 0x4f, 0xff, 0xff, 0xff, 0xff, 0xf4,
    /* U+0033 */ 0x04, 0xff, 0xff, 0xff, 0xff, 0xf8, 0x00, 0x4f, 0xff, 0xff, 0xff, 0xff, 0x80, 0x02, 0x88, 0x88, 0x8c, 0xff, 0xf3, 0x00, 0x00, 0x00, 0x03, 0xff, 0xf4, 0x00, 0x00, 0x00, 0x02, 0xff, 0xf6, 0x00, 0x00, 0x00, 0x01, 0xdf, 0xfb, 0x00, 0x00, 0x00, 0x00, 0x4f, 0xff, 0xff, 0x80, 0x00, 0x00, 0x04, 0xff, 0xff, 0xff, 0x80, 0x00, 0x00, 0x00, 0x02, 0xbf, 0xff, 0x00, 0x00, 0x00, 0x00, 0x04, 0xff, 0xf0, 0x00, 0x81, 0x00, 0x00, 0x6f, 0xff, 0x00, 0x6f, 0xfb, 0x88, 0xaf, 0xff, 0xc0, 0x0d, 0xff, 0xff, 0xff, 0xff, 0xf2, 0x00, 0x29, 0xef, 0xff, 0xff, 0xa2, 0x00, 0x00, 0x00, 0x14, 0x43, 0x00, 0x00, 0x00,
    /* U+0034 */ 0x00, 0x00, 0x00, 0x3f, 0xff, 0x40, 0x00, 0x00, 0x00, 0x01, 0xdf, 0xf8, 0x00, 0x00, 0x00, 0x00, 0x0a, 0xff, 0xd0, 0x00, 0x00, 0x00, 0x00, 0x6f, 0xff, 0x20, 0x00, 0x00, 0x00, 0x03, 0xff, 0xf5, 0x00, 0x00, 0x00, 0x00, 0x1d, 0xff, 0xa0, 0x34, 0x41, 0x00, 0x00, 0xaf, 0xfd, 0x10, 0xcf, 0xf4, 0x00, 0x06, 0xff, 0xf3, 0x00, 0xcf, 0xf4, 0x00, 0x3f, 0xff, 0xd8, 0x88, 0xef, 0xfa, 0x84, 0x8f, 0xff, 0xff, 0xff, 0xff, 0xff, 0xf8, 0x8f, 0xff, 0xff, 0xff, 0xff, 0xff, 0xf8, 0x00, 0x00, 0x00, 0x00, 0xcf, 0xf4, 0x00, 0x00, 0x00, 0x00, 0x00, 0xcf, 0xf4, 0x00, 0x00, 0x00, 0x00, 0x00, 0xcf, 0xf4, 0x00,
    /* U+0035 */ 0x00, 0xff, 0xff, 0xff, 0xff, 0x80, 0x04, 0xff, 0xff, 0xff, 0xff, 0x80, 0x04, 0xff, 0xe8, 0x88, 0x88, 0x40, 0x05, 0xff, 0x80, 0x00, 0x00, 0x00, 0x08, 0xff, 0x80, 0x00, 0x00, 0x00, 0x08, 0xff, 0xec, 0xc9, 0x50, 0x00, 0x0a, 0xff, 0xff, 0xff, 0xfd, 0x30, 0x0c, 0xff, 0xff, 0xff, 0xff, 0xd0, 0x00, 0x00, 0x00, 0x17, 0xff, 0xf3, 0x00, 0x00, 0x00, 0x00, 0xff, 0xf4, 0x07, 0x20, 0x00, 0x03, 0xff, 0xf4, 0x2f, 0xfd, 0x88, 0x9f, 0xff, 0xf0, 0x9f, 0xff, 0xff, 0xff, 0xff, 0x50, 0x17, 0xdf, 0xff, 0xff, 0xb3, 0x00, 0x00, 0x00, 0x44, 0x40, 0x00, 0x00,
    /* U+0036 */ 0x00, 0x00, 0x00, 0x24, 0x42, 0x00, 0x00, 0x00, 0x18, 0xef, 0xff, 0xfe, 0x70, 0x00, 0x3d, 0xff, 0xff, 0xff, 0xf6, 0x00, 0x0d, 0xff, 0xfa, 0x88, 0xad, 0x00, 0x07, 0xff, 0xf3, 0x00, 0x00, 0x00, 0x00, 0xef, 0xf8, 0x00, 0x00, 0x00, 0x00, 0x1f, 0xff, 0x47, 0xcc, 0xc7, 0x10, 0x04, 0xff, 0xfd, 0xff, 0xff, 0xfe, 0x30, 0x4f, 0xff, 0xff, 0xcc, 0xff, 0xfd, 0x03, 0xff, 0xfd, 0x10, 0x03, 0xff, 0xf3, 0x0f, 0xff, 0x80, 0x00, 0x0d, 0xff, 0x40, 0xbf, 0xf9, 0x00, 0x00, 0xff, 0xf4, 0x04, 0xff, 0xf8, 0x44, 0xbf, 0xff, 0x00, 0x06, 0xff, 0xff, 0xff, 0xff, 0x50, 0x00, 0x05, 0xdf, 0xff, 0xfc, 0x40, 0x00, 0x00, 0x00, 0x14, 0x41, 0x00, 0x00,
    /* U+0037 */ 0x8f, 0xff, 0xff, 0xff, 0xff, 0xfc, 0x8f, 0xff, 0xff, 0xff, 0xff, 0xfc, 0x8f, 0xfe, 0xcc, 0xcc, 0xff, 0xf9, 0x8f, 0xf8, 0x00, 0x06, 0xff, 0xf2, 0x8f, 0xf8, 0x00, 0x0c, 0xff, 0xb0, 0x00, 0x00, 0x00, 0x4f, 0xff, 0x40, 0x00, 0x00, 0x00, 0xaf, 0xfd, 0x00, 0x00, 0x00, 0x02, 0xff, 0xf6, 0x00, 0x00, 0x00, 0x09, 0xff, 0xf0, 0x00, 0x00, 0x00, 0x1f, 0xff, 0x80, 0x00, 0x00, 0x00, 0x7f, 0xff, 0x10, 0x00, 0x00, 0x00, 0xef, 0xfa, 0x00, 0x00, 0x00, 0x05, 0xff, 0xf3, 0x00, 0x00, 0x00, 0x0c, 0xff, 0xc0, 0x00, 0x00,
    /* U+0038 */ 0x00, 0x00, 0x03, 0x44, 0x00, 0x00, 0x00, 0x01, 0xaf, 0xff, 0xff, 0xb3, 0x00, 0x01, 0xff, 0xff, 0xff, 0xff, 0xf3, 0x00, 0xaf, 0xff, 0x64, 0x5d, 0xff, 0xc0, 0x0c, 0xff, 0x80, 0x00, 0x5f, 0xff, 0x00, 0xcf, 0xf9, 0x00, 0x06, 0xff, 0xf0, 0x05, 0xff, 0xf9, 0x89, 0xff, 0xf8, 0x00, 0x08, 0xff, 0xff, 0xff, 0xfc, 0x00, 0x06, 0xff, 0xff, 0xcf, 0xff, 0xf9, 0x01, 0xff, 0xfa, 0x00, 0x07, 0xff, 0xf3, 0x4f, 0xff, 0x00, 0x00, 0x0d, 0xff, 0x84, 0xff, 0xf2, 0x00, 0x00, 0xef, 0xf8, 0x1f, 0xff, 0xd5, 0x44, 0xbf, 0xff, 0x20, 0x6f, 0xff, 0xff, 0xff, 0xff, 0x70, 0x00, 0x3b, 0xff, 0xff, 0xfd, 0x50, 0x00, 0x00, 0x00, 0x44, 0x40, 0x00, 0x00,
    /* U+0039 */ 0x00, 0x00, 0x24, 0x40, 0x00, 0x00, 0x00, 0x6e, 0xff, 0xff, 0xb3, 0x00, 0x09, 0xff, 0xff, 0xff, 0xff, 0x30, 0x3f, 0xff, 0x84, 0x4b, 0xff, 0xf1, 0x8f, 0xfb, 0x00, 0x00, 0xdf, 0xf7, 0x8f, 0xf9, 0x00, 0x00, 0xcf, 0xfc, 0x7f, 0xfe, 0x10, 0x03, 0xff, 0xff, 0x2f, 0xff, 0xfc, 0xcf, 0xff, 0xff, 0x06, 0xff, 0xff, 0xff, 0xdf, 0xff, 0x00, 0x29, 0xcc, 0xb6, 0x7f, 0xfc, 0x00, 0x00, 0x00, 0x00, 0xcf, 0xf9, 0x00, 0x00, 0x00, 0x06, 0xff, 0xf3, 0x02, 0xe9, 0x88, 0xcf, 0xff, 0x90, 0x0a, 0xff, 0xff, 0xff, 0xfb, 0x10, 0x0a, 0xff, 0xff, 0xfd, 0x60, 0x00, 0x00, 0x03, 0x44, 0x10, 0x00, 0x00,
    /* U+003A */ 0x09, 0xfb, 0x14, 0xff, 0xf7, 0x4f, 0xff, 0x80, 0x9f, 0xc1, 0x00, 0x00, 0x00, 0x00, 0x00, 0x00, 0x00, 0x00, 0x5c, 0x80, 0x3f, 0xff, 0x74, 0xff, 0xf8, 0x0d, 0xff, 0x20, 0x03, 0x00,
    /* U+00B0 */ 0x00, 0x02, 0x30, 0x00, 0x01, 0xcf, 0xff, 0x50, 0x0d, 0xf9, 0x8d, 0xf3, 0x4f, 0x80, 0x02, 0xf9, 0x4f, 0x50, 0x00, 0xfc, 0x2f, 0xd1, 0x07, 0xf7, 0x07, 0xff, 0xef, 0xd0, 0x00, 0x4a, 0xb7, 0x00,
};

static const lv_font_fmt_txt_glyph_dsc_t glyph_dsc_bold_20[] = {
    {.bitmap_index = 0, .adv_w = 0, .box_w = 0, .box_h = 0, .ofs_x = 0, .ofs_y = 0},
    {.bitmap_index = 0, .adv_w = 91, .box_w = 0, .box_h = 0, .ofs_x = 0, .ofs_y = 0},
    {.bitmap_index = 0, .adv_w = 281, .box_w = 17, .box_h = 16, .ofs_x = 0, .ofs_y = -1},
    {.bitmap_index = 136, .adv_w = 192, .box_w = 10, .box_h = 10, .ofs_x = 1, .ofs_y = 2},
    {.bitmap_index = 186, .adv_w = 84, .box_w = 5, .box_h = 8, .ofs_x = 0, .ofs_y = -4},
    {.bitmap_index = 206, .adv_w = 124, .box_w = 6, .box_h = 3, .ofs_x = 1, .ofs_y = 4},
    {.bitmap_index = 215, .adv_w = 84, .box_w = 5, .box_h = 5, .ofs_x = 0, .ofs_y = -1},
    {.bitmap_index = 228, .adv_w = 125, .box_w = 10, .box_h = 19, .ofs_x = -1, .ofs_y = -2},
    {.bitmap_index = 323, .adv_w = 217, .box_w = 13, .box_h = 16, .ofs_x = 0, .ofs_y = -1},
    {.bitmap_index = 427, .adv_w = 125, .box_w = 7, .box_h = 14, .ofs_x = 0, .ofs_y = 0},
    {.bitmap_index = 476, .adv_w = 189, .box_w = 12, .box_h = 15, .ofs_x = 0, .ofs_y = 0},
    {.bitmap_index = 566, .adv_w = 189, .box_w = 13, .box_h = 15, .ofs_x = -1, .ofs_y = -1},
    {.bitmap_index = 664, .adv_w = 220, .box_w = 14, .box_h = 14, .ofs_x = 0, .ofs_y = 0},
    {.bitmap_index = 762, .adv_w = 190, .box_w = 12, .box_h = 15, .ofs_x = 0, .ofs_y = -1},
    {.bitmap_index = 852, .adv_w = 204, .box_w = 13, .box_h = 16, .ofs_x = 0, .ofs_y = -1},
    {.bitmap_index = 956, .adv_w = 198, .box_w = 12, .box_h = 14, .ofs_x = 0, .ofs_y = 0},
    {.bitmap_index = 1040, .adv_w = 211, .box_w = 13, .box_h = 16, .ofs_x = 0, .ofs_y = -1},
    {.bitmap_index = 1144, .adv_w = 204, .box_w = 12, .box_h = 16, .ofs_x = 0, .ofs_y = -1},
    {.bitmap_index = 1240, .adv_w = 84, .box_w = 5, .box_h = 12, .ofs_x = 0, .ofs_y = -1},
    {.bitmap_index = 1270, .adv_w = 134, .box_w = 8, .box_h = 8, .ofs_x = 0, .ofs_y = 7},
};

static const lv_font_fmt_txt_cmap_t cmaps_bold_20[] = {
    {.range_start = 0x20, .range_length = 1, .glyph_id_start = 1, .unicode_list = NULL, .glyph_id_ofs_list = NULL, .list_length = 0, .type = LV_FONT_FMT_TXT_CMAP_FORMAT0_TINY},
    {.range_start = 0x25, .range_length = 1, .glyph_id_start = 2, .unicode_list = NULL, .glyph_id_ofs_list = NULL, .list_length = 0, .type = LV_FONT_FMT_TXT_CMAP_FORMAT0_TINY},
    {.range_start = 0x2B, .range_length = 16, .glyph_id_start = 3, .unicode_list = NULL, .glyph_id_ofs_list = NULL, .list_length = 0, .type = LV_FONT_FMT_TXT_CMAP_FORMAT0_TINY},
    {.range_start = 0xB0, .range_length = 1, .glyph_id_start = 19, .unicode_list = NULL, .glyph_id_ofs_list = NULL, .list_length = 0, .type = LV_FONT_FMT_TXT_CMAP_FORMAT0_TINY},
};

static const lv_font_fmt_txt_dsc_t font_dsc_bold_20 = {
    .glyph_bitmap = glyph_bitmap_bold_20, .glyph_dsc = glyph_dsc_bold_20, .cmaps = cmaps_bold_20,
    .kern_dsc = NULL, .kern_scale = 0, .cmap_num = 4, .bpp = 4, .kern_classes = 0,
    .bitmap_format = 0,
};

const lv_font_t bed_font_bold_20 = {
    .get_glyph_dsc = lv_font_get_glyph_dsc_fmt_txt,
    .get_glyph_bitmap = lv_font_get_bitmap_fmt_txt,
    .line_height = 26, .base_line = 6, .subpx = LV_FONT_SUBPX_NONE,
    .underline_position = 0, .underline_thickness = 0, .dsc = &font_dsc_bold_20,
    .fallback = NULL,
};


static LV_ATTRIBUTE_LARGE_CONST const uint8_t glyph_bitmap_bold_26[] = {
    /* U+0025 */ 0x00, 0x02, 0x57, 0x40, 0x00, 0x00, 0x00, 0x00, 0x44, 0x40, 0x00, 0x00, 0x09, 0xff, 0xff, 0xd3, 0x00, 0x00, 0x00, 0x7f, 0xfb, 0x00, 0x00, 0x07, 0xff, 0xec, 0xff, 0xd0, 0x00, 0x00, 0x2f, 0xff, 0x10, 0x00, 0x00, 0xff, 0xd1, 0x07, 0xff, 0x60, 0x00, 0x0c, 0xff, 0x50, 0x00, 0x00, 0x4f, 0xf7, 0x00, 0x0f, 0xfa, 0x00, 0x07, 0xff, 0xb0, 0x00, 0x00, 0x04, 0xff, 0x40, 0x00, 0xff, 0xc0, 0x03, 0xff, 0xe1, 0x00, 0x00, 0x00, 0x4f, 0xf6, 0x00, 0x0f, 0xfb, 0x00, 0xdf, 0xf4, 0x00, 0x00, 0x00, 0x01, 0xff, 0xc0, 0x04, 0xff, 0x70, 0x8f, 0xf9, 0x00, 0x00, 0x00, 0x00, 0x09, 0xff, 0xb8, 0xff, 0xf1, 0x3f, 0xfe, 0x10, 0x00, 0x00, 0x00, 0x00, 0x1c, 0xff, 0xff, 0xf3, 0x1d, 0xff, 0x40, 0x6b, 0xcc, 0x60, 0x00, 0x00, 0x05, 0x88, 0x71, 0x09, 0xff, 0x80, 0xaf, 0xff, 0xff, 0xd0, 0x00, 0x00, 0x00, 0x00, 0x04, 0xff, 0xd0, 0x5f, 0xfb, 0x4b, 0xff, 0x80, 0x00, 0x00, 0x00, 0x01, 0xef, 0xf3, 0x0b, 0xff, 0x10, 0x0d, 0xfe, 0x00, 0x00, 0x00, 0x00, 0x9f, 0xf8, 0x00, 0xff, 0xc0, 0x00, 0x8f, 0xf0, 0x00, 0x00, 0x00, 0x4f, 0xfd, 0x00, 0x0f, 0xfc, 0x00, 0x08, 0xff, 0x00, 0x00, 0x00, 0x1f, 0xff, 0x30, 0x00, 0xcf, 0xd0, 0x00, 0xbf, 0xf0, 0x00, 0x00, 0x0b, 0xff, 0x70, 0x00, 0x08, 0xff, 0x60, 0x3f, 0xfb, 0x00, 0x00, 0x05, 0xff, 0xc0, 0x00, 0x00, 0x1e, 0xff, 0xff, 0xff, 0x30, 0x00, 0x01, 0xff, 0xf2, 0x00, 0x00, 0x00, 0x2c, 0xff, 0xfc, 0x30, 0x00, 0x00, 0x00, 0x00, 0x00, 0x00, 0x00, 0x00, 0x01, 0x42, 0x00, 0x00,
    /* U+002B */ 0x00, 0x00, 0x00, 0x00, 0x00, 0x00, 0x00, 0x00, 0x00, 0xff, 0xf8, 0x00, 0x00, 0x00, 0x00, 0x0f, 0xff, 0x80, 0x00, 0x00, 0x00, 0x00, 0xff, 0xf8, 0x00, 0x00, 0x00, 0x00, 0x0f, 0xff, 0x80, 0x00, 0x06, 0xcc, 0xcc, 0xff, 0xfe, 0xcc, 0xcc, 0x8f, 0xff, 0xff, 0xff, 0xff, 0xff, 0xf8, 0xff, 0xff, 0xff, 0xff, 0xff, 0xff, 0x48, 0x88, 0x8f, 0xff, 0xc8, 0x88, 0x80, 0x00, 0x00, 0xff, 0xf8, 0x00, 0x00, 0x00, 0x00, 0x0f, 0xff, 0x80, 0x00, 0x00, 0x00, 0x00, 0xff, 0xf8, 0x00, 0x00, 0x00, 0x00, 0x0f, 0xff, 0x80, 0x00, 0x00,
    /* U+002C */ 0x02, 0xbc, 0xa1, 0x0d, 0xff, 0xfa, 0x0f, 0xff, 0xff, 0x0f, 0xff, 0xfd, 0x06, 0xff, 0xf9, 0x00, 0xef, 0xf2, 0x02, 0xff, 0xc0, 0x07, 0xff, 0x60, 0x0b, 0xff, 0x00, 0x00, 0x00, 0x00,
    /* U+002D */ 0xcf, 0xff, 0xff, 0xfc, 0xcf, 0xff, 0xff, 0xfc, 0xcf, 0xff, 0xff, 0xfc, 0x34, 0x44, 0x44, 0x43,
    /* U+002E */ 0x02, 0xbc, 0xa1, 0x0e, 0xff, 0xfa, 0x0f, 0xff, 0xff, 0x0f, 0xff, 0xfd, 0x06, 0xff, 0xf3, 0x00, 0x14, 0x00,
    /* U+002F */ 0x00, 0x00, 0x00, 0x00, 0x6f, 0xff, 0x30, 0x00, 0x00, 0x00, 0x0d, 0xff, 0xe0, 0x00, 0x00, 0x00, 0x02, 0xff, 0xf8, 0x00, 0x00, 0x00, 0x00, 0x7f, 0xff, 0x20, 0x00, 0x00, 0x00, 0x0d, 0xff, 0xd0, 0x00, 0x00, 0x00, 0x02, 0xff, 0xf7, 0x00, 0x00, 0x00, 0x00, 0x9f, 0xff, 0x20, 0x00, 0x00, 0x00, 0x0e, 0xff, 0xc0, 0x00, 0x00, 0x00, 0x03, 0xff, 0xf6, 0x00, 0x00, 0x00, 0x00, 0x9f, 0xff, 0x10, 0x00, 0x00, 0x00, 0x0e, 0xff, 0xb0, 0x00, 0x00, 0x00, 0x05, 0xff, 0xf6, 0x00, 0x00, 0x00, 0x00, 0xaf, 0xff, 0x10, 0x00, 0x00, 0x00, 0x0f, 0xff, 0xa0, 0x00, 0x00, 0x00, 0x05, 0xff, 0xf5, 0x00, 0x00, 0x00, 0x00, 0xbf, 0xff, 0x00, 0x00, 0x00, 0x00, 0x1f, 0xff, 0xa0, 0x00, 0x00, 0x00, 0x06, 0xff, 0xf3, 0x00, 0x00, 0x00, 0x00, 0xbf, 0xfe, 0x00, 0x00, 0x00, 0x00, 0x1f, 0xff, 0x90, 0x00, 0x00, 0x00, 0x07, 0xff, 0xf3, 0x00, 0x00, 0x00, 0x00, 0xdf, 0xfe, 0x00, 0x00, 0x00, 0x00, 0x2f, 0xff, 0x70, 0x00, 0x00, 0x00, 0x07, 0xff, 0xf2, 0x00, 0x00, 0x00, 0x00, 0x68, 0x87, 0x00, 0x00, 0x00, 0x00, 0x00,
    /* U+0030 */ 0x00, 0x00, 0x03, 0x78, 0x85, 0x10, 0x00, 0x00, 0x00, 0x03, 0xcf, 0xff, 0xff, 0xf9, 0x10, 0x00, 0x00, 0x6f, 0xff, 0xff, 0xff, 0xff, 0xd1, 0x00, 0x03, 0xff, 0xff, 0xff, 0xff, 0xff, 0xfd, 0x00, 0x0c, 0xff, 0xff, 0x60, 0x28, 0xff, 0xff, 0x70, 0x4f, 0xff, 0xf4, 0x00, 0x00, 0x9f, 0xff, 0xe0, 0x9f, 0xff, 0xc0, 0x00, 0x00, 0x2f, 0xff, 0xf3, 0xcf, 0xff, 0x80, 0x00, 0x00, 0x0d, 0xff, 0xf7, 0xff, 0xff, 0x50, 0x00, 0x00, 0x0c, 0xff, 0xf8, 0xff, 0xff, 0x40, 0x00, 0x00, 0x0b, 0xff, 0xf8, 0xff, 0xff, 0x40, 0x00, 0x00, 0x0c, 0xff, 0xf8, 0xff, 0xff, 0x60, 0x00, 0x00, 0x0c, 0xff, 0xf8, 0xcf, 0xff, 0x80, 0x00, 0x00, 0x0e, 0xff, 0xf6, 0x8f, 0xff, 0xd0, 0x00, 0x00, 0x2f, 0xff, 0xf2, 0x3f, 0xff, 0xf6, 0x00, 0x00, 0xbf, 0xff, 0xd0, 0x0c, 0xff, 0xff, 0x94, 0x5c, 0xff, 0xff, 0x50, 0x02, 0xff, 0xff, 0xff, 0xff, 0xff, 0xfa, 0x00, 0x00, 0x3f, 0xff, 0xff, 0xff, 0xff, 0xb1, 0x00, 0x00, 0x01, 0xaf, 0xff, 0xff, 0xe6, 0x00, 0x00, 0x00, 0x00, 0x00, 0x44, 0x42, 0x00, 0x00, 0x00,
    /* U+0031 */ 0x34, 0x44, 0x44, 0x44, 0x0c, 0xff, 0xff, 0xff, 0xf0, 0xcf, 0xff, 0xff, 0xff, 0x0c, 0xff, 0xff, 0xff, 0xf0, 0x34, 0x47, 0xff, 0xff, 0x00, 0x00, 0x4f, 0xff, 0xf0, 0x00, 0x04, 0xff, 0xff, 0x00, 0x00, 0x4f, 0xff, 0xf0, 0x00, 0x04, 0xff, 0xff, 0x00, 0x00, 0x4f, 0xff, 0xf0, 0x00, 0x04, 0xff, 0xff, 0x00, 0x00, 0x4f, 0xff, 0xf0, 0x00, 0x04, 0xff, 0xff, 0x00, 0x00, 0x4f, 0xff, 0xf0, 0x00, 0x04, 0xff, 0xff, 0x00, 0x00, 0x4f, 0xff, 0xf0, 0x00, 0x04, 0xff, 0xff, 0x00, 0x00, 0x4f, 0xff, 0xf0, 0x00, 0x04, 0xff, 0xff, 0x00,
    /* U+0032 */ 0x00, 0x00, 0x36, 0x88, 0x84, 0x00, 0x00, 0x00, 0x06, 0xef, 0xff, 0xff, 0xff, 0x80, 0x00, 0x1b, 0xff, 0xff, 0xff, 0xff, 0xff, 0xb0, 0x0b, 0xff, 0xff, 0xff, 0xff, 0xff, 0xff, 0x80, 0x3d, 0xff, 0xa3, 0x00, 0x5f, 0xff, 0xfe, 0x00, 0x08, 0x60, 0x00, 0x00, 0x6f, 0xff, 0xf0, 0x00, 0x00, 0x00, 0x00, 0x04, 0xff, 0xff, 0x00, 0x00, 0x00, 0x00, 0x00, 0x8f, 0xff, 0xd0, 0x00, 0x00, 0x00, 0x00, 0x3f, 0xff, 0xf7, 0x00, 0x00, 0x00, 0x00, 0x1d, 0xff, 0xfd, 0x10, 0x00, 0x00, 0x00, 0x3f, 0xff, 0xff, 0x30, 0x00, 0x00, 0x00, 0x3f, 0xff, 0xff, 0x30, 0x00, 0x00, 0x00, 0x3f, 0xff, 0xff, 0x30, 0x00, 0x00, 0x00, 0x3f, 0xff, 0xfd, 0x10, 0x00, 0x00, 0x00, 0x6f, 0xff, 0xfd, 0x10, 0x00, 0x00, 0x00, 0x6f, 0xff, 0xff, 0x98, 0x88, 0x88, 0x84, 0x3f, 0xff, 0xff, 0xff, 0xff, 0xff, 0xff, 0x84, 0xff, 0xff, 0xff, 0xff, 0xff, 0xff, 0xf8, 0x4f, 0xff, 0xff, 0xff, 0xff, 0xff, 0xff, 0x80,
    /* U+0033 */ 0x00, 0x44, 0x44, 0x44, 0x44, 0x44, 0x44, 0x20, 0x00, 0xff, 0xff, 0xff, 0xff, 0xff, 0xff, 0x80, 0x00, 0xff, 0xff, 0xff, 0xff, 0xff, 0xff, 0x80, 0x00, 0xff, 0xff, 0xff, 0xff, 0xff, 0xff, 0x70, 0x00, 0x44, 0x44, 0x44, 0x4d, 0xff, 0xfd, 0x00, 0x00, 0x00, 0x00, 0x00, 0x9f, 0xff, 0xd1, 0x00, 0x00, 0x00, 0x00, 0x06, 0xff, 0xff, 0x20, 0x00, 0x00, 0x00, 0x00, 0x6f, 0xff, 0xf3, 0x00, 0x00, 0x00, 0x00, 0x00, 0xff, 0xff, 0xe9, 0x30, 0x00, 0x00, 0x00, 0x00, 0xff, 0xff, 0xff, 0xf9, 0x00, 0x00, 0x00, 0x00, 0xff, 0xff, 0xff, 0xff, 0x90, 0x00, 0x00, 0x00, 0x44, 0x46, 0xef, 0xff, 0xf2, 0x00, 0x00, 0x00, 0x00, 0x00, 0x1f, 0xff, 0xf6, 0x00, 0x00, 0x00, 0x00, 0x00, 0x0c, 0xff, 0xf8, 0x00, 0x84, 0x00, 0x00, 0x00, 0x2f, 0xff, 0xf6, 0x02, 0xff, 0xe8, 0x54, 0x47, 0xff, 0xff, 0xf1, 0x0a, 0xff, 0xff, 0xff, 0xff, 0xff, 0xff, 0x80, 0x0c, 0xff, 0xff, 0xff, 0xff, 0xff, 0xfa, 0x00, 0x00, 0x4a, 0xef, 0xff, 0xff, 0xfc, 0x40, 0x00, 0x00, 0x00, 0x02, 0x44, 0x44, 0x00, 0x00, 0x00,
    /* U+0034 */ 0x00, 0x00, 0x00, 0x00, 0x03, 0x44, 0x43, 0x00, 0x00, 0x00, 0x00, 0x00, 0x00, 0x3f, 0xff, 0xf5, 0x00, 0x00, 0x00, 0x00, 0x00, 0x01, 0xdf, 0xff, 0x90, 0x00, 0x00, 0x00, 0x00, 0x00, 0x0a, 0xff, 0xfd, 0x00, 0x00, 0x00, 0x00, 0x00, 0x00, 0x6f, 0xff, 0xf3, 0x00, 0x00, 0x00, 0x00, 0x00, 0x03, 0xff, 0xff, 0x60, 0x00, 0x00, 0x00, 0x00, 0x00, 0x1d, 0xff, 0xfb, 0x00, 0x00, 0x00, 0x00, 0x00, 0x00, 0x9f, 0xff, 0xe1, 0x00, 0x00, 0x00, 0x00, 0x00, 0x05, 0xff, 0xff, 0x30, 0x3c, 0xcc, 0x90, 0x00, 0x00, 0x2f, 0xff, 0xf8, 0x00, 0x4f, 0xff, 0xc0, 0x00, 0x00, 0xdf, 0xff, 0xc0, 0x00, 0x4f, 0xff, 0xc0, 0x00, 0x09, 0xff, 0xff, 0x54, 0x44, 0x7f, 0xff, 0xd4, 0x43, 0x3f, 0xff, 0xff, 0xff, 0xff, 0xff, 0xff, 0xff, 0xfc, 0x4f, 0xff, 0xff, 0xff, 0xff, 0xff, 0xff, 0xff, 0xfc, 0x4f, 0xff, 0xff, 0xff, 0xff, 0xff, 0xff, 0xff, 0xfc, 0x14, 0x44, 0x44, 0x44, 0x44, 0xaf, 0xff, 0xd4, 0x43, 0x00, 0x00, 0x00, 0x00, 0x00, 0x8f, 0xff, 0xc0, 0x00, 0x00, 0x00, 0x00, 0x00, 0x00, 0x8f, 0xff, 0xc0, 0x00, 0x00, 0x00, 0x00, 0x00, 0x00, 0x8f, 0xff, 0xc0, 0x00,
    /* U+0035 */ 0x00, 0x24, 0x44, 0x44, 0x44, 0x44, 0x43, 0x00, 0x08, 0xff, 0xff, 0xff, 0xff, 0xff, 0xc0, 0x00, 0x9f, 0xff, 0xff, 0xff, 0xff, 0xfc, 0x00, 0x0c, 0xff, 0xff, 0xff, 0xff, 0xff, 0xc0, 0x00, 0xcf, 0xff, 0x44, 0x44, 0x44, 0x43, 0x00, 0x0e, 0xff, 0xf0, 0x00, 0x00, 0x00, 0x00, 0x00, 0xff, 0xfe, 0x00, 0x00, 0x00, 0x00, 0x00, 0x0f, 0xff, 0xd4, 0x44, 0x40, 0x00, 0x00, 0x03, 0xff, 0xff, 0xff, 0xff, 0xfa, 0x20, 0x00, 0x4f, 0xff, 0xff, 0xff, 0xff, 0xff, 0x60, 0x04, 0xff, 0xff, 0xff, 0xff, 0xff, 0xff, 0x20, 0x00, 0x00, 0x00, 0x14, 0xbf, 0xff, 0xf7, 0x00, 0x00, 0x00, 0x00, 0x00, 0xcf, 0xff, 0xc0, 0x00, 0x00, 0x00, 0x00, 0x08, 0xff, 0xfc, 0x04, 0x81, 0x00, 0x00, 0x00, 0xcf, 0xff, 0xa0, 0xcf, 0xfa, 0x64, 0x46, 0xcf, 0xff, 0xf6, 0x4f, 0xff, 0xff, 0xff, 0xff, 0xff, 0xfd, 0x06, 0xff, 0xff, 0xff, 0xff, 0xff, 0xfd, 0x10, 0x02, 0x8d, 0xff, 0xff, 0xff, 0xe7, 0x00, 0x00, 0x00, 0x00, 0x44, 0x44, 0x20, 0x00, 0x00,
    /* U+0036 */ 0x00, 0x00, 0x00, 0x36, 0x88, 0x85, 0x10, 0x00, 0x00, 0x00, 0x6e, 0xff, 0xff, 0xff, 0xfb, 0x20, 0x00, 0x1c, 0xff, 0xff, 0xff, 0xff, 0xff, 0x10, 0x00, 0xdf, 0xff, 0xff, 0xff, 0xff, 0xf8, 0x00, 0x08, 0xff, 0xff, 0xb3, 0x00, 0x03, 0xa1, 0x00, 0x1f, 0xff, 0xfa, 0x00, 0x00, 0x00, 0x00, 0x00, 0x7f, 0xff, 0xe0, 0x00, 0x00, 0x00, 0x00, 0x00, 0xbf, 0xff, 0x90, 0x24, 0x86, 0x40, 0x00, 0x00, 0xef, 0xff, 0x6a, 0xff, 0xff, 0xfe, 0x60, 0x00, 0xff, 0xff, 0xff, 0xff, 0xff, 0xff, 0xfa, 0x00, 0xff, 0xff, 0xff, 0xfc, 0xcf, 0xff, 0xff, 0x50, 0xff, 0xff, 0xfa, 0x10, 0x02, 0xdf, 0xff, 0xd0, 0xcf, 0xff, 0xe0, 0x00, 0x00, 0x3f, 0xff, 0xf0, 0xaf, 0xff, 0xc0, 0x00, 0x00, 0x0f, 0xff, 0xf0, 0x5f, 0xff, 0xe0, 0x00, 0x00, 0x4f, 0xff, 0xf0, 0x0e, 0xff, 0xfa, 0x10, 0x03, 0xdf, 0xff, 0xa0, 0x03, 0xff, 0xff, 0xfd, 0xef, 0xff, 0xff, 0x20, 0x00, 0x6f, 0xff, 0xff, 0xff, 0xff, 0xf4, 0x00, 0x00, 0x02, 0xaf, 0xff, 0xff, 0xfa, 0x20, 0x00, 0x00, 0x00, 0x00, 0x34, 0x44, 0x00, 0x00, 0x00,
    /* U+0037 */ 0x14, 0x44, 0x44, 0x44, 0x44, 0x44, 0x44, 0x41, 0x4f, 0xff, 0xff, 0xff, 0xff, 0xff, 0xff, 0xf4, 0x4f, 0xff, 0xff, 0xff, 0xff, 0xff, 0xff, 0xf4, 0x4f, 0xff, 0xff, 0xff, 0xff, 0xff, 0xff, 0xf3, 0x4f, 0xff, 0xa4, 0x44, 0x44, 0xcf, 0xff, 0xe0, 0x4f, 0xff, 0x80, 0x00, 0x02, 0xff, 0xff, 0x60, 0x4f, 0xff, 0x80, 0x00, 0x09, 0xff, 0xff, 0x10, 0x14, 0x44, 0x20, 0x00, 0x1f, 0xff, 0xf8, 0x00, 0x00, 0x00, 0x00, 0x00, 0x7f, 0xff, 0xf2, 0x00, 0x00, 0x00, 0x00, 0x00, 0xef, 0xff, 0xa0, 0x00, 0x00, 0x00, 0x00, 0x05, 0xff, 0xff, 0x40, 0x00, 0x00, 0x00, 0x00, 0x0c, 0xff, 0xfc, 0x00, 0x00, 0x00, 0x00, 0x00, 0x3f, 0xff, 0xf6, 0x00, 0x00, 0x00, 0x00, 0x00, 0xaf, 0xff, 0xe0, 0x00, 0x00, 0x00, 0x00, 0x02, 0xff, 0xff, 0x80, 0x00, 0x00, 0x00, 0x00, 0x08, 0xff, 0xff, 0x10, 0x00, 0x00, 0x00, 0x00, 0x1f, 0xff, 0xfa, 0x00, 0x00, 0x00, 0x00, 0x00, 0x6f, 0xff, 0xf2, 0x00, 0x00, 0x00, 0x00, 0x00, 0xef, 0xff, 0xc0, 0x00, 0x00, 0x00,
    /* U+0038 */ 0x00, 0x00, 0x01, 0x58, 0x88, 0x52, 0x00, 0x00, 0x00, 0x00, 0x2b, 0xff, 0xff, 0xff, 0xfc, 0x30, 0x00, 0x00, 0x3f, 0xff, 0xff, 0xff, 0xff, 0xff, 0x60, 0x00, 0x0e, 0xff, 0xff, 0xc8, 0xbf, 0xff, 0xff, 0x20, 0x05, 0xff, 0xff, 0x30, 0x00, 0x3f, 0xff, 0xf7, 0x00, 0x8f, 0xff, 0xc0, 0x00, 0x00, 0xaf, 0xff, 0x80, 0x06, 0xff, 0xfd, 0x00, 0x00, 0x0b, 0xff, 0xf8, 0x00, 0x2f, 0xff, 0xf9, 0x10, 0x07, 0xff, 0xff, 0x40, 0x00, 0x6f, 0xff, 0xff, 0xff, 0xff, 0xff, 0xa0, 0x00, 0x00, 0xcf, 0xff, 0xff, 0xff, 0xff, 0xd1, 0x00, 0x01, 0xdf, 0xff, 0xff, 0xff, 0xff, 0xff, 0xd1, 0x00, 0x8f, 0xff, 0xf7, 0x10, 0x16, 0xff, 0xff, 0xc0, 0x0f, 0xff, 0xf7, 0x00, 0x00, 0x04, 0xff, 0xff, 0x20, 0xff, 0xff, 0x40, 0x00, 0x00, 0x0f, 0xff, 0xf4, 0x0f, 0xff, 0xf6, 0x00, 0x00, 0x03, 0xff, 0xff, 0x40, 0xcf, 0xff, 0xf4, 0x00, 0x02, 0xdf, 0xff, 0xf0, 0x04, 0xff, 0xff, 0xfe, 0xce, 0xff, 0xff, 0xf6, 0x00, 0x06, 0xff, 0xff, 0xff, 0xff, 0xff, 0xf8, 0x00, 0x00, 0x02, 0xaf, 0xff, 0xff, 0xff, 0xa3, 0x00, 0x00, 0x00, 0x00, 0x03, 0x44, 0x43, 0x00, 0x00, 0x00,
    /* U+0039 */ 0x00, 0x00, 0x15, 0x88, 0x85, 0x10, 0x00, 0x00, 0x00, 0x18, 0xff, 0xff, 0xff, 0xfa, 0x10, 0x00, 0x01, 0xdf, 0xff, 0xff, 0xff, 0xff, 0xf3, 0x00, 0x0a, 0xff, 0xff, 0xdc, 0xcf, 0xff, 0xfe, 0x10, 0x2f, 0xff, 0xf6, 0x00, 0x01, 0xdf, 0xff, 0x80, 0x6f, 0xff, 0xd0, 0x00, 0x00, 0x5f, 0xff, 0xf0, 0x8f, 0xff, 0xc0, 0x00, 0x00, 0x4f, 0xff, 0xf4, 0x7f, 0xff, 0xe0, 0x00, 0x00, 0x7f, 0xff, 0xf7, 0x2f, 0xff, 0xfb, 0x20, 0x06, 0xff, 0xff, 0xf8, 0x0b, 0xff, 0xff, 0xff, 0xff, 0xff, 0xff, 0xf8, 0x01, 0xdf, 0xff, 0xff, 0xff, 0xff, 0xff, 0xf8, 0x00, 0x08, 0xef, 0xff, 0xfc, 0x4c, 0xff, 0xf7, 0x00, 0x00, 0x02, 0x44, 0x00, 0x0f, 0xff, 0xf4, 0x00, 0x00, 0x00, 0x00, 0x00, 0x7f, 0xff, 0xf0, 0x00, 0x00, 0x00, 0x00, 0x03, 0xff, 0xff, 0x80, 0x00, 0x8a, 0x54, 0x34, 0x9f, 0xff, 0xff, 0x10, 0x01, 0xff, 0xff, 0xff, 0xff, 0xff, 0xf3, 0x00, 0x08, 0xff, 0xff, 0xff, 0xff, 0xfe, 0x30, 0x00, 0x04, 0xbf, 0xff, 0xff, 0xfe, 0x81, 0x00, 0x00, 0x00, 0x00, 0x34, 0x44, 0x10, 0x00, 0x00, 0x00,
    /* U+003A */ 0x00, 0x04, 0x00, 0x06, 0xff, 0xf3, 0x0f, 0xff, 0xfd, 0x0f, 0xff, 0xff, 0x0d, 0xff, 0xfa, 0x02, 0xbc, 0xa1, 0x00, 0x00, 0x00, 0x00, 0x00, 0x00, 0x00, 0x00, 0x00, 0x00, 0x00, 0x00, 0x02, 0xbc, 0xa1, 0x0e, 0xff, 0xfa, 0x0f, 0xff, 0xff, 0x0f, 0xff, 0xfd, 0x06, 0xff, 0xf3, 0x00, 0x14, 0x00,
    /* U+00B0 */ 0x00, 0x01, 0x58, 0x50, 0x00, 0x00, 0x6f, 0xff, 0xff, 0x50, 0x05, 0xff, 0xd9, 0xef, 0xf3, 0x0e, 0xfa, 0x00, 0x0b, 0xfb, 0x1f, 0xf1, 0x00, 0x04, 0xff, 0x2f, 0xf1, 0x00, 0x04, 0xff, 0x0e, 0xf8, 0x00, 0x0b, 0xfb, 0x05, 0xff, 0xc8, 0xcf, 0xf4, 0x00, 0x7f, 0xff, 0xff, 0x60, 0x00, 0x02, 0x68, 0x61, 0x00,
};

static const lv_font_fmt_txt_glyph_dsc_t glyph_dsc_bold_26[] = {
    {.bitmap_index = 0, .adv_w = 0, .box_w = 0, .box_h = 0, .ofs_x = 0, .ofs_y = 0},
    {.bitmap_index = 0, .adv_w = 118, .box_w = 0, .box_h = 0, .ofs_x = 0, .ofs_y = 0},
    {.bitmap_index = 0, .adv_w = 365, .box_w = 23, .box_h = 20, .ofs_x = 0, .ofs_y = -1},
    {.bitmap_index = 230, .adv_w = 249, .box_w = 13, .box_h = 13, .ofs_x = 1, .ofs_y = 3},
    {.bitmap_index = 315, .adv_w = 109, .box_w = 6, .box_h = 10, .ofs_x = 0, .ofs_y = -5},
    {.bitmap_index = 345, .adv_w = 161, .box_w = 8, .box_h = 4, .ofs_x = 1, .ofs_y = 5},
    {.bitmap_index = 361, .adv_w = 109, .box_w = 6, .box_h = 6, .ofs_x = 0, .ofs_y = -1},
    {.bitmap_index = 379, .adv_w = 163, .box_w = 13, .box_h = 25, .ofs_x = -1, .ofs_y = -3},
    {.bitmap_index = 542, .adv_w = 282, .box_w = 16, .box_h = 20, .ofs_x = 1, .ofs_y = -1},
    {.bitmap_index = 702, .adv_w = 163, .box_w = 9, .box_h = 19, .ofs_x = 0, .ofs_y = 0},
    {.bitmap_index = 788, .adv_w = 245, .box_w = 15, .box_h = 19, .ofs_x = 0, .ofs_y = 0},
    {.bitmap_index = 931, .adv_w = 246, .box_w = 16, .box_h = 20, .ofs_x = -1, .ofs_y = -1},
    {.bitmap_index = 1091, .adv_w = 287, .box_w = 18, .box_h = 19, .ofs_x = 0, .ofs_y = 0},
    {.bitmap_index = 1262, .adv_w = 248, .box_w = 15, .box_h = 20, .ofs_x = 0, .ofs_y = -1},
    {.bitmap_index = 1412, .adv_w = 265, .box_w = 16, .box_h = 20, .ofs_x = 1, .ofs_y = -1},
    {.bitmap_index = 1572, .adv_w = 258, .box_w = 16, .box_h = 19, .ofs_x = 0, .ofs_y = 0},
    {.bitmap_index = 1724, .adv_w = 275, .box_w = 17, .box_h = 20, .ofs_x = 0, .ofs_y = -1},
    {.bitmap_index = 1894, .adv_w = 265, .box_w = 16, .box_h = 20, .ofs_x = 0, .ofs_y = -1},
    {.bitmap_index = 2054, .adv_w = 109, .box_w = 6, .box_h = 16, .ofs_x = 0, .ofs_y = -1},
    {.bitmap_index = 2102, .adv_w = 174, .box_w = 10, .box_h = 10, .ofs_x = 0, .ofs_y = 9},
};

static const lv_font_fmt_txt_cmap_t cmaps_bold_26[] = {
    {.range_start = 0x20, .range_length = 1, .glyph_id_start = 1, .unicode_list = NULL, .glyph_id_ofs_list = NULL, .list_length = 0, .type = LV_FONT_FMT_TXT_CMAP_FORMAT0_TINY},
    {.range_start = 0x25, .range_length = 1, .glyph_id_start = 2, .unicode_list = NULL, .glyph_id_ofs_list = NULL, .list_length = 0, .type = LV_FONT_FMT_TXT_CMAP_FORMAT0_TINY},
    {.range_start = 0x2B, .range_length = 16, .glyph_id_start = 3, .unicode_list = NULL, .glyph_id_ofs_list = NULL, .list_length = 0, .type = LV_FONT_FMT_TXT_CMAP_FORMAT0_TINY},
    {.range_start = 0xB0, .range_length = 1, .glyph_id_start = 19, .unicode_list = NULL, .glyph_id_ofs_list = NULL, .list_length = 0, .type = LV_FONT_FMT_TXT_CMAP_FORMAT0_TINY},
};

static const lv_font_fmt_txt_dsc_t font_dsc_bold_26 = {
    .glyph_bitmap = glyph_bitmap_bold_26, .glyph_dsc = glyph_dsc_bold_26, .cmaps = cmaps_bold_26,
    .kern_dsc = NULL, .kern_scale = 0, .cmap_num = 4, .bpp = 4, .kern_classes = 0,
    .bitmap_format = 0,
};

const lv_font_t bed_font_bold_26 = {
    .get_glyph_dsc = lv_font_get_glyph_dsc_fmt_txt,
    .get_glyph_bitmap = lv_font_get_bitmap_fmt_txt,
    .line_height = 33, .base_line = 7, .subpx = LV_FONT_SUBPX_NONE,
    .underline_position = 0, .underline_thickness = 0, .dsc = &font_dsc_bold_26,
    .fallback = NULL,
};


static LV_ATTRIBUTE_LARGE_CONST const uint8_t glyph_bitmap_clock_28[] = {
    /* U+002D */ 0x24, 0x44, 0x44, 0x44, 0x18, 0xff, 0xff, 0xff, 0xf4, 0x8f, 0xff, 0xff, 0xff, 0x46, 0xcc, 0xcc, 0xcc, 0xc3,
    /* U+0030 */ 0x00, 0x00, 0x06, 0xbc, 0xdc, 0xa4, 0x00, 0x00, 0x00, 0x00, 0x3e, 0xff, 0xff, 0xff, 0xfc, 0x20, 0x00, 0x00, 0x3f, 0xff, 0xff, 0xff, 0xff, 0xff, 0x20, 0x00, 0x1f, 0xff, 0xfc, 0x64, 0x7e, 0xff, 0xfd, 0x00, 0x09, 0xff, 0xfa, 0x00, 0x00, 0x0b, 0xff, 0xf6, 0x01, 0xff, 0xfe, 0x00, 0x00, 0x00, 0x1f, 0xff, 0xe0, 0x5f, 0xff, 0x60, 0x00, 0x00, 0x00, 0x9f, 0xff, 0x38, 0xff, 0xf2, 0x00, 0x00, 0x00, 0x05, 0xff, 0xf6, 0xcf, 0xff, 0x00, 0x00, 0x00, 0x00, 0x3f, 0xff, 0x8c, 0xff, 0xf0, 0x00, 0x00, 0x00, 0x00, 0xff, 0xf8, 0xcf, 0xff, 0x00, 0x00, 0x00, 0x00, 0x0f, 0xff, 0x8c, 0xff, 0xf0, 0x00, 0x00, 0x00, 0x01, 0xff, 0xf8, 0x9f, 0xff, 0x10, 0x00, 0x00, 0x00, 0x4f, 0xff, 0x87, 0xff, 0xf5, 0x00, 0x00, 0x00, 0x07, 0xff, 0xf4, 0x2f, 0xff, 0xa0, 0x00, 0x00, 0x00, 0xdf, 0xff, 0x00, 0xcf, 0xff, 0x30, 0x00, 0x00, 0x6f, 0xff, 0xa0, 0x04, 0xff, 0xff, 0x60, 0x01, 0x7f, 0xff, 0xf2, 0x00, 0x09, 0xff, 0xff, 0xff, 0xff, 0xff, 0xf6, 0x00, 0x00, 0x09, 0xff, 0xff, 0xff, 0xff, 0xf6, 0x00, 0x00, 0x00, 0x04, 0xcf, 0xff, 0xff, 0xa3, 0x00, 0x00, 0x00, 0x00, 0x00, 0x14, 0x44, 0x00, 0x00, 0x00, 0x00,
    /* U+0031 */ 0x68, 0x88, 0x88, 0x88, 0x0c, 0xff, 0xff, 0xff, 0xf0, 0xcf, 0xff, 0xff, 0xff, 0x06, 0x88, 0x8e, 0xff, 0xf0, 0x00, 0x00, 0xcf, 0xff, 0x00, 0x00, 0x0c, 0xff, 0xf0, 0x00, 0x00, 0xcf, 0xff, 0x00, 0x00, 0x0c, 0xff, 0xf0, 0x00, 0x00, 0xcf, 0xff, 0x00, 0x00, 0x0c, 0xff, 0xf0, 0x00, 0x00, 0xcf, 0xff, 0x00, 0x00, 0x0c, 0xff, 0xf0, 0x00, 0x00, 0xcf, 0xff, 0x00, 0x00, 0x0c, 0xff, 0xf0, 0x00, 0x00, 0xcf, 0xff, 0x00, 0x00, 0x0c, 0xff, 0xf0, 0x00, 0x00, 0xcf, 0xff, 0x00, 0x00, 0x0c, 0xff, 0xf0, 0x00, 0x00, 0xcf, 0xff, 0x00, 0x00, 0x0c, 0xff, 0xf0,
    /* U+0032 */ 0x00, 0x02, 0x7b, 0xcd, 0xcc, 0x82, 0x00, 0x00, 0x01, 0xaf, 0xff, 0xff, 0xff, 0xff, 0x90, 0x00, 0x2d, 0xff, 0xff, 0xff, 0xff, 0xff, 0xfa, 0x00, 0x7f, 0xff, 0xe9, 0x54, 0x6a, 0xff, 0xff, 0x40, 0x06, 0xfa, 0x00, 0x00, 0x00, 0x7f, 0xff, 0x80, 0x00, 0x20, 0x00, 0x00, 0x00, 0x1f, 0xff, 0xc0, 0x00, 0x00, 0x00, 0x00, 0x00, 0x0f, 0xff, 0xa0, 0x00, 0x00, 0x00, 0x00, 0x00, 0x5f, 0xff, 0x70, 0x00, 0x00, 0x00, 0x00, 0x00, 0xcf, 0xff, 0x20, 0x00, 0x00, 0x00, 0x00, 0x0a, 0xff, 0xf9, 0x00, 0x00, 0x00, 0x00, 0x00, 0xaf, 0xff, 0xd0, 0x00, 0x00, 0x00, 0x00, 0x0a, 0xff, 0xfd, 0x10, 0x00, 0x00, 0x00, 0x00, 0xaf, 0xff, 0xd1, 0x00, 0x00, 0x00, 0x00, 0x1a, 0xff, 0xfd, 0x10, 0x00, 0x00, 0x00, 0x01, 0xdf, 0xff, 0xa0, 0x00, 0x00, 0x00, 0x00, 0x1d, 0xff, 0xfa, 0x00, 0x00, 0x00, 0x00, 0x01, 0xdf, 0xff, 0xa0, 0x00, 0x00, 0x00, 0x00, 0x0d, 0xff, 0xff, 0xff, 0xff, 0xff, 0xff, 0xf8, 0x0f, 0xff, 0xff, 0xff, 0xff, 0xff, 0xff, 0xf8, 0x0f, 0xff, 0xff, 0xff, 0xff, 0xff, 0xff, 0xf8,
    /* U+0033 */ 0x08, 0x88, 0x88, 0x88, 0x88, 0x88, 0x88, 0x20, 0x0f, 0xff, 0xff, 0xff, 0xff, 0xff, 0xff, 0x40, 0x0f, 0xff, 0xff, 0xff, 0xff, 0xff, 0xff, 0x40, 0x08, 0x88, 0x88, 0x88, 0x8b, 0xff, 0xfd, 0x00, 0x00, 0x00, 0x00, 0x00, 0x1f, 0xff, 0xd1, 0x00, 0x00, 0x00, 0x00, 0x01, 0xdf, 0xff, 0x30, 0x00, 0x00, 0x00, 0x00, 0x0a, 0xff, 0xf4, 0x00, 0x00, 0x00, 0x00, 0x00, 0x9f, 0xff, 0x60, 0x00, 0x00, 0x00, 0x00, 0x05, 0xff, 0xff, 0x51, 0x00, 0x00, 0x00, 0x00, 0x08, 0xff, 0xff, 0xff, 0x91, 0x00, 0x00, 0x00, 0x08, 0xff, 0xff, 0xff, 0xfd, 0x10, 0x00, 0x00, 0x02, 0x44, 0x59, 0xff, 0xff, 0x80, 0x00, 0x00, 0x00, 0x00, 0x00, 0x3f, 0xff, 0xf0, 0x00, 0x00, 0x00, 0x00, 0x00, 0x09, 0xff, 0xf2, 0x00, 0x00, 0x00, 0x00, 0x00, 0x08, 0xff, 0xf3, 0x07, 0x30, 0x00, 0x00, 0x00, 0x1e, 0xff, 0xf0, 0x2f, 0xfa, 0x51, 0x00, 0x04, 0xdf, 0xff, 0xa0, 0xbf, 0xff, 0xff, 0xff, 0xff, 0xff, 0xff, 0x20, 0x5e, 0xff, 0xff, 0xff, 0xff, 0xff, 0xf3, 0x00, 0x00, 0x6b, 0xff, 0xff, 0xff, 0xe8, 0x10, 0x00, 0x00, 0x00, 0x03, 0x44, 0x42, 0x00, 0x00, 0x00,
    /* U+0034 */ 0x00, 0x00, 0x00, 0x00, 0x00, 0x58, 0x88, 0x20, 0x00, 0x00, 0x00, 0x00, 0x00, 0x00, 0x4f, 0xff, 0xb0, 0x00, 0x00, 0x00, 0x00, 0x00, 0x00, 0x1f, 0xff, 0xe1, 0x00, 0x00, 0x00, 0x00, 0x00, 0x00, 0x0c, 0xff, 0xf3, 0x00, 0x00, 0x00, 0x00, 0x00, 0x00, 0x08, 0xff, 0xf7, 0x00, 0x00, 0x00, 0x00, 0x00, 0x00, 0x05, 0xff, 0xfb, 0x00, 0x00, 0x00, 0x00, 0x00, 0x00, 0x02, 0xff, 0xfd, 0x10, 0x00, 0x00, 0x00, 0x00, 0x00, 0x00, 0xdf, 0xff, 0x30, 0x00, 0x00, 0x00, 0x00, 0x00, 0x00, 0x9f, 0xff, 0x60, 0x02, 0x88, 0x82, 0x00, 0x00, 0x00, 0x6f, 0xff, 0xa0, 0x00, 0x4f, 0xff, 0x40, 0x00, 0x00, 0x3f, 0xff, 0xd1, 0x00, 0x04, 0xff, 0xf4, 0x00, 0x00, 0x1d, 0xff, 0xf3, 0x00, 0x00, 0x4f, 0xff, 0x40, 0x00, 0x0a, 0xff, 0xfd, 0x88, 0x88, 0x8a, 0xff, 0xfa, 0x88, 0x60, 0xff, 0xff, 0xff, 0xff, 0xff, 0xff, 0xff, 0xff, 0xfc, 0x0f, 0xff, 0xff, 0xff, 0xff, 0xff, 0xff, 0xff, 0xff, 0xc0, 0x88, 0x88, 0x88, 0x88, 0x88, 0xaf, 0xff, 0xa8, 0x86, 0x00, 0x00, 0x00, 0x00, 0x00, 0x04, 0xff, 0xf4, 0x00, 0x00, 0x00, 0x00, 0x00, 0x00, 0x00, 0x4f, 0xff, 0x40, 0x00, 0x00, 0x00, 0x00, 0x00, 0x00, 0x04, 0xff, 0xf4, 0x00, 0x00, 0x00, 0x00, 0x00, 0x00, 0x00, 0x4f, 0xff, 0x40, 0x00,
    /* U+0035 */ 0x00, 0x28, 0x88, 0x88, 0x88, 0x88, 0x88, 0x20, 0x00, 0x4f, 0xff, 0xff, 0xff, 0xff, 0xff, 0x40, 0x00, 0x6f, 0xff, 0xff, 0xff, 0xff, 0xff, 0x40, 0x00, 0x8f, 0xff, 0x88, 0x88, 0x88, 0x88, 0x20, 0x00, 0x8f, 0xfc, 0x00, 0x00, 0x00, 0x00, 0x00, 0x00, 0xbf, 0xfc, 0x00, 0x00, 0x00, 0x00, 0x00, 0x00, 0xcf, 0xfa, 0x00, 0x00, 0x00, 0x00, 0x00, 0x00, 0xdf, 0xf8, 0x00, 0x00, 0x00, 0x00, 0x00, 0x00, 0xff, 0xff, 0xff, 0xfe, 0xc7, 0x10, 0x00, 0x00, 0xff, 0xff, 0xff, 0xff, 0xff, 0xf6, 0x00, 0x02, 0xff, 0xff, 0xff, 0xff, 0xff, 0xff, 0x60, 0x00, 0x00, 0x00, 0x00, 0x46, 0xcf, 0xff, 0xf1, 0x00, 0x00, 0x00, 0x00, 0x00, 0x0b, 0xff, 0xf5, 0x00, 0x00, 0x00, 0x00, 0x00, 0x04, 0xff, 0xf8, 0x00, 0x00, 0x00, 0x00, 0x00, 0x04, 0xff, 0xf8, 0x04, 0x70, 0x00, 0x00, 0x00, 0x08, 0xff, 0xf5, 0x0d, 0xfe, 0x62, 0x00, 0x02, 0x9f, 0xff, 0xf0, 0x6f, 0xff, 0xff, 0xff, 0xff, 0xff, 0xff, 0x60, 0x3c, 0xff, 0xff, 0xff, 0xff, 0xff, 0xf7, 0x00, 0x00, 0x4a, 0xef, 0xff, 0xff, 0xfa, 0x30, 0x00, 0x00, 0x00, 0x01, 0x44, 0x43, 0x00, 0x00, 0x00,
    /* U+0036 */ 0x00, 0x00, 0x01, 0x6a, 0xcd, 0xdc, 0xa5, 0x00, 0x00, 0x00, 0x8f, 0xff, 0xff, 0xff, 0xff, 0xc0, 0x00, 0x1c, 0xff, 0xff, 0xff, 0xff, 0xff, 0x70, 0x00, 0xaf, 0xff, 0xf9, 0x54, 0x45, 0x9e, 0x10, 0x05, 0xff, 0xfd, 0x20, 0x00, 0x00, 0x00, 0x00, 0x0e, 0xff, 0xf1, 0x00, 0x00, 0x00, 0x00, 0x00, 0x3f, 0xff, 0x80, 0x00, 0x00, 0x00, 0x00, 0x00, 0x8f, 0xff, 0x30, 0x00, 0x00, 0x00, 0x00, 0x00, 0xaf, 0xff, 0x04, 0xbf, 0xff, 0xfc, 0x60, 0x00, 0xcf, 0xff, 0xaf, 0xff, 0xff, 0xff, 0xfd, 0x10, 0xcf, 0xff, 0xff, 0xfd, 0xce, 0xff, 0xff, 0xd0, 0xcf, 0xff, 0xfd, 0x20, 0x00, 0x2d, 0xff, 0xf6, 0xbf, 0xff, 0xe1, 0x00, 0x00, 0x01, 0xff, 0xfc, 0x8f, 0xff, 0x80, 0x00, 0x00, 0x00, 0xcf, 0xfd, 0x4f, 0xff, 0x80, 0x00, 0x00, 0x00, 0xcf, 0xfd, 0x0e, 0xff, 0xc0, 0x00, 0x00, 0x01, 0xff, 0xfb, 0x07, 0xff, 0xfa, 0x00, 0x00, 0x1a, 0xff, 0xf6, 0x00, 0xcf, 0xff, 0xfb, 0x8b, 0xff, 0xff, 0xc0, 0x00, 0x1b, 0xff, 0xff, 0xff, 0xff, 0xfd, 0x10, 0x00, 0x00, 0x6d, 0xff, 0xff, 0xfe, 0x60, 0x00, 0x00, 0x00, 0x00, 0x14, 0x44, 0x20, 0x00, 0x00,
    /* U+0037 */ 0x28, 0x88, 0x88, 0x88, 0x88, 0x88, 0x88, 0x88, 0x04, 0xff, 0xff, 0xff, 0xff, 0xff, 0xff, 0xff, 0xf0, 0x4f, 0xff, 0xff, 0xff, 0xff, 0xff, 0xff, 0xff, 0x04, 0xff, 0xfa, 0x88, 0x88, 0x88, 0xaf, 0xff, 0xc0, 0x4f, 0xff, 0x40, 0x00, 0x00, 0x0a, 0xff, 0xf4, 0x04, 0xff, 0xf4, 0x00, 0x00, 0x01, 0xff, 0xfe, 0x00, 0x3c, 0xcc, 0x30, 0x00, 0x00, 0x8f, 0xff, 0x60, 0x00, 0x00, 0x00, 0x00, 0x00, 0x0e, 0xff, 0xf0, 0x00, 0x00, 0x00, 0x00, 0x00, 0x06, 0xff, 0xf8, 0x00, 0x00, 0x00, 0x00, 0x00, 0x00, 0xdf, 0xff, 0x10, 0x00, 0x00, 0x00, 0x00, 0x00, 0x4f, 0xff, 0xa0, 0x00, 0x00, 0x00, 0x00, 0x00, 0x0b, 0xff, 0xf2, 0x00, 0x00, 0x00, 0x00, 0x00, 0x02, 0xff, 0xfc, 0x00, 0x00, 0x00, 0x00, 0x00, 0x00, 0xaf, 0xff, 0x40, 0x00, 0x00, 0x00, 0x00, 0x00, 0x1f, 0xff, 0xe0, 0x00, 0x00, 0x00, 0x00, 0x00, 0x08, 0xff, 0xf6, 0x00, 0x00, 0x00, 0x00, 0x00, 0x00, 0xff, 0xff, 0x00, 0x00, 0x00, 0x00, 0x00, 0x00, 0x6f, 0xff, 0x80, 0x00, 0x00, 0x00, 0x00, 0x00, 0x0e, 0xff, 0xf1, 0x00, 0x00, 0x00, 0x00, 0x00, 0x04, 0xff, 0xfa, 0x00, 0x00, 0x00, 0x00,
    /* U+0038 */ 0x00, 0x00, 0x59, 0xcd, 0xdc, 0xa6, 0x00, 0x00, 0x00, 0x03, 0xdf, 0xff, 0xff, 0xff, 0xff, 0x50, 0x00, 0x03, 0xff, 0xff, 0xff, 0xff, 0xff, 0xff, 0x60, 0x00, 0xcf, 0xff, 0xb3, 0x00, 0x28, 0xff, 0xff, 0x10, 0x1f, 0xff, 0xc0, 0x00, 0x00, 0x08, 0xff, 0xf5, 0x04, 0xff, 0xf8, 0x00, 0x00, 0x00, 0x4f, 0xff, 0x80, 0x1f, 0xff, 0x90, 0x00, 0x00, 0x05, 0xff, 0xf6, 0x00, 0xcf, 0xff, 0x30, 0x00, 0x01, 0xdf, 0xff, 0x10, 0x03, 0xff, 0xff, 0xb8, 0x8b, 0xff, 0xff, 0x60, 0x00, 0x03, 0xff, 0xff, 0xff, 0xff, 0xff, 0x60, 0x00, 0x03, 0xef, 0xff, 0xff, 0xff, 0xff, 0xff, 0x50, 0x01, 0xff, 0xff, 0xa5, 0x43, 0x49, 0xff, 0xff, 0x40, 0x9f, 0xff, 0x60, 0x00, 0x00, 0x03, 0xff, 0xfd, 0x0c, 0xff, 0xe0, 0x00, 0x00, 0x00, 0x0a, 0xff, 0xf0, 0xdf, 0xfc, 0x00, 0x00, 0x00, 0x00, 0x8f, 0xff, 0x3c, 0xff, 0xf1, 0x00, 0x00, 0x00, 0x0d, 0xff, 0xf0, 0x7f, 0xff, 0xd2, 0x00, 0x00, 0x1a, 0xff, 0xfb, 0x01, 0xdf, 0xff, 0xfc, 0x98, 0xcf, 0xff, 0xff, 0x30, 0x01, 0xdf, 0xff, 0xff, 0xff, 0xff, 0xff, 0x30, 0x00, 0x00, 0x6d, 0xff, 0xff, 0xff, 0xe8, 0x10, 0x00, 0x00, 0x00, 0x00, 0x44, 0x44, 0x10, 0x00, 0x00, 0x00,
    /* U+0039 */ 0x00, 0x00, 0x49, 0xcd, 0xcc, 0x93, 0x00, 0x00, 0x00, 0x01, 0xbf, 0xff, 0xff, 0xff, 0xfb, 0x10, 0x00, 0x01, 0xdf, 0xff, 0xff, 0xff, 0xff, 0xfd, 0x10, 0x00, 0x9f, 0xff, 0xb3, 0x00, 0x29, 0xff, 0xfc, 0x00, 0x1f, 0xff, 0xc0, 0x00, 0x00, 0x07, 0xff, 0xf4, 0x04, 0xff, 0xf5, 0x00, 0x00, 0x00, 0x0f, 0xff, 0xb0, 0x4f, 0xff, 0x40, 0x00, 0x00, 0x00, 0xff, 0xff, 0x04, 0xff, 0xf6, 0x00, 0x00, 0x00, 0x2f, 0xff, 0xf3, 0x0f, 0xff, 0xf3, 0x00, 0x00, 0x1d, 0xff, 0xff, 0x40, 0x8f, 0xff, 0xfa, 0x76, 0x9f, 0xff, 0xff, 0xf4, 0x00, 0xdf, 0xff, 0xff, 0xff, 0xff, 0xdf, 0xff, 0x40, 0x00, 0x8f, 0xff, 0xff, 0xff, 0x77, 0xff, 0xf4, 0x00, 0x00, 0x04, 0x88, 0x84, 0x00, 0x8f, 0xff, 0x10, 0x00, 0x00, 0x00, 0x00, 0x00, 0x0d, 0xff, 0xe0, 0x00, 0x00, 0x00, 0x00, 0x00, 0x04, 0xff, 0xf9, 0x00, 0x00, 0x00, 0x00, 0x00, 0x01, 0xef, 0xff, 0x20, 0x00, 0x46, 0x10, 0x00, 0x06, 0xff, 0xff, 0x80, 0x00, 0x0b, 0xff, 0xdc, 0xcf, 0xff, 0xff, 0xa0, 0x00, 0x02, 0xff, 0xff, 0xff, 0xff, 0xff, 0x90, 0x00, 0x00, 0x18, 0xef, 0xff, 0xff, 0xfa, 0x30, 0x00, 0x00, 0x00, 0x00, 0x14, 0x44, 0x30, 0x00, 0x00, 0x00, 0x00,
    /* U+003A */ 0x00, 0x00, 0x03, 0xff, 0xe2, 0xcf, 0xff, 0xad, 0xff, 0xfc, 0x8f, 0xff, 0x50, 0x68, 0x40, 0x00, 0x00, 0x00, 0x00, 0x00, 0x00, 0x00, 0x00, 0x00, 0x00, 0x00, 0x00, 0x00, 0x48, 0x30, 0x8f, 0xff, 0x5d, 0xff, 0xfb, 0xcf, 0xff, 0xa3, 0xff, 0xe2, 0x01, 0x40, 0x00,
};

static const lv_font_fmt_txt_glyph_dsc_t glyph_dsc_clock_28[] = {
    {.bitmap_index = 0, .adv_w = 0, .box_w = 0, .box_h = 0, .ofs_x = 0, .ofs_y = 0},
    {.bitmap_index = 0, .adv_w = 124, .box_w = 0, .box_h = 0, .ofs_x = 0, .ofs_y = 0},
    {.bitmap_index = 0, .adv_w = 172, .box_w = 9, .box_h = 4, .ofs_x = 1, .ofs_y = 6},
    {.bitmap_index = 18, .adv_w = 302, .box_w = 17, .box_h = 21, .ofs_x = 1, .ofs_y = -1},
    {.bitmap_index = 197, .adv_w = 171, .box_w = 9, .box_h = 20, .ofs_x = 0, .ofs_y = 0},
    {.bitmap_index = 287, .adv_w = 261, .box_w = 16, .box_h = 20, .ofs_x = 0, .ofs_y = 0},
    {.bitmap_index = 447, .adv_w = 261, .box_w = 16, .box_h = 21, .ofs_x = 0, .ofs_y = -1},
    {.bitmap_index = 615, .adv_w = 304, .box_w = 19, .box_h = 20, .ofs_x = 0, .ofs_y = 0},
    {.bitmap_index = 805, .adv_w = 262, .box_w = 16, .box_h = 21, .ofs_x = 0, .ofs_y = -1},
    {.bitmap_index = 973, .adv_w = 281, .box_w = 16, .box_h = 21, .ofs_x = 1, .ofs_y = -1},
    {.bitmap_index = 1141, .adv_w = 272, .box_w = 17, .box_h = 20, .ofs_x = 0, .ofs_y = 0},
    {.bitmap_index = 1311, .adv_w = 292, .box_w = 17, .box_h = 21, .ofs_x = 1, .ofs_y = -1},
    {.bitmap_index = 1490, .adv_w = 281, .box_w = 17, .box_h = 21, .ofs_x = 0, .ofs_y = -1},
    {.bitmap_index = 1669, .adv_w = 109, .box_w = 5, .box_h = 17, .ofs_x = 1, .ofs_y = -1},
};

static const lv_font_fmt_txt_cmap_t cmaps_clock_28[] = {
    {.range_start = 0x20, .range_length = 1, .glyph_id_start = 1, .unicode_list = NULL, .glyph_id_ofs_list = NULL, .list_length = 0, .type = LV_FONT_FMT_TXT_CMAP_FORMAT0_TINY},
    {.range_start = 0x2D, .range_length = 1, .glyph_id_start = 2, .unicode_list = NULL, .glyph_id_ofs_list = NULL, .list_length = 0, .type = LV_FONT_FMT_TXT_CMAP_FORMAT0_TINY},
    {.range_start = 0x30, .range_length = 11, .glyph_id_start = 3, .unicode_list = NULL, .glyph_id_ofs_list = NULL, .list_length = 0, .type = LV_FONT_FMT_TXT_CMAP_FORMAT0_TINY},
};

static const lv_font_fmt_txt_dsc_t font_dsc_clock_28 = {
    .glyph_bitmap = glyph_bitmap_clock_28, .glyph_dsc = glyph_dsc_clock_28, .cmaps = cmaps_clock_28,
    .kern_dsc = NULL, .kern_scale = 0, .cmap_num = 3, .bpp = 4, .kern_classes = 0,
    .bitmap_format = 0,
};

const lv_font_t bed_font_clock_28 = {
    .get_glyph_dsc = lv_font_get_glyph_dsc_fmt_txt,
    .get_glyph_bitmap = lv_font_get_bitmap_fmt_txt,
    .line_height = 36, .base_line = 8, .subpx = LV_FONT_SUBPX_NONE,
    .underline_position = 0, .underline_thickness = 0, .dsc = &font_dsc_clock_28,
    .fallback = NULL,
};


static LV_ATTRIBUTE_LARGE_CONST const uint8_t glyph_bitmap_clock_34[] = {
    /* U+002D */ 0x14, 0x44, 0x44, 0x44, 0x44, 0x14, 0xff, 0xff, 0xff, 0xff, 0xf4, 0x4f, 0xff, 0xff, 0xff, 0xff, 0x44, 0xff, 0xff, 0xff, 0xff, 0xf4, 0x14, 0x44, 0x44, 0x44, 0x44, 0x10,
    /* U+0030 */ 0x00, 0x00, 0x00, 0x00, 0x00, 0x40, 0x00, 0x00, 0x00, 0x00, 0x00, 0x00, 0x00, 0x06, 0xbf, 0xff, 0xff, 0xa4, 0x00, 0x00, 0x00, 0x00, 0x00, 0x3c, 0xff, 0xff, 0xff, 0xff, 0xfc, 0x10, 0x00, 0x00, 0x00, 0x3f, 0xff, 0xff, 0xff, 0xff, 0xff, 0xff, 0x20, 0x00, 0x00, 0x1f, 0xff, 0xff, 0xfc, 0xcd, 0xff, 0xff, 0xfd, 0x10, 0x00, 0x0b, 0xff, 0xff, 0xb2, 0x00, 0x02, 0xcf, 0xff, 0xf9, 0x00, 0x03, 0xff, 0xff, 0xb0, 0x00, 0x00, 0x00, 0xdf, 0xff, 0xf2, 0x00, 0xaf, 0xff, 0xf1, 0x00, 0x00, 0x00, 0x02, 0xff, 0xff, 0x80, 0x0f, 0xff, 0xfa, 0x00, 0x00, 0x00, 0x00, 0x0b, 0xff, 0xfd, 0x03, 0xff, 0xff, 0x50, 0x00, 0x00, 0x00, 0x00, 0x7f, 0xff, 0xf0, 0x5f, 0xff, 0xf2, 0x00, 0x00, 0x00, 0x00, 0x04, 0xff, 0xff, 0x48, 0xff, 0xff, 0x00, 0x00, 0x00, 0x00, 0x00, 0x2f, 0xff, 0xf4, 0x8f, 0xff, 0xf0, 0x00, 0x00, 0x00, 0x00, 0x00, 0xff, 0xff, 0x68, 0xff, 0xff, 0x00, 0x00, 0x00, 0x00, 0x00, 0x0f, 0xff, 0xf6, 0x8f, 0xff, 0xf0, 0x00, 0x00, 0x00, 0x00, 0x02, 0xff, 0xff, 0x45, 0xff, 0xff, 0x10, 0x00, 0x00, 0x00, 0x00, 0x4f, 0xff, 0xf4, 0x4f, 0xff, 0xf4, 0x00, 0x00, 0x00, 0x00, 0x06, 0xff, 0xff, 0x10, 0xff, 0xff, 0x90, 0x00, 0x00, 0x00, 0x00, 0xaf, 0xff, 0xe0, 0x0b, 0xff, 0xfe, 0x00, 0x00, 0x00, 0x00, 0x1f, 0xff, 0xf9, 0x00, 0x4f, 0xff, 0xf8, 0x00, 0x00, 0x00, 0x0b, 0xff, 0xff, 0x20, 0x00, 0xcf, 0xff, 0xf7, 0x00, 0x00, 0x1a, 0xff, 0xff, 0xa0, 0x00, 0x03, 0xff, 0xff, 0xfe, 0x98, 0xaf, 0xff, 0xff, 0xf1, 0x00, 0x00, 0x06, 0xff, 0xff, 0xff, 0xff, 0xff, 0xff, 0xf3, 0x00, 0x00, 0x00, 0x05, 0xff, 0xff, 0xff, 0xff, 0xff, 0xe3, 0x00, 0x00, 0x00, 0x00, 0x01, 0x8e, 0xff, 0xff, 0xfe, 0x81, 0x00, 0x00, 0x00, 0x00, 0x00, 0x00, 0x03, 0x44, 0x42, 0x00, 0x00, 0x00, 0x00,
    /* U+0031 */ 0x9c, 0xcc, 0xcc, 0xcc, 0xc9, 0xcf, 0xff, 0xff, 0xff, 0xfc, 0xcf, 0xff, 0xff, 0xff, 0xfc, 0xcf, 0xff, 0xff, 0xff, 0xfc, 0x00, 0x00, 0x0c, 0xff, 0xfc, 0x00, 0x00, 0x0c, 0xff, 0xfc, 0x00, 0x00, 0x0c, 0xff, 0xfc, 0x00, 0x00, 0x0c, 0xff, 0xfc, 0x00, 0x00, 0x0c, 0xff, 0xfc, 0x00, 0x00, 0x0c, 0xff, 0xfc, 0x00, 0x00, 0x0c, 0xff, 0xfc, 0x00, 0x00, 0x0c, 0xff, 0xfc, 0x00, 0x00, 0x0c, 0xff, 0xfc, 0x00, 0x00, 0x0c, 0xff, 0xfc, 0x00, 0x00, 0x0c, 0xff, 0xfc, 0x00, 0x00, 0x0c, 0xff, 0xfc, 0x00, 0x00, 0x0c, 0xff, 0xfc, 0x00, 0x00, 0x0c, 0xff, 0xfc, 0x00, 0x00, 0x0c, 0xff, 0xfc, 0x00, 0x00, 0x0c, 0xff, 0xfc, 0x00, 0x00, 0x0c, 0xff, 0xfc, 0x00, 0x00, 0x0c, 0xff, 0xfc, 0x00, 0x00, 0x0c, 0xff, 0xfc, 0x00, 0x00, 0x0c, 0xff, 0xfc,
    /* U+0032 */ 0x00, 0x00, 0x00, 0x00, 0x13, 0x00, 0x00, 0x00, 0x00, 0x00, 0x00, 0x05, 0xae, 0xff, 0xff, 0xfc, 0x71, 0x00, 0x00, 0x00, 0x4e, 0xff, 0xff, 0xff, 0xff, 0xff, 0xf5, 0x00, 0x00, 0x8f, 0xff, 0xff, 0xff, 0xff, 0xff, 0xff, 0xf6, 0x00, 0x8f, 0xff, 0xff, 0xfd, 0xcc, 0xdf, 0xff, 0xff, 0xf1, 0x01, 0xcf, 0xff, 0x81, 0x00, 0x00, 0x2d, 0xff, 0xff, 0x70, 0x00, 0x8e, 0x30, 0x00, 0x00, 0x00, 0x1f, 0xff, 0xfc, 0x00, 0x00, 0x10, 0x00, 0x00, 0x00, 0x00, 0xcf, 0xff, 0xc0, 0x00, 0x00, 0x00, 0x00, 0x00, 0x00, 0x0c, 0xff, 0xfc, 0x00, 0x00, 0x00, 0x00, 0x00, 0x00, 0x00, 0xef, 0xff, 0xa0, 0x00, 0x00, 0x00, 0x00, 0x00, 0x00, 0x4f, 0xff, 0xf6, 0x00, 0x00, 0x00, 0x00, 0x00, 0x00, 0x1e, 0xff, 0xfe, 0x00, 0x00, 0x00, 0x00, 0x00, 0x00, 0x1d, 0xff, 0xff, 0x50, 0x00, 0x00, 0x00, 0x00, 0x00, 0x1d, 0xff, 0xff, 0x80, 0x00, 0x00, 0x00, 0x00, 0x00, 0x1d, 0xff, 0xff, 0xa0, 0x00, 0x00, 0x00, 0x00, 0x00, 0x1d, 0xff, 0xff, 0xa0, 0x00, 0x00, 0x00, 0x00, 0x00, 0x1d, 0xff, 0xff, 0x90, 0x00, 0x00, 0x00, 0x00, 0x00, 0x3f, 0xff, 0xff, 0x60, 0x00, 0x00, 0x00, 0x00, 0x00, 0x3f, 0xff, 0xff, 0x60, 0x00, 0x00, 0x00, 0x00, 0x00, 0x3f, 0xff, 0xff, 0x60, 0x00, 0x00, 0x00, 0x00, 0x00, 0x3f, 0xff, 0xff, 0x60, 0x00, 0x00, 0x00, 0x00, 0x00, 0x4f, 0xff, 0xff, 0xfc, 0xcc, 0xcc, 0xcc, 0xcc, 0xc9, 0x0c, 0xff, 0xff, 0xff, 0xff, 0xff, 0xff, 0xff, 0xff, 0xc0, 0xcf, 0xff, 0xff, 0xff, 0xff, 0xff, 0xff, 0xff, 0xfc, 0x0c, 0xff, 0xff, 0xff, 0xff, 0xff, 0xff, 0xff, 0xff, 0xc0,
    /* U+0033 */ 0x09, 0xcc, 0xcc, 0xcc, 0xcc, 0xcc, 0xcc, 0xcc, 0xc6, 0x00, 0xcf, 0xff, 0xff, 0xff, 0xff, 0xff, 0xff, 0xff, 0x80, 0x0c, 0xff, 0xff, 0xff, 0xff, 0xff, 0xff, 0xff, 0xf8, 0x00, 0xcf, 0xff, 0xff, 0xff, 0xff, 0xff, 0xff, 0xff, 0x30, 0x00, 0x00, 0x00, 0x00, 0x00, 0x08, 0xff, 0xff, 0x50, 0x00, 0x00, 0x00, 0x00, 0x00, 0x06, 0xff, 0xff, 0x60, 0x00, 0x00, 0x00, 0x00, 0x00, 0x03, 0xff, 0xff, 0xa0, 0x00, 0x00, 0x00, 0x00, 0x00, 0x02, 0xff, 0xff, 0xc0, 0x00, 0x00, 0x00, 0x00, 0x00, 0x01, 0xdf, 0xff, 0xd1, 0x00, 0x00, 0x00, 0x00, 0x00, 0x00, 0xbf, 0xff, 0xf3, 0x00, 0x00, 0x00, 0x00, 0x00, 0x00, 0x7f, 0xff, 0xff, 0xd9, 0x30, 0x00, 0x00, 0x00, 0x00, 0x08, 0xff, 0xff, 0xff, 0xff, 0xb1, 0x00, 0x00, 0x00, 0x00, 0x8f, 0xff, 0xff, 0xff, 0xff, 0xd1, 0x00, 0x00, 0x00, 0x02, 0x44, 0x68, 0xbf, 0xff, 0xff, 0x90, 0x00, 0x00, 0x00, 0x00, 0x00, 0x00, 0x3f, 0xff, 0xff, 0x10, 0x00, 0x00, 0x00, 0x00, 0x00, 0x00, 0x6f, 0xff, 0xf4, 0x00, 0x00, 0x00, 0x00, 0x00, 0x00, 0x01, 0xff, 0xff, 0x60, 0x00, 0x00, 0x00, 0x00, 0x00, 0x00, 0x2f, 0xff, 0xf6, 0x04, 0x70, 0x00, 0x00, 0x00, 0x00, 0x08, 0xff, 0xff, 0x30, 0xdf, 0xc6, 0x00, 0x00, 0x00, 0x07, 0xff, 0xff, 0xe0, 0x6f, 0xff, 0xff, 0xc9, 0x88, 0xae, 0xff, 0xff, 0xf6, 0x0c, 0xff, 0xff, 0xff, 0xff, 0xff, 0xff, 0xff, 0xfa, 0x00, 0x18, 0xff, 0xff, 0xff, 0xff, 0xff, 0xff, 0xf9, 0x00, 0x00, 0x01, 0x7c, 0xff, 0xff, 0xff, 0xff, 0xa2, 0x00, 0x00, 0x00, 0x00, 0x00, 0x34, 0x44, 0x42, 0x00, 0x00, 0x00, 0x00,
    /* U+0034 */ 0x00, 0x00, 0x00, 0x00, 0x00, 0x06, 0xcc, 0xcc, 0x30, 0x00, 0x00, 0x00, 0x00, 0x00, 0x00, 0x00, 0x3f, 0xff, 0xfa, 0x00, 0x00, 0x00, 0x00, 0x00, 0x00, 0x00, 0x01, 0xdf, 0xff, 0xd1, 0x00, 0x00, 0x00, 0x00, 0x00, 0x00, 0x00, 0x0a, 0xff, 0xff, 0x30, 0x00, 0x00, 0x00, 0x00, 0x00, 0x00, 0x00, 0x6f, 0xff, 0xf6, 0x00, 0x00, 0x00, 0x00, 0x00, 0x00, 0x00, 0x03, 0xff, 0xff, 0xa0, 0x00, 0x00, 0x00, 0x00, 0x00, 0x00, 0x00, 0x1e, 0xff, 0xfd, 0x10, 0x00, 0x00, 0x00, 0x00, 0x00, 0x00, 0x00, 0xbf, 0xff, 0xf3, 0x00, 0x00, 0x00, 0x00, 0x00, 0x00, 0x00, 0x07, 0xff, 0xff, 0x60, 0x00, 0x00, 0x00, 0x00, 0x00, 0x00, 0x00, 0x4f, 0xff, 0xfa, 0x00, 0x00, 0x00, 0x00, 0x00, 0x00, 0x00, 0x01, 0xff, 0xff, 0xd1, 0x00, 0x0c, 0xff, 0xf8, 0x00, 0x00, 0x00, 0x0c, 0xff, 0xff, 0x20, 0x00, 0x0c, 0xff, 0xf8, 0x00, 0x00, 0x00, 0x8f, 0xff, 0xf5, 0x00, 0x00, 0x0c, 0xff, 0xf8, 0x00, 0x00, 0x05, 0xff, 0xff, 0x90, 0x00, 0x00, 0x0c, 0xff, 0xf8, 0x00, 0x00, 0x2f, 0xff, 0xff, 0x44, 0x44, 0x44, 0x4d, 0xff, 0xfa, 0x44, 0x43, 0xbf, 0xff, 0xff, 0xff, 0xff, 0xff, 0xff, 0xff, 0xff, 0xff, 0xfc, 0xcf, 0xff, 0xff, 0xff, 0xff, 0xff, 0xff, 0xff, 0xff, 0xff, 0xfc, 0xcf, 0xff, 0xff, 0xff, 0xff, 0xff, 0xff, 0xff, 0xff, 0xff, 0xfc, 0x68, 0x88, 0x88, 0x88, 0x88, 0x88, 0x8e, 0xff, 0xfc, 0x88, 0x86, 0x00, 0x00, 0x00, 0x00, 0x00, 0x00, 0x0c, 0xff, 0xf8, 0x00, 0x00, 0x00, 0x00, 0x00, 0x00, 0x00, 0x00, 0x0c, 0xff, 0xf8, 0x00, 0x00, 0x00, 0x00, 0x00, 0x00, 0x00, 0x00, 0x0c, 0xff, 0xf8, 0x00, 0x00, 0x00, 0x00, 0x00, 0x00, 0x00, 0x00, 0x0c, 0xff, 0xf8, 0x00, 0x00, 0x00, 0x00, 0x00, 0x00, 0x00, 0x00, 0x0c, 0xff, 0xf8, 0x00, 0x00,
    /* U+0035 */ 0x00, 0x07, 0xcc, 0xcc, 0xcc, 0xcc, 0xcc, 0xcc, 0xc6, 0x00, 0x00, 0xcf, 0xff, 0xff, 0xff, 0xff, 0xff, 0xff, 0x80, 0x00, 0x0c, 0xff, 0xff, 0xff, 0xff, 0xff, 0xff, 0xf8, 0x00, 0x00, 0xef, 0xff, 0xff, 0xff, 0xff, 0xff, 0xff, 0x80, 0x00, 0x0f, 0xff, 0xf2, 0x00, 0x00, 0x00, 0x00, 0x00, 0x00, 0x00, 0xff, 0xff, 0x00, 0x00, 0x00, 0x00, 0x00, 0x00, 0x00, 0x4f, 0xff, 0xf0, 0x00, 0x00, 0x00, 0x00, 0x00, 0x00, 0x04, 0xff, 0xfd, 0x00, 0x00, 0x00, 0x00, 0x00, 0x00, 0x00, 0x5f, 0xff, 0xc0, 0x00, 0x00, 0x00, 0x00, 0x00, 0x00, 0x08, 0xff, 0xfe, 0x88, 0x88, 0x84, 0x10, 0x00, 0x00, 0x00, 0x8f, 0xff, 0xff, 0xff, 0xff, 0xff, 0xb4, 0x00, 0x00, 0x0a, 0xff, 0xff, 0xff, 0xff, 0xff, 0xff, 0xf9, 0x00, 0x00, 0xcf, 0xff, 0xff, 0xff, 0xff, 0xff, 0xff, 0xf8, 0x00, 0x03, 0x44, 0x44, 0x44, 0x45, 0x9e, 0xff, 0xff, 0xf2, 0x00, 0x00, 0x00, 0x00, 0x00, 0x00, 0x0a, 0xff, 0xff, 0x70, 0x00, 0x00, 0x00, 0x00, 0x00, 0x00, 0x0e, 0xff, 0xfc, 0x00, 0x00, 0x00, 0x00, 0x00, 0x00, 0x00, 0xcf, 0xff, 0xc0, 0x00, 0x00, 0x00, 0x00, 0x00, 0x00, 0x0c, 0xff, 0xfc, 0x00, 0x91, 0x00, 0x00, 0x00, 0x00, 0x02, 0xff, 0xff, 0x90, 0x7f, 0xf8, 0x20, 0x00, 0x00, 0x03, 0xdf, 0xff, 0xf4, 0x1f, 0xff, 0xff, 0xda, 0x88, 0x9d, 0xff, 0xff, 0xfc, 0x06, 0xff, 0xff, 0xff, 0xff, 0xff, 0xff, 0xff, 0xff, 0x20, 0x05, 0xef, 0xff, 0xff, 0xff, 0xff, 0xff, 0xfd, 0x20, 0x00, 0x00, 0x5a, 0xef, 0xff, 0xff, 0xff, 0xb6, 0x00, 0x00, 0x00, 0x00, 0x00, 0x14, 0x44, 0x44, 0x00, 0x00, 0x00, 0x00,
    /* U+0036 */ 0x00, 0x00, 0x00, 0x00, 0x00, 0x02, 0x30, 0x00, 0x00, 0x00, 0x00, 0x00, 0x00, 0x06, 0xbe, 0xff, 0xff, 0xfc, 0x72, 0x00, 0x00, 0x00, 0x05, 0xef, 0xff, 0xff, 0xff, 0xff, 0xff, 0x40, 0x00, 0x00, 0xaf, 0xff, 0xff, 0xff, 0xff, 0xff, 0xfe, 0x00, 0x00, 0x0a, 0xff, 0xff, 0xff, 0xc9, 0x8a, 0xdf, 0xf6, 0x00, 0x00, 0x5f, 0xff, 0xff, 0x71, 0x00, 0x00, 0x02, 0x80, 0x00, 0x01, 0xff, 0xff, 0xf3, 0x00, 0x00, 0x00, 0x00, 0x00, 0x00, 0x07, 0xff, 0xff, 0x40, 0x00, 0x00, 0x00, 0x00, 0x00, 0x00, 0x0d, 0xff, 0xfc, 0x00, 0x00, 0x00, 0x00, 0x00, 0x00, 0x00, 0x1f, 0xff, 0xf6, 0x00, 0x00, 0x00, 0x00, 0x00, 0x00, 0x00, 0x4f, 0xff, 0xf2, 0x01, 0x58, 0xcc, 0xa8, 0x30, 0x00, 0x00, 0x7f, 0xff, 0xf0, 0x8f, 0xff, 0xff, 0xff, 0xfc, 0x40, 0x00, 0x8f, 0xff, 0xfc, 0xff, 0xff, 0xff, 0xff, 0xff, 0xf6, 0x00, 0x8f, 0xff, 0xff, 0xff, 0xfd, 0xcd, 0xff, 0xff, 0xff, 0x40, 0x8f, 0xff, 0xff, 0xf9, 0x10, 0x00, 0x29, 0xff, 0xff, 0xe0, 0x7f, 0xff, 0xff, 0x70, 0x00, 0x00, 0x00, 0x8f, 0xff, 0xf3, 0x4f, 0xff, 0xfe, 0x00, 0x00, 0x00, 0x00, 0x0f, 0xff, 0xf7, 0x2f, 0xff, 0xfc, 0x00, 0x00, 0x00, 0x00, 0x0c, 0xff, 0xf8, 0x0e, 0xff, 0xfc, 0x00, 0x00, 0x00, 0x00, 0x0d, 0xff, 0xf8, 0x07, 0xff, 0xff, 0x10, 0x00, 0x00, 0x00, 0x2f, 0xff, 0xf4, 0x01, 0xff, 0xff, 0xa0, 0x00, 0x00, 0x01, 0xdf, 0xff, 0xf0, 0x00, 0x6f, 0xff, 0xfe, 0x74, 0x44, 0x7e, 0xff, 0xff, 0x80, 0x00, 0x0a, 0xff, 0xff, 0xff, 0xff, 0xff, 0xff, 0xfa, 0x00, 0x00, 0x00, 0x7f, 0xff, 0xff, 0xff, 0xff, 0xff, 0xa0, 0x00, 0x00, 0x00, 0x02, 0xaf, 0xff, 0xff, 0xff, 0xb4, 0x00, 0x00, 0x00, 0x00, 0x00, 0x00, 0x24, 0x44, 0x40, 0x00, 0x00, 0x00,
    /* U+0037 */ 0x0c, 0xcc, 0xcc, 0xcc, 0xcc, 0xcc, 0xcc, 0xcc, 0xcc, 0xc6, 0x0f, 0xff, 0xff, 0xff, 0xff, 0xff, 0xff, 0xff, 0xff, 0xf8, 0x0f, 0xff, 0xff, 0xff, 0xff, 0xff, 0xff, 0xff, 0xff, 0xf8, 0x0f, 0xff, 0xff, 0xff, 0xff, 0xff, 0xff, 0xff, 0xff, 0xf5, 0x0f, 0xff, 0xf0, 0x00, 0x00, 0x00, 0x00, 0xef, 0xff, 0xe0, 0x0f, 0xff, 0xf0, 0x00, 0x00, 0x00, 0x04, 0xff, 0xff, 0x60, 0x0f, 0xff, 0xf0, 0x00, 0x00, 0x00, 0x0c, 0xff, 0xff, 0x10, 0x0f, 0xff, 0xf0, 0x00, 0x00, 0x00, 0x2f, 0xff, 0xf8, 0x00, 0x00, 0x00, 0x00, 0x00, 0x00, 0x00, 0xaf, 0xff, 0xf2, 0x00, 0x00, 0x00, 0x00, 0x00, 0x00, 0x01, 0xff, 0xff, 0xa0, 0x00, 0x00, 0x00, 0x00, 0x00, 0x00, 0x08, 0xff, 0xff, 0x30, 0x00, 0x00, 0x00, 0x00, 0x00, 0x00, 0x0f, 0xff, 0xfc, 0x00, 0x00, 0x00, 0x00, 0x00, 0x00, 0x00, 0x6f, 0xff, 0xf5, 0x00, 0x00, 0x00, 0x00, 0x00, 0x00, 0x00, 0xef, 0xff, 0xe0, 0x00, 0x00, 0x00, 0x00, 0x00, 0x00, 0x04, 0xff, 0xff, 0x60, 0x00, 0x00, 0x00, 0x00, 0x00, 0x00, 0x0c, 0xff, 0xff, 0x10, 0x00, 0x00, 0x00, 0x00, 0x00, 0x00, 0x3f, 0xff, 0xf8, 0x00, 0x00, 0x00, 0x00, 0x00, 0x00, 0x00, 0xaf, 0xff, 0xf2, 0x00, 0x00, 0x00, 0x00, 0x00, 0x00, 0x02, 0xff, 0xff, 0xa0, 0x00, 0x00, 0x00, 0x00, 0x00, 0x00, 0x08, 0xff, 0xff, 0x30, 0x00, 0x00, 0x00, 0x00, 0x00, 0x00, 0x1f, 0xff, 0xfc, 0x00, 0x00, 0x00, 0x00, 0x00, 0x00, 0x00, 0x6f, 0xff, 0xf5, 0x00, 0x00, 0x00, 0x00, 0x00, 0x00, 0x00, 0xef, 0xff, 0xe0, 0x00, 0x00, 0x00, 0x00, 0x00, 0x00, 0x05, 0xff, 0xff, 0x60, 0x00, 0x00, 0x00, 0x00,
    /* U+0038 */ 0x00, 0x00, 0x00, 0x00, 0x03, 0x30, 0x00, 0x00, 0x00, 0x00, 0x00, 0x00, 0x06, 0xbf, 0xff, 0xff, 0xfb, 0x61, 0x00, 0x00, 0x00, 0x03, 0xef, 0xff, 0xff, 0xff, 0xff, 0xff, 0x50, 0x00, 0x00, 0x5f, 0xff, 0xff, 0xff, 0xff, 0xff, 0xff, 0xf6, 0x00, 0x01, 0xff, 0xff, 0xfd, 0x85, 0x48, 0xcf, 0xff, 0xff, 0x30, 0x07, 0xff, 0xff, 0x70, 0x00, 0x00, 0x06, 0xff, 0xff, 0xa0, 0x0c, 0xff, 0xfd, 0x00, 0x00, 0x00, 0x00, 0xaf, 0xff, 0xe0, 0x0c, 0xff, 0xf8, 0x00, 0x00, 0x00, 0x00, 0x8f, 0xff, 0xf0, 0x0c, 0xff, 0xfb, 0x00, 0x00, 0x00, 0x00, 0x8f, 0xff, 0xe0, 0x07, 0xff, 0xff, 0x30, 0x00, 0x00, 0x01, 0xff, 0xff, 0xa0, 0x01, 0xff, 0xff, 0xf8, 0x20, 0x02, 0x6e, 0xff, 0xff, 0x20, 0x00, 0x3f, 0xff, 0xff, 0xff, 0xff, 0xff, 0xff, 0xf6, 0x00, 0x00, 0x04, 0xff, 0xff, 0xff, 0xff, 0xff, 0xff, 0x60, 0x00, 0x00, 0x7f, 0xff, 0xff, 0xff, 0xff, 0xff, 0xff, 0xf9, 0x00, 0x07, 0xff, 0xff, 0xfa, 0x54, 0x45, 0x9f, 0xff, 0xff, 0x90, 0x1f, 0xff, 0xfd, 0x20, 0x00, 0x00, 0x01, 0xcf, 0xff, 0xf4, 0x7f, 0xff, 0xf2, 0x00, 0x00, 0x00, 0x00, 0x1f, 0xff, 0xfa, 0x9f, 0xff, 0xd0, 0x00, 0x00, 0x00, 0x00, 0x0c, 0xff, 0xfc, 0xaf, 0xff, 0xd0, 0x00, 0x00, 0x00, 0x00, 0x0c, 0xff, 0xfc, 0x8f, 0xff, 0xf2, 0x00, 0x00, 0x00, 0x00, 0x1f, 0xff, 0xfb, 0x3f, 0xff, 0xfd, 0x10, 0x00, 0x00, 0x00, 0xaf, 0xff, 0xf6, 0x0c, 0xff, 0xff, 0xf9, 0x44, 0x44, 0x7e, 0xff, 0xff, 0xe1, 0x02, 0xff, 0xff, 0xff, 0xff, 0xff, 0xff, 0xff, 0xff, 0x30, 0x00, 0x1c, 0xff, 0xff, 0xff, 0xff, 0xff, 0xff, 0xd3, 0x00, 0x00, 0x00, 0x4b, 0xff, 0xff, 0xff, 0xff, 0xb6, 0x00, 0x00, 0x00, 0x00, 0x00, 0x03, 0x44, 0x44, 0x30, 0x00, 0x00, 0x00,
    /* U+0039 */ 0x00, 0x00, 0x00, 0x00, 0x04, 0x00, 0x00, 0x00, 0x00, 0x00, 0x00, 0x00, 0x06, 0xbf, 0xff, 0xff, 0xd8, 0x20, 0x00, 0x00, 0x00, 0x03, 0xef, 0xff, 0xff, 0xff, 0xff, 0xf8, 0x00, 0x00, 0x00, 0x3f, 0xff, 0xff, 0xff, 0xff, 0xff, 0xff, 0xa0, 0x00, 0x01, 0xff, 0xff, 0xfc, 0x84, 0x69, 0xef, 0xff, 0xf9, 0x00, 0x09, 0xff, 0xff, 0x60, 0x00, 0x00, 0x0a, 0xff, 0xff, 0x40, 0x0f, 0xff, 0xf8, 0x00, 0x00, 0x00, 0x00, 0xcf, 0xff, 0xb0, 0x2f, 0xff, 0xf4, 0x00, 0x00, 0x00, 0x00, 0x7f, 0xff, 0xf2, 0x4f, 0xff, 0xf1, 0x00, 0x00, 0x00, 0x00, 0x4f, 0xff, 0xf6, 0x2f, 0xff, 0xf4, 0x00, 0x00, 0x00, 0x00, 0x8f, 0xff, 0xf9, 0x0f, 0xff, 0xfb, 0x00, 0x00, 0x00, 0x01, 0xff, 0xff, 0xfc, 0x0a, 0xff, 0xff, 0xa1, 0x00, 0x00, 0x3d, 0xff, 0xff, 0xfc, 0x02, 0xff, 0xff, 0xff, 0xc8, 0x9d, 0xff, 0xff, 0xff, 0xfc, 0x00, 0x5f, 0xff, 0xff, 0xff, 0xff, 0xff, 0xff, 0xff, 0xfc, 0x00, 0x03, 0xdf, 0xff, 0xff, 0xff, 0xfe, 0x4c, 0xff, 0xfc, 0x00, 0x00, 0x05, 0x9c, 0xee, 0xca, 0x50, 0x0c, 0xff, 0xfa, 0x00, 0x00, 0x00, 0x00, 0x00, 0x00, 0x00, 0x0f, 0xff, 0xf7, 0x00, 0x00, 0x00, 0x00, 0x00, 0x00, 0x00, 0x5f, 0xff, 0xf3, 0x00, 0x00, 0x00, 0x00, 0x00, 0x00, 0x00, 0xdf, 0xff, 0xd0, 0x00, 0x00, 0x00, 0x00, 0x00, 0x00, 0x0a, 0xff, 0xff, 0x60, 0x00, 0x04, 0x10, 0x00, 0x00, 0x01, 0xbf, 0xff, 0xfd, 0x00, 0x00, 0x1f, 0xfb, 0x87, 0x78, 0xbf, 0xff, 0xff, 0xf2, 0x00, 0x00, 0x8f, 0xff, 0xff, 0xff, 0xff, 0xff, 0xff, 0x30, 0x00, 0x00, 0xff, 0xff, 0xff, 0xff, 0xff, 0xff, 0xc2, 0x00, 0x00, 0x00, 0x2a, 0xef, 0xff, 0xff, 0xff, 0xa4, 0x00, 0x00, 0x00, 0x00, 0x00, 0x02, 0x44, 0x44, 0x30, 0x00, 0x00, 0x00, 0x00,
    /* U+003A */ 0x00, 0x44, 0x10, 0x1d, 0xff, 0xf3, 0x7f, 0xff, 0xfd, 0xaf, 0xff, 0xff, 0x7f, 0xff, 0xfb, 0x1c, 0xff, 0xe3, 0x00, 0x34, 0x00, 0x00, 0x00, 0x00, 0x00, 0x00, 0x00, 0x00, 0x00, 0x00, 0x00, 0x00, 0x00, 0x00, 0x00, 0x00, 0x00, 0x00, 0x00, 0x01, 0x56, 0x20, 0x1d, 0xff, 0xf4, 0x7f, 0xff, 0xfd, 0xbf, 0xff, 0xff, 0x7f, 0xff, 0xfb, 0x0b, 0xff, 0xe3, 0x00, 0x34, 0x00,
};

static const lv_font_fmt_txt_glyph_dsc_t glyph_dsc_clock_34[] = {
    {.bitmap_index = 0, .adv_w = 0, .box_w = 0, .box_h = 0, .ofs_x = 0, .ofs_y = 0},
    {.bitmap_index = 0, .adv_w = 150, .box_w = 0, .box_h = 0, .ofs_x = 0, .ofs_y = 0},
    {.bitmap_index = 0, .adv_w = 209, .box_w = 11, .box_h = 5, .ofs_x = 1, .ofs_y = 7},
    {.bitmap_index = 28, .adv_w = 366, .box_w = 21, .box_h = 26, .ofs_x = 1, .ofs_y = -1},
    {.bitmap_index = 301, .adv_w = 207, .box_w = 10, .box_h = 24, .ofs_x = 0, .ofs_y = 0},
    {.bitmap_index = 421, .adv_w = 317, .box_w = 19, .box_h = 25, .ofs_x = 0, .ofs_y = 0},
    {.bitmap_index = 659, .adv_w = 317, .box_w = 19, .box_h = 25, .ofs_x = 0, .ofs_y = -1},
    {.bitmap_index = 897, .adv_w = 369, .box_w = 22, .box_h = 24, .ofs_x = 1, .ofs_y = 0},
    {.bitmap_index = 1161, .adv_w = 318, .box_w = 19, .box_h = 25, .ofs_x = 0, .ofs_y = -1},
    {.bitmap_index = 1399, .adv_w = 341, .box_w = 20, .box_h = 26, .ofs_x = 1, .ofs_y = -1},
    {.bitmap_index = 1659, .adv_w = 331, .box_w = 20, .box_h = 24, .ofs_x = 0, .ofs_y = 0},
    {.bitmap_index = 1899, .adv_w = 355, .box_w = 20, .box_h = 26, .ofs_x = 1, .ofs_y = -1},
    {.bitmap_index = 2159, .adv_w = 341, .box_w = 20, .box_h = 26, .ofs_x = 0, .ofs_y = -1},
    {.bitmap_index = 2419, .adv_w = 133, .box_w = 6, .box_h = 20, .ofs_x = 1, .ofs_y = -1},
};

static const lv_font_fmt_txt_cmap_t cmaps_clock_34[] = {
    {.range_start = 0x20, .range_length = 1, .glyph_id_start = 1, .unicode_list = NULL, .glyph_id_ofs_list = NULL, .list_length = 0, .type = LV_FONT_FMT_TXT_CMAP_FORMAT0_TINY},
    {.range_start = 0x2D, .range_length = 1, .glyph_id_start = 2, .unicode_list = NULL, .glyph_id_ofs_list = NULL, .list_length = 0, .type = LV_FONT_FMT_TXT_CMAP_FORMAT0_TINY},
    {.range_start = 0x30, .range_length = 11, .glyph_id_start = 3, .unicode_list = NULL, .glyph_id_ofs_list = NULL, .list_length = 0, .type = LV_FONT_FMT_TXT_CMAP_FORMAT0_TINY},
};

static const lv_font_fmt_txt_dsc_t font_dsc_clock_34 = {
    .glyph_bitmap = glyph_bitmap_clock_34, .glyph_dsc = glyph_dsc_clock_34, .cmaps = cmaps_clock_34,
    .kern_dsc = NULL, .kern_scale = 0, .cmap_num = 3, .bpp = 4, .kern_classes = 0,
    .bitmap_format = 0,
};

const lv_font_t bed_font_clock_34 = {
    .get_glyph_dsc = lv_font_get_glyph_dsc_fmt_txt,
    .get_glyph_bitmap = lv_font_get_bitmap_fmt_txt,
    .line_height = 42, .base_line = 9, .subpx = LV_FONT_SUBPX_NONE,
    .underline_position = 0, .underline_thickness = 0, .dsc = &font_dsc_clock_34,
    .fallback = NULL,
};


static LV_ATTRIBUTE_LARGE_CONST const uint8_t glyph_bitmap_clock_40[] = {
    /* U+002D */ 0x34, 0x44, 0x44, 0x44, 0x44, 0x41, 0xcf, 0xff, 0xff, 0xff, 0xff, 0xf4, 0xcf, 0xff, 0xff, 0xff, 0xff, 0xf4, 0xcf, 0xff, 0xff, 0xff, 0xff, 0xf4, 0xcf, 0xff, 0xff, 0xff, 0xff, 0xf4,
    /* U+0030 */ 0x00, 0x00, 0x00, 0x00, 0x01, 0x45, 0x85, 0x40, 0x00, 0x00, 0x00, 0x00, 0x00, 0x00, 0x00, 0x00, 0x4b, 0xff, 0xff, 0xff, 0xfb, 0x40, 0x00, 0x00, 0x00, 0x00, 0x00, 0x01, 0xcf, 0xff, 0xff, 0xff, 0xff, 0xff, 0xb1, 0x00, 0x00, 0x00, 0x00, 0x03, 0xff, 0xff, 0xff, 0xff, 0xff, 0xff, 0xff, 0xd1, 0x00, 0x00, 0x00, 0x01, 0xff, 0xff, 0xff, 0xff, 0xff, 0xff, 0xff, 0xff, 0xd1, 0x00, 0x00, 0x00, 0xcf, 0xff, 0xff, 0xe7, 0x43, 0x48, 0xff, 0xff, 0xff, 0xb0, 0x00, 0x00, 0x5f, 0xff, 0xff, 0xa1, 0x00, 0x00, 0x01, 0xdf, 0xff, 0xff, 0x40, 0x00, 0x0e, 0xff, 0xff, 0xd0, 0x00, 0x00, 0x00, 0x01, 0xef, 0xff, 0xfc, 0x00, 0x03, 0xff, 0xff, 0xf4, 0x00, 0x00, 0x00, 0x00, 0x04, 0xff, 0xff, 0xf2, 0x00, 0x9f, 0xff, 0xfd, 0x00, 0x00, 0x00, 0x00, 0x00, 0x0e, 0xff, 0xff, 0x70, 0x0c, 0xff, 0xff, 0x80, 0x00, 0x00, 0x00, 0x00, 0x00, 0x9f, 0xff, 0xfb, 0x00, 0xff, 0xff, 0xf4, 0x00, 0x00, 0x00, 0x00, 0x00, 0x06, 0xff, 0xff, 0xe0, 0x1f, 0xff, 0xff, 0x20, 0x00, 0x00, 0x00, 0x00, 0x00, 0x4f, 0xff, 0xff, 0x04, 0xff, 0xff, 0xf0, 0x00, 0x00, 0x00, 0x00, 0x00, 0x02, 0xff, 0xff, 0xf1, 0x4f, 0xff, 0xff, 0x00, 0x00, 0x00, 0x00, 0x00, 0x00, 0x0f, 0xff, 0xff, 0x44, 0xff, 0xff, 0xf0, 0x00, 0x00, 0x00, 0x00, 0x00, 0x00, 0xff, 0xff, 0xf4, 0x4f, 0xff, 0xff, 0x00, 0x00, 0x00, 0x00, 0x00, 0x00, 0x2f, 0xff, 0xff, 0x11, 0xff, 0xff, 0xf2, 0x00, 0x00, 0x00, 0x00, 0x00, 0x04, 0xff, 0xff, 0xf0, 0x0f, 0xff, 0xff, 0x40, 0x00, 0x00, 0x00, 0x00, 0x00, 0x6f, 0xff, 0xfe, 0x00, 0xcf, 0xff, 0xf8, 0x00, 0x00, 0x00, 0x00, 0x00, 0x09, 0xff, 0xff, 0xb0, 0x09, 0xff, 0xff, 0xd0, 0x00, 0x00, 0x00, 0x00, 0x00, 0xef, 0xff, 0xf7, 0x00, 0x3f, 0xff, 0xff, 0x40, 0x00, 0x00, 0x00, 0x00, 0x4f, 0xff, 0xff, 0x20, 0x00, 0xef, 0xff, 0xfd, 0x00, 0x00, 0x00, 0x00, 0x1e, 0xff, 0xff, 0xc0, 0x00, 0x05, 0xff, 0xff, 0xfa, 0x10, 0x00, 0x00, 0x1d, 0xff, 0xff, 0xf4, 0x00, 0x00, 0x0c, 0xff, 0xff, 0xfe, 0x74, 0x34, 0x8f, 0xff, 0xff, 0xfb, 0x00, 0x00, 0x00, 0x1f, 0xff, 0xff, 0xff, 0xff, 0xff, 0xff, 0xff, 0xfd, 0x10, 0x00, 0x00, 0x00, 0x3f, 0xff, 0xff, 0xff, 0xff, 0xff, 0xff, 0xfd, 0x10, 0x00, 0x00, 0x00, 0x00, 0x1c, 0xff, 0xff, 0xff, 0xff, 0xff, 0xfb, 0x10, 0x00, 0x00, 0x00, 0x00, 0x00, 0x04, 0xbf, 0xff, 0xff, 0xff, 0xb4, 0x00, 0x00, 0x00, 0x00, 0x00, 0x00, 0x00, 0x00, 0x14, 0x58, 0x54, 0x00, 0x00, 0x00, 0x00, 0x00,
    /* U+0031 */ 0xcf, 0xff, 0xff, 0xff, 0xff, 0xf8, 0xcf, 0xff, 0xff, 0xff, 0xff, 0xf8, 0xcf, 0xff, 0xff, 0xff, 0xff, 0xf8, 0xcf, 0xff, 0xff, 0xff, 0xff, 0xf8, 0x34, 0x44, 0x44, 0xdf, 0xff, 0xf8, 0x00, 0x00, 0x00, 0xcf, 0xff, 0xf8, 0x00, 0x00, 0x00, 0xcf, 0xff, 0xf8, 0x00, 0x00, 0x00, 0xcf, 0xff, 0xf8, 0x00, 0x00, 0x00, 0xcf, 0xff, 0xf8, 0x00, 0x00, 0x00, 0xcf, 0xff, 0xf8, 0x00, 0x00, 0x00, 0xcf, 0xff, 0xf8, 0x00, 0x00, 0x00, 0xcf, 0xff, 0xf8, 0x00, 0x00, 0x00, 0xcf, 0xff, 0xf8, 0x00, 0x00, 0x00, 0xcf, 0xff, 0xf8, 0x00, 0x00, 0x00, 0xcf, 0xff, 0xf8, 0x00, 0x00, 0x00, 0xcf, 0xff, 0xf8, 0x00, 0x00, 0x00, 0xcf, 0xff, 0xf8, 0x00, 0x00, 0x00, 0xcf, 0xff, 0xf8, 0x00, 0x00, 0x00, 0xcf, 0xff, 0xf8, 0x00, 0x00, 0x00, 0xcf, 0xff, 0xf8, 0x00, 0x00, 0x00, 0xcf, 0xff, 0xf8, 0x00, 0x00, 0x00, 0xcf, 0xff, 0xf8, 0x00, 0x00, 0x00, 0xcf, 0xff, 0xf8, 0x00, 0x00, 0x00, 0xcf, 0xff, 0xf8, 0x00, 0x00, 0x00, 0xcf, 0xff, 0xf8, 0x00, 0x00, 0x00, 0xcf, 0xff, 0xf8, 0x00, 0x00, 0x00, 0xcf, 0xff, 0xf8, 0x00, 0x00, 0x00, 0xcf, 0xff, 0xf8,
    /* U+0032 */ 0x00, 0x00, 0x00, 0x01, 0x44, 0x87, 0x44, 0x00, 0x00, 0x00, 0x00, 0x00, 0x00, 0x02, 0x7d, 0xff, 0xff, 0xff, 0xff, 0xb4, 0x00, 0x00, 0x00, 0x00, 0x18, 0xff, 0xff, 0xff, 0xff, 0xff, 0xff, 0xfc, 0x10, 0x00, 0x00, 0x3d, 0xff, 0xff, 0xff, 0xff, 0xff, 0xff, 0xff, 0xff, 0x20, 0x00, 0x3f, 0xff, 0xff, 0xff, 0xff, 0xff, 0xff, 0xff, 0xff, 0xfd, 0x00, 0x05, 0xff, 0xff, 0xff, 0x95, 0x43, 0x45, 0xaf, 0xff, 0xff, 0xf6, 0x00, 0x03, 0xef, 0xf9, 0x10, 0x00, 0x00, 0x00, 0x4f, 0xff, 0xff, 0xb0, 0x00, 0x01, 0xb6, 0x00, 0x00, 0x00, 0x00, 0x00, 0xaf, 0xff, 0xfe, 0x00, 0x00, 0x00, 0x00, 0x00, 0x00, 0x00, 0x00, 0x05, 0xff, 0xff, 0xf0, 0x00, 0x00, 0x00, 0x00, 0x00, 0x00, 0x00, 0x00, 0x4f, 0xff, 0xff, 0x00, 0x00, 0x00, 0x00, 0x00, 0x00, 0x00, 0x00, 0x07, 0xff, 0xff, 0xc0, 0x00, 0x00, 0x00, 0x00, 0x00, 0x00, 0x00, 0x00, 0xdf, 0xff, 0xf9, 0x00, 0x00, 0x00, 0x00, 0x00, 0x00, 0x00, 0x00, 0x5f, 0xff, 0xff, 0x30, 0x00, 0x00, 0x00, 0x00, 0x00, 0x00, 0x00, 0x3f, 0xff, 0xff, 0xb0, 0x00, 0x00, 0x00, 0x00, 0x00, 0x00, 0x00, 0x3f, 0xff, 0xff, 0xf1, 0x00, 0x00, 0x00, 0x00, 0x00, 0x00, 0x00, 0x3f, 0xff, 0xff, 0xf3, 0x00, 0x00, 0x00, 0x00, 0x00, 0x00, 0x00, 0x3f, 0xff, 0xff, 0xf6, 0x00, 0x00, 0x00, 0x00, 0x00, 0x00, 0x00, 0x3f, 0xff, 0xff, 0xf6, 0x00, 0x00, 0x00, 0x00, 0x00, 0x00, 0x00, 0x3f, 0xff, 0xff, 0xf5, 0x00, 0x00, 0x00, 0x00, 0x00, 0x00, 0x00, 0x6f, 0xff, 0xff, 0xf3, 0x00, 0x00, 0x00, 0x00, 0x00, 0x00, 0x00, 0x6f, 0xff, 0xff, 0xf3, 0x00, 0x00, 0x00, 0x00, 0x00, 0x00, 0x00, 0x6f, 0xff, 0xff, 0xf3, 0x00, 0x00, 0x00, 0x00, 0x00, 0x00, 0x00, 0x6f, 0xff, 0xff, 0xf3, 0x00, 0x00, 0x00, 0x00, 0x00, 0x00, 0x00, 0x6f, 0xff, 0xff, 0xd3, 0x00, 0x00, 0x00, 0x00, 0x00, 0x00, 0x00, 0xaf, 0xff, 0xff, 0xf9, 0x88, 0x88, 0x88, 0x88, 0x88, 0x88, 0x00, 0x7f, 0xff, 0xff, 0xff, 0xff, 0xff, 0xff, 0xff, 0xff, 0xff, 0xf0, 0x08, 0xff, 0xff, 0xff, 0xff, 0xff, 0xff, 0xff, 0xff, 0xff, 0xff, 0x00, 0x8f, 0xff, 0xff, 0xff, 0xff, 0xff, 0xff, 0xff, 0xff, 0xff, 0xf0, 0x08, 0xff, 0xff, 0xff, 0xff, 0xff, 0xff, 0xff, 0xff, 0xff, 0xff, 0x00,
    /* U+0033 */ 0x08, 0xff, 0xff, 0xff, 0xff, 0xff, 0xff, 0xff, 0xff, 0xff, 0x80, 0x08, 0xff, 0xff, 0xff, 0xff, 0xff, 0xff, 0xff, 0xff, 0xff, 0x80, 0x08, 0xff, 0xff, 0xff, 0xff, 0xff, 0xff, 0xff, 0xff, 0xff, 0x80, 0x08, 0xff, 0xff, 0xff, 0xff, 0xff, 0xff, 0xff, 0xff, 0xff, 0x60, 0x02, 0x44, 0x44, 0x44, 0x44, 0x44, 0x45, 0xff, 0xff, 0xfa, 0x00, 0x00, 0x00, 0x00, 0x00, 0x00, 0x00, 0x1d, 0xff, 0xff, 0xd0, 0x00, 0x00, 0x00, 0x00, 0x00, 0x00, 0x00, 0xaf, 0xff, 0xfd, 0x10, 0x00, 0x00, 0x00, 0x00, 0x00, 0x00, 0x09, 0xff, 0xff, 0xf3, 0x00, 0x00, 0x00, 0x00, 0x00, 0x00, 0x00, 0x6f, 0xff, 0xff, 0x40, 0x00, 0x00, 0x00, 0x00, 0x00, 0x00, 0x03, 0xff, 0xff, 0xf6, 0x00, 0x00, 0x00, 0x00, 0x00, 0x00, 0x00, 0x2f, 0xff, 0xff, 0xa0, 0x00, 0x00, 0x00, 0x00, 0x00, 0x00, 0x01, 0xdf, 0xff, 0xff, 0x41, 0x00, 0x00, 0x00, 0x00, 0x00, 0x00, 0x04, 0xff, 0xff, 0xff, 0xff, 0xd6, 0x00, 0x00, 0x00, 0x00, 0x00, 0x04, 0xff, 0xff, 0xff, 0xff, 0xff, 0xc1, 0x00, 0x00, 0x00, 0x00, 0x04, 0xff, 0xff, 0xff, 0xff, 0xff, 0xfd, 0x10, 0x00, 0x00, 0x00, 0x02, 0x88, 0x88, 0xbe, 0xff, 0xff, 0xff, 0x90, 0x00, 0x00, 0x00, 0x00, 0x00, 0x00, 0x00, 0x6f, 0xff, 0xff, 0xf2, 0x00, 0x00, 0x00, 0x00, 0x00, 0x00, 0x00, 0x04, 0xff, 0xff, 0xf6, 0x00, 0x00, 0x00, 0x00, 0x00, 0x00, 0x00, 0x00, 0xdf, 0xff, 0xf8, 0x00, 0x00, 0x00, 0x00, 0x00, 0x00, 0x00, 0x00, 0x9f, 0xff, 0xfb, 0x00, 0x00, 0x00, 0x00, 0x00, 0x00, 0x00, 0x00, 0xcf, 0xff, 0xf8, 0x01, 0x91, 0x00, 0x00, 0x00, 0x00, 0x00, 0x02, 0xff, 0xff, 0xf7, 0x08, 0xff, 0x81, 0x00, 0x00, 0x00, 0x00, 0x2d, 0xff, 0xff, 0xf2, 0x1f, 0xff, 0xff, 0xb7, 0x44, 0x24, 0x5a, 0xff, 0xff, 0xff, 0xc0, 0xaf, 0xff, 0xff, 0xff, 0xff, 0xff, 0xff, 0xff, 0xff, 0xff, 0x20, 0x8f, 0xff, 0xff, 0xff, 0xff, 0xff, 0xff, 0xff, 0xff, 0xf3, 0x00, 0x02, 0xaf, 0xff, 0xff, 0xff, 0xff, 0xff, 0xff, 0xfc, 0x30, 0x00, 0x00, 0x02, 0x7c, 0xff, 0xff, 0xff, 0xff, 0xfb, 0x40, 0x00, 0x00, 0x00, 0x00, 0x00, 0x03, 0x46, 0x86, 0x43, 0x00, 0x00, 0x00, 0x00,
    /* U+0034 */ 0x00, 0x00, 0x00, 0x00, 0x00, 0x00, 0x04, 0xff, 0xff, 0xf6, 0x00, 0x00, 0x00, 0x00, 0x00, 0x00, 0x00, 0x00, 0x00, 0x1f, 0xff, 0xff, 0x90, 0x00, 0x00, 0x00, 0x00, 0x00, 0x00, 0x00, 0x00, 0x00, 0xcf, 0xff, 0xfd, 0x00, 0x00, 0x00, 0x00, 0x00, 0x00, 0x00, 0x00, 0x00, 0x08, 0xff, 0xff, 0xf2, 0x00, 0x00, 0x00, 0x00, 0x00, 0x00, 0x00, 0x00, 0x00, 0x5f, 0xff, 0xff, 0x50, 0x00, 0x00, 0x00, 0x00, 0x00, 0x00, 0x00, 0x00, 0x02, 0xff, 0xff, 0xf9, 0x00, 0x00, 0x00, 0x00, 0x00, 0x00, 0x00, 0x00, 0x00, 0x0d, 0xff, 0xff, 0xd0, 0x00, 0x00, 0x00, 0x00, 0x00, 0x00, 0x00, 0x00, 0x00, 0x9f, 0xff, 0xff, 0x20, 0x00, 0x00, 0x00, 0x00, 0x00, 0x00, 0x00, 0x00, 0x06, 0xff, 0xff, 0xf5, 0x00, 0x00, 0x00, 0x00, 0x00, 0x00, 0x00, 0x00, 0x00, 0x3f, 0xff, 0xff, 0x90, 0x00, 0x00, 0x00, 0x00, 0x00, 0x00, 0x00, 0x00, 0x01, 0xdf, 0xff, 0xfd, 0x00, 0x00, 0x00, 0x00, 0x00, 0x00, 0x00, 0x00, 0x00, 0x0a, 0xff, 0xff, 0xf2, 0x00, 0x00, 0x88, 0x88, 0x60, 0x00, 0x00, 0x00, 0x00, 0x6f, 0xff, 0xff, 0x50, 0x00, 0x00, 0xff, 0xff, 0xc0, 0x00, 0x00, 0x00, 0x03, 0xff, 0xff, 0xf9, 0x00, 0x00, 0x00, 0xff, 0xff, 0xc0, 0x00, 0x00, 0x00, 0x1e, 0xff, 0xff, 0xd0, 0x00, 0x00, 0x00, 0xff, 0xff, 0xc0, 0x00, 0x00, 0x00, 0xbf, 0xff, 0xff, 0x20, 0x00, 0x00, 0x00, 0xff, 0xff, 0xc0, 0x00, 0x00, 0x07, 0xff, 0xff, 0xf4, 0x00, 0x00, 0x00, 0x00, 0xff, 0xff, 0xc0, 0x00, 0x00, 0x4f, 0xff, 0xff, 0xfc, 0xcc, 0xcc, 0xcc, 0xcc, 0xff, 0xff, 0xfc, 0xcc, 0xc9, 0xcf, 0xff, 0xff, 0xff, 0xff, 0xff, 0xff, 0xff, 0xff, 0xff, 0xff, 0xff, 0xfc, 0xcf, 0xff, 0xff, 0xff, 0xff, 0xff, 0xff, 0xff, 0xff, 0xff, 0xff, 0xff, 0xfc, 0xcf, 0xff, 0xff, 0xff, 0xff, 0xff, 0xff, 0xff, 0xff, 0xff, 0xff, 0xff, 0xfc, 0x9c, 0xcc, 0xcc, 0xcc, 0xcc, 0xcc, 0xcc, 0xcd, 0xff, 0xff, 0xfc, 0xcc, 0xc9, 0x00, 0x00, 0x00, 0x00, 0x00, 0x00, 0x00, 0x04, 0xff, 0xff, 0xc0, 0x00, 0x00, 0x00, 0x00, 0x00, 0x00, 0x00, 0x00, 0x00, 0x04, 0xff, 0xff, 0xc0, 0x00, 0x00, 0x00, 0x00, 0x00, 0x00, 0x00, 0x00, 0x00, 0x04, 0xff, 0xff, 0xc0, 0x00, 0x00, 0x00, 0x00, 0x00, 0x00, 0x00, 0x00, 0x00, 0x04, 0xff, 0xff, 0xc0, 0x00, 0x00, 0x00, 0x00, 0x00, 0x00, 0x00, 0x00, 0x00, 0x04, 0xff, 0xff, 0xc0, 0x00, 0x00, 0x00, 0x00, 0x00, 0x00, 0x00, 0x00, 0x00, 0x04, 0xff, 0xff, 0xc0, 0x00, 0x00,
    /* U+0035 */ 0x00, 0x00, 0xff, 0xff, 0xff, 0xff, 0xff, 0xff, 0xff, 0xff, 0x80, 0x00, 0x00, 0x1f, 0xff, 0xff, 0xff, 0xff, 0xff, 0xff, 0xff, 0xf8, 0x00, 0x00, 0x04, 0xff, 0xff, 0xff, 0xff, 0xff, 0xff, 0xff, 0xff, 0x80, 0x00, 0x00, 0x4f, 0xff, 0xff, 0xff, 0xff, 0xff, 0xff, 0xff, 0xf8, 0x00, 0x00, 0x06, 0xff, 0xff, 0xa4, 0x44, 0x44, 0x44, 0x44, 0x44, 0x20, 0x00, 0x00, 0x8f, 0xff, 0xf4, 0x00, 0x00, 0x00, 0x00, 0x00, 0x00, 0x00, 0x00, 0x08, 0xff, 0xff, 0x40, 0x00, 0x00, 0x00, 0x00, 0x00, 0x00, 0x00, 0x00, 0xcf, 0xff, 0xf3, 0x00, 0x00, 0x00, 0x00, 0x00, 0x00, 0x00, 0x00, 0x0c, 0xff, 0xff, 0x00, 0x00, 0x00, 0x00, 0x00, 0x00, 0x00, 0x00, 0x00, 0xdf, 0xff, 0xf0, 0x00, 0x00, 0x00, 0x00, 0x00, 0x00, 0x00, 0x00, 0x0f, 0xff, 0xff, 0x44, 0x44, 0x00, 0x00, 0x00, 0x00, 0x00, 0x00, 0x00, 0xff, 0xff, 0xff, 0xff, 0xff, 0xfd, 0xa5, 0x00, 0x00, 0x00, 0x00, 0x3f, 0xff, 0xff, 0xff, 0xff, 0xff, 0xff, 0xff, 0x60, 0x00, 0x00, 0x04, 0xff, 0xff, 0xff, 0xff, 0xff, 0xff, 0xff, 0xff, 0xa0, 0x00, 0x00, 0x4f, 0xff, 0xff, 0xff, 0xff, 0xff, 0xff, 0xff, 0xff, 0x90, 0x00, 0x02, 0x44, 0x44, 0x44, 0x44, 0x48, 0xbf, 0xff, 0xff, 0xff, 0x40, 0x00, 0x00, 0x00, 0x00, 0x00, 0x00, 0x00, 0x1a, 0xff, 0xff, 0xfa, 0x00, 0x00, 0x00, 0x00, 0x00, 0x00, 0x00, 0x00, 0x0b, 0xff, 0xff, 0xf0, 0x00, 0x00, 0x00, 0x00, 0x00, 0x00, 0x00, 0x00, 0x4f, 0xff, 0xff, 0x00, 0x00, 0x00, 0x00, 0x00, 0x00, 0x00, 0x00, 0x03, 0xff, 0xff, 0xf0, 0x00, 0x00, 0x00, 0x00, 0x00, 0x00, 0x00, 0x00, 0x4f, 0xff, 0xff, 0x00, 0x07, 0x50, 0x00, 0x00, 0x00, 0x00, 0x00, 0x0a, 0xff, 0xff, 0xe0, 0x01, 0xff, 0xc4, 0x00, 0x00, 0x00, 0x00, 0x07, 0xff, 0xff, 0xfa, 0x00, 0x9f, 0xff, 0xfe, 0x95, 0x43, 0x34, 0x7d, 0xff, 0xff, 0xff, 0x20, 0x2f, 0xff, 0xff, 0xff, 0xff, 0xff, 0xff, 0xff, 0xff, 0xff, 0x80, 0x03, 0xdf, 0xff, 0xff, 0xff, 0xff, 0xff, 0xff, 0xff, 0xff, 0xa0, 0x00, 0x00, 0x6e, 0xff, 0xff, 0xff, 0xff, 0xff, 0xff, 0xff, 0x70, 0x00, 0x00, 0x00, 0x05, 0xae, 0xff, 0xff, 0xff, 0xff, 0xd7, 0x10, 0x00, 0x00, 0x00, 0x00, 0x00, 0x01, 0x44, 0x88, 0x44, 0x10, 0x00, 0x00, 0x00, 0x00,
    /* U+0036 */ 0x00, 0x00, 0x00, 0x00, 0x00, 0x02, 0x46, 0x86, 0x43, 0x00, 0x00, 0x00, 0x00, 0x00, 0x00, 0x00, 0x4a, 0xff, 0xff, 0xff, 0xff, 0xfb, 0x50, 0x00, 0x00, 0x00, 0x00, 0x3c, 0xff, 0xff, 0xff, 0xff, 0xff, 0xff, 0xf9, 0x00, 0x00, 0x00, 0x06, 0xff, 0xff, 0xff, 0xff, 0xff, 0xff, 0xff, 0xf4, 0x00, 0x00, 0x00, 0x6f, 0xff, 0xff, 0xff, 0xff, 0xff, 0xff, 0xff, 0xd0, 0x00, 0x00, 0x05, 0xff, 0xff, 0xff, 0xd6, 0x30, 0x00, 0x15, 0xaf, 0x60, 0x00, 0x00, 0x1f, 0xff, 0xff, 0xf7, 0x00, 0x00, 0x00, 0x00, 0x02, 0x00, 0x00, 0x00, 0x8f, 0xff, 0xff, 0x40, 0x00, 0x00, 0x00, 0x00, 0x00, 0x00, 0x00, 0x01, 0xff, 0xff, 0xf8, 0x00, 0x00, 0x00, 0x00, 0x00, 0x00, 0x00, 0x00, 0x06, 0xff, 0xff, 0xf1, 0x00, 0x00, 0x00, 0x00, 0x00, 0x00, 0x00, 0x00, 0x0b, 0xff, 0xff, 0x90, 0x00, 0x00, 0x00, 0x00, 0x00, 0x00, 0x00, 0x00, 0x0e, 0xff, 0xff, 0x50, 0x00, 0x02, 0x44, 0x42, 0x00, 0x00, 0x00, 0x00, 0x0f, 0xff, 0xff, 0x20, 0x4a, 0xff, 0xff, 0xff, 0xfa, 0x20, 0x00, 0x00, 0x3f, 0xff, 0xff, 0x1b, 0xff, 0xff, 0xff, 0xff, 0xff, 0xf9, 0x10, 0x00, 0x4f, 0xff, 0xff, 0xdf, 0xff, 0xff, 0xff, 0xff, 0xff, 0xff, 0xd1, 0x00, 0x4f, 0xff, 0xff, 0xff, 0xff, 0xfd, 0xcd, 0xff, 0xff, 0xff, 0xfb, 0x00, 0x4f, 0xff, 0xff, 0xff, 0xf7, 0x10, 0x00, 0x16, 0xff, 0xff, 0xff, 0x40, 0x3f, 0xff, 0xff, 0xff, 0x30, 0x00, 0x00, 0x00, 0x3f, 0xff, 0xff, 0xb0, 0x0f, 0xff, 0xff, 0xf5, 0x00, 0x00, 0x00, 0x00, 0x06, 0xff, 0xff, 0xf0, 0x0e, 0xff, 0xff, 0xf0, 0x00, 0x00, 0x00, 0x00, 0x00, 0xff, 0xff, 0xf0, 0x0b, 0xff, 0xff, 0xc0, 0x00, 0x00, 0x00, 0x00, 0x00, 0xff, 0xff, 0xf0, 0x06, 0xff, 0xff, 0xe0, 0x00, 0x00, 0x00, 0x00, 0x00, 0xff, 0xff, 0xf0, 0x01, 0xff, 0xff, 0xf4, 0x00, 0x00, 0x00, 0x00, 0x05, 0xff, 0xff, 0xe0, 0x00, 0xaf, 0xff, 0xfd, 0x10, 0x00, 0x00, 0x00, 0x1e, 0xff, 0xff, 0x90, 0x00, 0x1f, 0xff, 0xff, 0xd4, 0x00, 0x00, 0x04, 0xef, 0xff, 0xff, 0x20, 0x00, 0x05, 0xff, 0xff, 0xff, 0xfc, 0xcc, 0xff, 0xff, 0xff, 0xf8, 0x00, 0x00, 0x00, 0x6f, 0xff, 0xff, 0xff, 0xff, 0xff, 0xff, 0xff, 0xa0, 0x00, 0x00, 0x00, 0x03, 0xef, 0xff, 0xff, 0xff, 0xff, 0xff, 0xf7, 0x00, 0x00, 0x00, 0x00, 0x00, 0x06, 0xcf, 0xff, 0xff, 0xff, 0xe8, 0x20, 0x00, 0x00, 0x00, 0x00, 0x00, 0x00, 0x00, 0x44, 0x77, 0x42, 0x00, 0x00, 0x00, 0x00,
    /* U+0037 */ 0xff, 0xff, 0xff, 0xff, 0xff, 0xff, 0xff, 0xff, 0xff, 0xff, 0xff, 0xff, 0xff, 0xff, 0xff, 0xff, 0xff, 0xff, 0xff, 0xff, 0xff, 0xff, 0xff, 0xff, 0xff, 0xff, 0xff, 0xff, 0xff, 0xff, 0xff, 0xff, 0xff, 0xff, 0xff, 0xff, 0xff, 0xff, 0xff, 0xff, 0xff, 0xff, 0xff, 0xfe, 0xff, 0xff, 0xf8, 0x88, 0x88, 0x88, 0x88, 0x8a, 0xff, 0xff, 0xf6, 0xff, 0xff, 0xf0, 0x00, 0x00, 0x00, 0x00, 0x08, 0xff, 0xff, 0xf1, 0xff, 0xff, 0xf0, 0x00, 0x00, 0x00, 0x00, 0x1f, 0xff, 0xff, 0x80, 0xff, 0xff, 0xf0, 0x00, 0x00, 0x00, 0x00, 0x6f, 0xff, 0xff, 0x20, 0xff, 0xff, 0xf0, 0x00, 0x00, 0x00, 0x00, 0xef, 0xff, 0xfa, 0x00, 0x44, 0x44, 0x40, 0x00, 0x00, 0x00, 0x05, 0xff, 0xff, 0xf4, 0x00, 0x00, 0x00, 0x00, 0x00, 0x00, 0x00, 0x0c, 0xff, 0xff, 0xc0, 0x00, 0x00, 0x00, 0x00, 0x00, 0x00, 0x00, 0x3f, 0xff, 0xff, 0x60, 0x00, 0x00, 0x00, 0x00, 0x00, 0x00, 0x00, 0xaf, 0xff, 0xfe, 0x00, 0x00, 0x00, 0x00, 0x00, 0x00, 0x00, 0x02, 0xff, 0xff, 0xf7, 0x00, 0x00, 0x00, 0x00, 0x00, 0x00, 0x00, 0x09, 0xff, 0xff, 0xf1, 0x00, 0x00, 0x00, 0x00, 0x00, 0x00, 0x00, 0x1f, 0xff, 0xff, 0x90, 0x00, 0x00, 0x00, 0x00, 0x00, 0x00, 0x00, 0x7f, 0xff, 0xff, 0x20, 0x00, 0x00, 0x00, 0x00, 0x00, 0x00, 0x00, 0xef, 0xff, 0xfa, 0x00, 0x00, 0x00, 0x00, 0x00, 0x00, 0x00, 0x06, 0xff, 0xff, 0xf4, 0x00, 0x00, 0x00, 0x00, 0x00, 0x00, 0x00, 0x0c, 0xff, 0xff, 0xc0, 0x00, 0x00, 0x00, 0x00, 0x00, 0x00, 0x00, 0x4f, 0xff, 0xff, 0x60, 0x00, 0x00, 0x00, 0x00, 0x00, 0x00, 0x00, 0xaf, 0xff, 0xfe, 0x00, 0x00, 0x00, 0x00, 0x00, 0x00, 0x00, 0x02, 0xff, 0xff, 0xf7, 0x00, 0x00, 0x00, 0x00, 0x00, 0x00, 0x00, 0x09, 0xff, 0xff, 0xf1, 0x00, 0x00, 0x00, 0x00, 0x00, 0x00, 0x00, 0x1f, 0xff, 0xff, 0x90, 0x00, 0x00, 0x00, 0x00, 0x00, 0x00, 0x00, 0x7f, 0xff, 0xff, 0x20, 0x00, 0x00, 0x00, 0x00, 0x00, 0x00, 0x00, 0xef, 0xff, 0xfa, 0x00, 0x00, 0x00, 0x00, 0x00, 0x00, 0x00, 0x06, 0xff, 0xff, 0xf4, 0x00, 0x00, 0x00, 0x00, 0x00,
    /* U+0038 */ 0x00, 0x00, 0x00, 0x00, 0x04, 0x48, 0x84, 0x40, 0x00, 0x00, 0x00, 0x00, 0x00, 0x00, 0x01, 0x6d, 0xff, 0xff, 0xff, 0xff, 0xd7, 0x10, 0x00, 0x00, 0x00, 0x00, 0x5e, 0xff, 0xff, 0xff, 0xff, 0xff, 0xff, 0xf5, 0x00, 0x00, 0x00, 0x06, 0xff, 0xff, 0xff, 0xff, 0xff, 0xff, 0xff, 0xff, 0x60, 0x00, 0x00, 0x4f, 0xff, 0xff, 0xff, 0xcc, 0xcc, 0xff, 0xff, 0xff, 0xf5, 0x00, 0x00, 0xdf, 0xff, 0xff, 0x81, 0x00, 0x00, 0x18, 0xff, 0xff, 0xfe, 0x00, 0x03, 0xff, 0xff, 0xf7, 0x00, 0x00, 0x00, 0x00, 0x6f, 0xff, 0xff, 0x40, 0x05, 0xff, 0xff, 0xe0, 0x00, 0x00, 0x00, 0x00, 0x0d, 0xff, 0xff, 0x70, 0x08, 0xff, 0xff, 0xc0, 0x00, 0x00, 0x00, 0x00, 0x0c, 0xff, 0xff, 0x80, 0x04, 0xff, 0xff, 0xd0, 0x00, 0x00, 0x00, 0x00, 0x0c, 0xff, 0xff, 0x70, 0x02, 0xff, 0xff, 0xf4, 0x00, 0x00, 0x00, 0x00, 0x3f, 0xff, 0xff, 0x30, 0x00, 0xbf, 0xff, 0xff, 0x40, 0x00, 0x00, 0x04, 0xff, 0xff, 0xfc, 0x00, 0x00, 0x2f, 0xff, 0xff, 0xfd, 0x98, 0x89, 0xdf, 0xff, 0xff, 0xf2, 0x00, 0x00, 0x03, 0xef, 0xff, 0xff, 0xff, 0xff, 0xff, 0xff, 0xfe, 0x30, 0x00, 0x00, 0x00, 0x7f, 0xff, 0xff, 0xff, 0xff, 0xff, 0xff, 0xf7, 0x00, 0x00, 0x00, 0x1d, 0xff, 0xff, 0xff, 0xff, 0xff, 0xff, 0xff, 0xff, 0xd1, 0x00, 0x01, 0xdf, 0xff, 0xff, 0xfa, 0x74, 0x47, 0xaf, 0xff, 0xff, 0xfd, 0x10, 0x08, 0xff, 0xff, 0xf8, 0x10, 0x00, 0x00, 0x00, 0x8f, 0xff, 0xff, 0xa0, 0x0f, 0xff, 0xff, 0x80, 0x00, 0x00, 0x00, 0x00, 0x07, 0xff, 0xff, 0xf1, 0x4f, 0xff, 0xff, 0x10, 0x00, 0x00, 0x00, 0x00, 0x00, 0xff, 0xff, 0xf5, 0x7f, 0xff, 0xfd, 0x00, 0x00, 0x00, 0x00, 0x00, 0x00, 0xcf, 0xff, 0xf8, 0x6f, 0xff, 0xfe, 0x00, 0x00, 0x00, 0x00, 0x00, 0x00, 0xdf, 0xff, 0xf8, 0x4f, 0xff, 0xff, 0x20, 0x00, 0x00, 0x00, 0x00, 0x02, 0xff, 0xff, 0xf5, 0x0f, 0xff, 0xff, 0xd1, 0x00, 0x00, 0x00, 0x00, 0x1c, 0xff, 0xff, 0xf1, 0x09, 0xff, 0xff, 0xfd, 0x50, 0x00, 0x00, 0x05, 0xdf, 0xff, 0xff, 0xa0, 0x01, 0xef, 0xff, 0xff, 0xff, 0xcc, 0xcc, 0xff, 0xff, 0xff, 0xff, 0x10, 0x00, 0x3f, 0xff, 0xff, 0xff, 0xff, 0xff, 0xff, 0xff, 0xff, 0xf3, 0x00, 0x00, 0x01, 0xaf, 0xff, 0xff, 0xff, 0xff, 0xff, 0xff, 0xfb, 0x10, 0x00, 0x00, 0x00, 0x02, 0x9e, 0xff, 0xff, 0xff, 0xff, 0xe9, 0x30, 0x00, 0x00, 0x00, 0x00, 0x00, 0x00, 0x14, 0x48, 0x84, 0x41, 0x00, 0x00, 0x00, 0x00,
    /* U+0039 */ 0x00, 0x00, 0x00, 0x00, 0x24, 0x67, 0x44, 0x10, 0x00, 0x00, 0x00, 0x00, 0x00, 0x00, 0x01, 0x8e, 0xff, 0xff, 0xff, 0xfd, 0x60, 0x00, 0x00, 0x00, 0x00, 0x00, 0x6f, 0xff, 0xff, 0xff, 0xff, 0xff, 0xfe, 0x50, 0x00, 0x00, 0x00, 0x0a, 0xff, 0xff, 0xff, 0xff, 0xff, 0xff, 0xff, 0xf6, 0x00, 0x00, 0x00, 0x6f, 0xff, 0xff, 0xff, 0xcc, 0xce, 0xff, 0xff, 0xff, 0x60, 0x00, 0x01, 0xff, 0xff, 0xff, 0x60, 0x00, 0x00, 0x4d, 0xff, 0xff, 0xf2, 0x00, 0x07, 0xff, 0xff, 0xf1, 0x00, 0x00, 0x00, 0x01, 0xdf, 0xff, 0xfa, 0x00, 0x0c, 0xff, 0xff, 0x60, 0x00, 0x00, 0x00, 0x00, 0x2f, 0xff, 0xff, 0x20, 0x0f, 0xff, 0xff, 0x10, 0x00, 0x00, 0x00, 0x00, 0x0d, 0xff, 0xff, 0x70, 0x0f, 0xff, 0xff, 0x00, 0x00, 0x00, 0x00, 0x00, 0x0c, 0xff, 0xff, 0xc0, 0x0f, 0xff, 0xff, 0x20, 0x00, 0x00, 0x00, 0x00, 0x0e, 0xff, 0xff, 0xf0, 0x0e, 0xff, 0xff, 0x60, 0x00, 0x00, 0x00, 0x00, 0x4f, 0xff, 0xff, 0xf2, 0x0a, 0xff, 0xff, 0xf3, 0x00, 0x00, 0x00, 0x01, 0xdf, 0xff, 0xff, 0xf4, 0x03, 0xff, 0xff, 0xff, 0x81, 0x00, 0x01, 0x6f, 0xff, 0xff, 0xff, 0xf4, 0x00, 0x9f, 0xff, 0xff, 0xff, 0xec, 0xdf, 0xff, 0xff, 0xff, 0xff, 0xf4, 0x00, 0x0d, 0xff, 0xff, 0xff, 0xff, 0xff, 0xff, 0xfd, 0xff, 0xff, 0xf4, 0x00, 0x00, 0x9f, 0xff, 0xff, 0xff, 0xff, 0xff, 0xc1, 0xff, 0xff, 0xf4, 0x00, 0x00, 0x02, 0xae, 0xff, 0xff, 0xff, 0xb4, 0x00, 0xff, 0xff, 0xf2, 0x00, 0x00, 0x00, 0x00, 0x24, 0x44, 0x30, 0x00, 0x04, 0xff, 0xff, 0xf0, 0x00, 0x00, 0x00, 0x00, 0x00, 0x00, 0x00, 0x00, 0x08, 0xff, 0xff, 0xc0, 0x00, 0x00, 0x00, 0x00, 0x00, 0x00, 0x00, 0x00, 0x0e, 0xff, 0xff, 0x70, 0x00, 0x00, 0x00, 0x00, 0x00, 0x00, 0x00, 0x00, 0x7f, 0xff, 0xff, 0x20, 0x00, 0x00, 0x00, 0x00, 0x00, 0x00, 0x00, 0x03, 0xff, 0xff, 0xfa, 0x00, 0x00, 0x00, 0x20, 0x00, 0x00, 0x00, 0x00, 0x5f, 0xff, 0xff, 0xf2, 0x00, 0x00, 0x04, 0xfa, 0x52, 0x00, 0x02, 0x6c, 0xff, 0xff, 0xff, 0x60, 0x00, 0x00, 0x0c, 0xff, 0xff, 0xff, 0xff, 0xff, 0xff, 0xff, 0xfa, 0x00, 0x00, 0x00, 0x4f, 0xff, 0xff, 0xff, 0xff, 0xff, 0xff, 0xff, 0x70, 0x00, 0x00, 0x00, 0x9f, 0xff, 0xff, 0xff, 0xff, 0xff, 0xff, 0xc4, 0x00, 0x00, 0x00, 0x00, 0x04, 0xaf, 0xff, 0xff, 0xff, 0xff, 0xa4, 0x00, 0x00, 0x00, 0x00, 0x00, 0x00, 0x00, 0x24, 0x58, 0x64, 0x30, 0x00, 0x00, 0x00, 0x00, 0x00,
    /* U+003A */ 0x00, 0x68, 0x84, 0x00, 0x0a, 0xff, 0xff, 0x60, 0x3f, 0xff, 0xff, 0xf0, 0x7f, 0xff, 0xff, 0xf3, 0x5f, 0xff, 0xff, 0xf1, 0x0e, 0xff, 0xff, 0xb0, 0x02, 0xcf, 0xfa, 0x10, 0x00, 0x00, 0x00, 0x00, 0x00, 0x00, 0x00, 0x00, 0x00, 0x00, 0x00, 0x00, 0x00, 0x00, 0x00, 0x00, 0x00, 0x00, 0x00, 0x00, 0x00, 0x00, 0x00, 0x00, 0x00, 0x00, 0x00, 0x00, 0x00, 0x00, 0x00, 0x00, 0x00, 0x24, 0x41, 0x00, 0x06, 0xff, 0xff, 0x30, 0x2f, 0xff, 0xff, 0xe0, 0x6f, 0xff, 0xff, 0xf2, 0x6f, 0xff, 0xff, 0xf2, 0x1f, 0xff, 0xff, 0xc0, 0x05, 0xff, 0xfd, 0x30, 0x00, 0x14, 0x40, 0x00,
};

static const lv_font_fmt_txt_glyph_dsc_t glyph_dsc_clock_40[] = {
    {.bitmap_index = 0, .adv_w = 0, .box_w = 0, .box_h = 0, .ofs_x = 0, .ofs_y = 0},
    {.bitmap_index = 0, .adv_w = 177, .box_w = 0, .box_h = 0, .ofs_x = 0, .ofs_y = 0},
    {.bitmap_index = 0, .adv_w = 246, .box_w = 12, .box_h = 5, .ofs_x = 2, .ofs_y = 9},
    {.bitmap_index = 30, .adv_w = 431, .box_w = 25, .box_h = 30, .ofs_x = 1, .ofs_y = -1},
    {.bitmap_index = 405, .adv_w = 244, .box_w = 12, .box_h = 28, .ofs_x = 0, .ofs_y = 0},
    {.bitmap_index = 573, .adv_w = 372, .box_w = 23, .box_h = 29, .ofs_x = 0, .ofs_y = 0},
    {.bitmap_index = 907, .adv_w = 372, .box_w = 22, .box_h = 29, .ofs_x = 0, .ofs_y = -1},
    {.bitmap_index = 1226, .adv_w = 435, .box_w = 26, .box_h = 28, .ofs_x = 1, .ofs_y = 0},
    {.bitmap_index = 1590, .adv_w = 374, .box_w = 23, .box_h = 29, .ofs_x = 0, .ofs_y = -1},
    {.bitmap_index = 1924, .adv_w = 401, .box_w = 24, .box_h = 30, .ofs_x = 1, .ofs_y = -1},
    {.bitmap_index = 2284, .adv_w = 389, .box_w = 22, .box_h = 28, .ofs_x = 1, .ofs_y = 0},
    {.bitmap_index = 2592, .adv_w = 417, .box_w = 24, .box_h = 30, .ofs_x = 1, .ofs_y = -1},
    {.bitmap_index = 2952, .adv_w = 401, .box_w = 24, .box_h = 30, .ofs_x = 0, .ofs_y = -1},
    {.bitmap_index = 3312, .adv_w = 156, .box_w = 8, .box_h = 23, .ofs_x = 1, .ofs_y = -1},
};

static const lv_font_fmt_txt_cmap_t cmaps_clock_40[] = {
    {.range_start = 0x20, .range_length = 1, .glyph_id_start = 1, .unicode_list = NULL, .glyph_id_ofs_list = NULL, .list_length = 0, .type = LV_FONT_FMT_TXT_CMAP_FORMAT0_TINY},
    {.range_start = 0x2D, .range_length = 1, .glyph_id_start = 2, .unicode_list = NULL, .glyph_id_ofs_list = NULL, .list_length = 0, .type = LV_FONT_FMT_TXT_CMAP_FORMAT0_TINY},
    {.range_start = 0x30, .range_length = 11, .glyph_id_start = 3, .unicode_list = NULL, .glyph_id_ofs_list = NULL, .list_length = 0, .type = LV_FONT_FMT_TXT_CMAP_FORMAT0_TINY},
};

static const lv_font_fmt_txt_dsc_t font_dsc_clock_40 = {
    .glyph_bitmap = glyph_bitmap_clock_40, .glyph_dsc = glyph_dsc_clock_40, .cmaps = cmaps_clock_40,
    .kern_dsc = NULL, .kern_scale = 0, .cmap_num = 3, .bpp = 4, .kern_classes = 0,
    .bitmap_format = 0,
};

const lv_font_t bed_font_clock_40 = {
    .get_glyph_dsc = lv_font_get_glyph_dsc_fmt_txt,
    .get_glyph_bitmap = lv_font_get_bitmap_fmt_txt,
    .line_height = 50, .base_line = 11, .subpx = LV_FONT_SUBPX_NONE,
    .underline_position = 0, .underline_thickness = 0, .dsc = &font_dsc_clock_40,
    .fallback = NULL,
};


static LV_ATTRIBUTE_LARGE_CONST const uint8_t glyph_bitmap_clock_46[] = {
    /* U+002D */ 0x24, 0x44, 0x44, 0x44, 0x44, 0x44, 0x41, 0x8f, 0xff, 0xff, 0xff, 0xff, 0xff, 0xf4, 0x8f, 0xff, 0xff, 0xff, 0xff, 0xff, 0xf4, 0x8f, 0xff, 0xff, 0xff, 0xff, 0xff, 0xf4, 0x8f, 0xff, 0xff, 0xff, 0xff, 0xff, 0xf4, 0x48, 0x88, 0x88, 0x88, 0x88, 0x88, 0x82,
    /* U+0030 */ 0x00, 0x00, 0x00, 0x00, 0x01, 0x58, 0xac, 0xa8, 0x51, 0x00, 0x00, 0x00, 0x00, 0x00, 0x00, 0x00, 0x00, 0x4b, 0xff, 0xff, 0xff, 0xff, 0xfb, 0x40, 0x00, 0x00, 0x00, 0x00, 0x00, 0x01, 0xbf, 0xff, 0xff, 0xff, 0xff, 0xff, 0xff, 0x91, 0x00, 0x00, 0x00, 0x00, 0x03, 0xdf, 0xff, 0xff, 0xff, 0xff, 0xff, 0xff, 0xff, 0xd1, 0x00, 0x00, 0x00, 0x01, 0xef, 0xff, 0xff, 0xff, 0xff, 0xff, 0xff, 0xff, 0xff, 0xd1, 0x00, 0x00, 0x00, 0xcf, 0xff, 0xff, 0xff, 0xda, 0x8a, 0xef, 0xff, 0xff, 0xff, 0xc0, 0x00, 0x00, 0x7f, 0xff, 0xff, 0xfd, 0x40, 0x00, 0x00, 0x4d, 0xff, 0xff, 0xff, 0x60, 0x00, 0x1f, 0xff, 0xff, 0xfd, 0x10, 0x00, 0x00, 0x00, 0x1d, 0xff, 0xff, 0xfe, 0x00, 0x07, 0xff, 0xff, 0xff, 0x10, 0x00, 0x00, 0x00, 0x00, 0x1f, 0xff, 0xff, 0xf6, 0x00, 0xdf, 0xff, 0xff, 0x60, 0x00, 0x00, 0x00, 0x00, 0x00, 0x8f, 0xff, 0xff, 0xd0, 0x2f, 0xff, 0xff, 0xf1, 0x00, 0x00, 0x00, 0x00, 0x00, 0x01, 0xff, 0xff, 0xff, 0x27, 0xff, 0xff, 0xfb, 0x00, 0x00, 0x00, 0x00, 0x00, 0x00, 0x0b, 0xff, 0xff, 0xf6, 0xaf, 0xff, 0xff, 0x70, 0x00, 0x00, 0x00, 0x00, 0x00, 0x00, 0x8f, 0xff, 0xff, 0x9c, 0xff, 0xff, 0xf4, 0x00, 0x00, 0x00, 0x00, 0x00, 0x00, 0x04, 0xff, 0xff, 0xfc, 0xef, 0xff, 0xff, 0x40, 0x00, 0x00, 0x00, 0x00, 0x00, 0x00, 0x4f, 0xff, 0xff, 0xcf, 0xff, 0xff, 0xf0, 0x00, 0x00, 0x00, 0x00, 0x00, 0x00, 0x02, 0xff, 0xff, 0xff, 0xff, 0xff, 0xff, 0x00, 0x00, 0x00, 0x00, 0x00, 0x00, 0x00, 0x0f, 0xff, 0xff, 0xff, 0xff, 0xff, 0xf0, 0x00, 0x00, 0x00, 0x00, 0x00, 0x00, 0x00, 0xff, 0xff, 0xff, 0xff, 0xff, 0xff, 0x10, 0x00, 0x00, 0x00, 0x00, 0x00, 0x00, 0x3f, 0xff, 0xff, 0xfd, 0xff, 0xff, 0xf4, 0x00, 0x00, 0x00, 0x00, 0x00, 0x00, 0x04, 0xff, 0xff, 0xfc, 0xcf, 0xff, 0xff, 0x40, 0x00, 0x00, 0x00, 0x00, 0x00, 0x00, 0x5f, 0xff, 0xff, 0xc9, 0xff, 0xff, 0xf8, 0x00, 0x00, 0x00, 0x00, 0x00, 0x00, 0x08, 0xff, 0xff, 0xf8, 0x6f, 0xff, 0xff, 0xb0, 0x00, 0x00, 0x00, 0x00, 0x00, 0x00, 0xcf, 0xff, 0xff, 0x52, 0xff, 0xff, 0xff, 0x10, 0x00, 0x00, 0x00, 0x00, 0x00, 0x2f, 0xff, 0xff, 0xf1, 0x0c, 0xff, 0xff, 0xf8, 0x00, 0x00, 0x00, 0x00, 0x00, 0x08, 0xff, 0xff, 0xfb, 0x00, 0x6f, 0xff, 0xff, 0xf3, 0x00, 0x00, 0x00, 0x00, 0x03, 0xff, 0xff, 0xff, 0x50, 0x00, 0xef, 0xff, 0xff, 0xd2, 0x00, 0x00, 0x00, 0x03, 0xff, 0xff, 0xff, 0xe0, 0x00, 0x05, 0xff, 0xff, 0xff, 0xf6, 0x10, 0x00, 0x18, 0xff, 0xff, 0xff, 0xf4, 0x00, 0x00, 0x0a, 0xff, 0xff, 0xff, 0xff, 0xcc, 0xdf, 0xff, 0xff, 0xff, 0xf9, 0x00, 0x00, 0x00, 0x1d, 0xff, 0xff, 0xff, 0xff, 0xff, 0xff, 0xff, 0xff, 0xfc, 0x00, 0x00, 0x00, 0x00, 0x1c, 0xff, 0xff, 0xff, 0xff, 0xff, 0xff, 0xff, 0xfa, 0x10, 0x00, 0x00, 0x00, 0x00, 0x08, 0xff, 0xff, 0xff, 0xff, 0xff, 0xff, 0xf7, 0x00, 0x00, 0x00, 0x00, 0x00, 0x00, 0x01, 0x8e, 0xff, 0xff, 0xff, 0xfe, 0x81, 0x00, 0x00, 0x00, 0x00, 0x00, 0x00, 0x00, 0x00, 0x02, 0x48, 0x88, 0x42, 0x00, 0x00, 0x00, 0x00, 0x00,
    /* U+0031 */ 0x34, 0x44, 0x44, 0x44, 0x44, 0x44, 0x41, 0xcf, 0xff, 0xff, 0xff, 0xff, 0xff, 0xf4, 0xcf, 0xff, 0xff, 0xff, 0xff, 0xff, 0xf4, 0xcf, 0xff, 0xff, 0xff, 0xff, 0xff, 0xf4, 0xcf, 0xff, 0xff, 0xff, 0xff, 0xff, 0xf4, 0x9c, 0xcc, 0xcc, 0xcf, 0xff, 0xff, 0xf4, 0x00, 0x00, 0x00, 0x0c, 0xff, 0xff, 0xf4, 0x00, 0x00, 0x00, 0x0c, 0xff, 0xff, 0xf4, 0x00, 0x00, 0x00, 0x0c, 0xff, 0xff, 0xf4, 0x00, 0x00, 0x00, 0x0c, 0xff, 0xff, 0xf4, 0x00, 0x00, 0x00, 0x0c, 0xff, 0xff, 0xf4, 0x00, 0x00, 0x00, 0x0c, 0xff, 0xff, 0xf4, 0x00, 0x00, 0x00, 0x0c, 0xff, 0xff, 0xf4, 0x00, 0x00, 0x00, 0x0c, 0xff, 0xff, 0xf4, 0x00, 0x00, 0x00, 0x0c, 0xff, 0xff, 0xf4, 0x00, 0x00, 0x00, 0x0c, 0xff, 0xff, 0xf4, 0x00, 0x00, 0x00, 0x0c, 0xff, 0xff, 0xf4, 0x00, 0x00, 0x00, 0x0c, 0xff, 0xff, 0xf4, 0x00, 0x00, 0x00, 0x0c, 0xff, 0xff, 0xf4, 0x00, 0x00, 0x00, 0x0c, 0xff, 0xff, 0xf4, 0x00, 0x00, 0x00, 0x0c, 0xff, 0xff, 0xf4, 0x00, 0x00, 0x00, 0x0c, 0xff, 0xff, 0xf4, 0x00, 0x00, 0x00, 0x0c, 0xff, 0xff, 0xf4, 0x00, 0x00, 0x00, 0x0c, 0xff, 0xff, 0xf4, 0x00, 0x00, 0x00, 0x0c, 0xff, 0xff, 0xf4, 0x00, 0x00, 0x00, 0x0c, 0xff, 0xff, 0xf4, 0x00, 0x00, 0x00, 0x0c, 0xff, 0xff, 0xf4, 0x00, 0x00, 0x00, 0x0c, 0xff, 0xff, 0xf4, 0x00, 0x00, 0x00, 0x0c, 0xff, 0xff, 0xf4, 0x00, 0x00, 0x00, 0x0c, 0xff, 0xff, 0xf4, 0x00, 0x00, 0x00, 0x0c, 0xff, 0xff, 0xf4, 0x00, 0x00, 0x00, 0x0c, 0xff, 0xff, 0xf4, 0x00, 0x00, 0x00, 0x0c, 0xff, 0xff, 0xf4,
    /* U+0032 */ 0x00, 0x00, 0x00, 0x00, 0x47, 0x8a, 0xcb, 0x87, 0x40, 0x00, 0x00, 0x00, 0x00, 0x00, 0x00, 0x04, 0xaf, 0xff, 0xff, 0xff, 0xff, 0xff, 0xa2, 0x00, 0x00, 0x00, 0x00, 0x04, 0xcf, 0xff, 0xff, 0xff, 0xff, 0xff, 0xff, 0xff, 0x80, 0x00, 0x00, 0x00, 0x8f, 0xff, 0xff, 0xff, 0xff, 0xff, 0xff, 0xff, 0xff, 0xfa, 0x00, 0x00, 0x0a, 0xff, 0xff, 0xff, 0xff, 0xff, 0xff, 0xff, 0xff, 0xff, 0xff, 0x90, 0x00, 0x6f, 0xff, 0xff, 0xff, 0xfd, 0xb8, 0x8a, 0xdf, 0xff, 0xff, 0xff, 0xf2, 0x00, 0x09, 0xff, 0xff, 0xf8, 0x20, 0x00, 0x00, 0x02, 0xbf, 0xff, 0xff, 0xfa, 0x00, 0x00, 0x5f, 0xfd, 0x20, 0x00, 0x00, 0x00, 0x00, 0x0b, 0xff, 0xff, 0xfe, 0x00, 0x00, 0x02, 0xa1, 0x00, 0x00, 0x00, 0x00, 0x00, 0x03, 0xff, 0xff, 0xff, 0x00, 0x00, 0x00, 0x00, 0x00, 0x00, 0x00, 0x00, 0x00, 0x00, 0xff, 0xff, 0xff, 0x00, 0x00, 0x00, 0x00, 0x00, 0x00, 0x00, 0x00, 0x00, 0x00, 0xff, 0xff, 0xff, 0x00, 0x00, 0x00, 0x00, 0x00, 0x00, 0x00, 0x00, 0x00, 0x01, 0xff, 0xff, 0xff, 0x00, 0x00, 0x00, 0x00, 0x00, 0x00, 0x00, 0x00, 0x00, 0x06, 0xff, 0xff, 0xfc, 0x00, 0x00, 0x00, 0x00, 0x00, 0x00, 0x00, 0x00, 0x00, 0x0e, 0xff, 0xff, 0xf6, 0x00, 0x00, 0x00, 0x00, 0x00, 0x00, 0x00, 0x00, 0x00, 0x8f, 0xff, 0xff, 0xf1, 0x00, 0x00, 0x00, 0x00, 0x00, 0x00, 0x00, 0x00, 0x06, 0xff, 0xff, 0xff, 0x70, 0x00, 0x00, 0x00, 0x00, 0x00, 0x00, 0x00, 0x00, 0x3f, 0xff, 0xff, 0xfc, 0x00, 0x00, 0x00, 0x00, 0x00, 0x00, 0x00, 0x00, 0x06, 0xff, 0xff, 0xff, 0xd1, 0x00, 0x00, 0x00, 0x00, 0x00, 0x00, 0x00, 0x00, 0x6f, 0xff, 0xff, 0xff, 0x30, 0x00, 0x00, 0x00, 0x00, 0x00, 0x00, 0x00, 0x06, 0xff, 0xff, 0xff, 0xf3, 0x00, 0x00, 0x00, 0x00, 0x00, 0x00, 0x00, 0x00, 0x6f, 0xff, 0xff, 0xfd, 0x20, 0x00, 0x00, 0x00, 0x00, 0x00, 0x00, 0x00, 0x08, 0xff, 0xff, 0xff, 0xd1, 0x00, 0x00, 0x00, 0x00, 0x00, 0x00, 0x00, 0x00, 0xaf, 0xff, 0xff, 0xfd, 0x10, 0x00, 0x00, 0x00, 0x00, 0x00, 0x00, 0x00, 0x0a, 0xff, 0xff, 0xff, 0xd1, 0x00, 0x00, 0x00, 0x00, 0x00, 0x00, 0x00, 0x00, 0xaf, 0xff, 0xff, 0xfd, 0x10, 0x00, 0x00, 0x00, 0x00, 0x00, 0x00, 0x00, 0x0a, 0xff, 0xff, 0xff, 0xa0, 0x00, 0x00, 0x00, 0x00, 0x00, 0x00, 0x00, 0x01, 0xcf, 0xff, 0xff, 0xfa, 0x00, 0x00, 0x00, 0x00, 0x00, 0x00, 0x00, 0x00, 0x1d, 0xff, 0xff, 0xff, 0xa0, 0x00, 0x00, 0x00, 0x00, 0x00, 0x00, 0x00, 0x01, 0xdf, 0xff, 0xff, 0xff, 0xff, 0xff, 0xff, 0xff, 0xff, 0xff, 0xff, 0xf4, 0x08, 0xff, 0xff, 0xff, 0xff, 0xff, 0xff, 0xff, 0xff, 0xff, 0xff, 0xff, 0xf4, 0x08, 0xff, 0xff, 0xff, 0xff, 0xff, 0xff, 0xff, 0xff, 0xff, 0xff, 0xff, 0xf4, 0x08, 0xff, 0xff, 0xff, 0xff, 0xff, 0xff, 0xff, 0xff, 0xff, 0xff, 0xff, 0xf4, 0x08, 0xff, 0xff, 0xff, 0xff, 0xff, 0xff, 0xff, 0xff, 0xff, 0xff, 0xff, 0xf4,
    /* U+0033 */ 0x02, 0x44, 0x44, 0x44, 0x44, 0x44, 0x44, 0x44, 0x44, 0x44, 0x44, 0x42, 0x00, 0x8f, 0xff, 0xff, 0xff, 0xff, 0xff, 0xff, 0xff, 0xff, 0xff, 0xff, 0x80, 0x08, 0xff, 0xff, 0xff, 0xff, 0xff, 0xff, 0xff, 0xff, 0xff, 0xff, 0xf8, 0x00, 0x8f, 0xff, 0xff, 0xff, 0xff, 0xff, 0xff, 0xff, 0xff, 0xff, 0xff, 0x80, 0x08, 0xff, 0xff, 0xff, 0xff, 0xff, 0xff, 0xff, 0xff, 0xff, 0xff, 0xf8, 0x00, 0x6c, 0xcc, 0xcc, 0xcc, 0xcc, 0xcc, 0xcc, 0xcf, 0xff, 0xff, 0xfe, 0x10, 0x00, 0x00, 0x00, 0x00, 0x00, 0x00, 0x00, 0x06, 0xff, 0xff, 0xff, 0x30, 0x00, 0x00, 0x00, 0x00, 0x00, 0x00, 0x00, 0x03, 0xff, 0xff, 0xff, 0x50, 0x00, 0x00, 0x00, 0x00, 0x00, 0x00, 0x00, 0x02, 0xff, 0xff, 0xff, 0x60, 0x00, 0x00, 0x00, 0x00, 0x00, 0x00, 0x00, 0x01, 0xdf, 0xff, 0xff, 0xa0, 0x00, 0x00, 0x00, 0x00, 0x00, 0x00, 0x00, 0x00, 0xbf, 0xff, 0xff, 0xc0, 0x00, 0x00, 0x00, 0x00, 0x00, 0x00, 0x00, 0x00, 0x9f, 0xff, 0xff, 0xd1, 0x00, 0x00, 0x00, 0x00, 0x00, 0x00, 0x00, 0x00, 0x6f, 0xff, 0xff, 0xf3, 0x00, 0x00, 0x00, 0x00, 0x00, 0x00, 0x00, 0x00, 0x3f, 0xff, 0xff, 0xf4, 0x00, 0x00, 0x00, 0x00, 0x00, 0x00, 0x00, 0x00, 0x0f, 0xff, 0xff, 0xff, 0xc9, 0x50, 0x00, 0x00, 0x00, 0x00, 0x00, 0x00, 0x00, 0xff, 0xff, 0xff, 0xff, 0xff, 0xf7, 0x00, 0x00, 0x00, 0x00, 0x00, 0x00, 0x0f, 0xff, 0xff, 0xff, 0xff, 0xff, 0xfd, 0x10, 0x00, 0x00, 0x00, 0x00, 0x00, 0xff, 0xff, 0xff, 0xff, 0xff, 0xff, 0xfd, 0x10, 0x00, 0x00, 0x00, 0x00, 0x08, 0x88, 0x9c, 0xdf, 0xff, 0xff, 0xff, 0xf9, 0x00, 0x00, 0x00, 0x00, 0x00, 0x00, 0x00, 0x00, 0x18, 0xff, 0xff, 0xff, 0xf2, 0x00, 0x00, 0x00, 0x00, 0x00, 0x00, 0x00, 0x00, 0x03, 0xff, 0xff, 0xff, 0x70, 0x00, 0x00, 0x00, 0x00, 0x00, 0x00, 0x00, 0x00, 0x08, 0xff, 0xff, 0xfc, 0x00, 0x00, 0x00, 0x00, 0x00, 0x00, 0x00, 0x00, 0x00, 0x4f, 0xff, 0xff, 0xc0, 0x00, 0x00, 0x00, 0x00, 0x00, 0x00, 0x00, 0x00, 0x04, 0xff, 0xff, 0xff, 0x00, 0x00, 0x00, 0x00, 0x00, 0x00, 0x00, 0x00, 0x00, 0x5f, 0xff, 0xff, 0xc0, 0x09, 0x40, 0x00, 0x00, 0x00, 0x00, 0x00, 0x00, 0x0b, 0xff, 0xff, 0xfa, 0x02, 0xff, 0xa2, 0x00, 0x00, 0x00, 0x00, 0x00, 0x06, 0xff, 0xff, 0xff, 0x60, 0xcf, 0xff, 0xfb, 0x62, 0x00, 0x00, 0x00, 0x5c, 0xff, 0xff, 0xff, 0xf1, 0x4f, 0xff, 0xff, 0xff, 0xff, 0xcc, 0xcc, 0xff, 0xff, 0xff, 0xff, 0xf7, 0x0c, 0xff, 0xff, 0xff, 0xff, 0xff, 0xff, 0xff, 0xff, 0xff, 0xff, 0xfa, 0x00, 0x2c, 0xff, 0xff, 0xff, 0xff, 0xff, 0xff, 0xff, 0xff, 0xff, 0xfa, 0x00, 0x00, 0x04, 0xcf, 0xff, 0xff, 0xff, 0xff, 0xff, 0xff, 0xff, 0xe5, 0x00, 0x00, 0x00, 0x00, 0x27, 0xcf, 0xff, 0xff, 0xff, 0xff, 0xfb, 0x60, 0x00, 0x00, 0x00, 0x00, 0x00, 0x00, 0x03, 0x47, 0x88, 0x85, 0x40, 0x00, 0x00, 0x00, 0x00,
    /* U+0034 */ 0x00, 0x00, 0x00, 0x00, 0x00, 0x00, 0x00, 0x00, 0x24, 0x44, 0x44, 0x30, 0x00, 0x00, 0x00, 0x00, 0x00, 0x00, 0x00, 0x00, 0x00, 0x00, 0x03, 0xff, 0xff, 0xff, 0x50, 0x00, 0x00, 0x00, 0x00, 0x00, 0x00, 0x00, 0x00, 0x00, 0x00, 0x1d, 0xff, 0xff, 0xf9, 0x00, 0x00, 0x00, 0x00, 0x00, 0x00, 0x00, 0x00, 0x00, 0x00, 0x00, 0xaf, 0xff, 0xff, 0xd0, 0x00, 0x00, 0x00, 0x00, 0x00, 0x00, 0x00, 0x00, 0x00, 0x00, 0x06, 0xff, 0xff, 0xff, 0x20, 0x00, 0x00, 0x00, 0x00, 0x00, 0x00, 0x00, 0x00, 0x00, 0x00, 0x3f, 0xff, 0xff, 0xf5, 0x00, 0x00, 0x00, 0x00, 0x00, 0x00, 0x00, 0x00, 0x00, 0x00, 0x01, 0xef, 0xff, 0xff, 0x80, 0x00, 0x00, 0x00, 0x00, 0x00, 0x00, 0x00, 0x00, 0x00, 0x00, 0x0b, 0xff, 0xff, 0xfc, 0x00, 0x00, 0x00, 0x00, 0x00, 0x00, 0x00, 0x00, 0x00, 0x00, 0x00, 0x7f, 0xff, 0xff, 0xf1, 0x00, 0x00, 0x00, 0x00, 0x00, 0x00, 0x00, 0x00, 0x00, 0x00, 0x04, 0xff, 0xff, 0xff, 0x40, 0x00, 0x00, 0x00, 0x00, 0x00, 0x00, 0x00, 0x00, 0x00, 0x00, 0x1f, 0xff, 0xff, 0xf8, 0x00, 0x00, 0x00, 0x00, 0x00, 0x00, 0x00, 0x00, 0x00, 0x00, 0x00, 0xcf, 0xff, 0xff, 0xc0, 0x00, 0x00, 0x00, 0x00, 0x00, 0x00, 0x00, 0x00, 0x00, 0x00, 0x08, 0xff, 0xff, 0xff, 0x10, 0x00, 0x00, 0x00, 0x00, 0x00, 0x00, 0x00, 0x00, 0x00, 0x00, 0x5f, 0xff, 0xff, 0xf4, 0x00, 0x00, 0x00, 0x00, 0x00, 0x00, 0x00, 0x00, 0x00, 0x00, 0x02, 0xff, 0xff, 0xff, 0x80, 0x00, 0x00, 0x6c, 0xcc, 0xcc, 0x00, 0x00, 0x00, 0x00, 0x00, 0x0d, 0xff, 0xff, 0xfc, 0x00, 0x00, 0x00, 0x8f, 0xff, 0xff, 0x00, 0x00, 0x00, 0x00, 0x00, 0x9f, 0xff, 0xff, 0xf1, 0x00, 0x00, 0x00, 0x8f, 0xff, 0xff, 0x00, 0x00, 0x00, 0x00, 0x06, 0xff, 0xff, 0xff, 0x40, 0x00, 0x00, 0x00, 0x8f, 0xff, 0xff, 0x00, 0x00, 0x00, 0x00, 0x3f, 0xff, 0xff, 0xf8, 0x00, 0x00, 0x00, 0x00, 0x8f, 0xff, 0xff, 0x00, 0x00, 0x00, 0x01, 0xdf, 0xff, 0xff, 0xc0, 0x00, 0x00, 0x00, 0x00, 0x8f, 0xff, 0xff, 0x00, 0x00, 0x00, 0x0a, 0xff, 0xff, 0xff, 0x54, 0x44, 0x44, 0x44, 0x44, 0xaf, 0xff, 0xff, 0x44, 0x44, 0x43, 0x5f, 0xff, 0xff, 0xff, 0xff, 0xff, 0xff, 0xff, 0xff, 0xff, 0xff, 0xff, 0xff, 0xff, 0xfc, 0x8f, 0xff, 0xff, 0xff, 0xff, 0xff, 0xff, 0xff, 0xff, 0xff, 0xff, 0xff, 0xff, 0xff, 0xfc, 0x8f, 0xff, 0xff, 0xff, 0xff, 0xff, 0xff, 0xff, 0xff, 0xff, 0xff, 0xff, 0xff, 0xff, 0xfc, 0x8f, 0xff, 0xff, 0xff, 0xff, 0xff, 0xff, 0xff, 0xff, 0xff, 0xff, 0xff, 0xff, 0xff, 0xfc, 0x6c, 0xcc, 0xcc, 0xcc, 0xcc, 0xcc, 0xcc, 0xcc, 0xcc, 0xff, 0xff, 0xff, 0xcc, 0xcc, 0xc9, 0x00, 0x00, 0x00, 0x00, 0x00, 0x00, 0x00, 0x00, 0x00, 0xcf, 0xff, 0xff, 0x00, 0x00, 0x00, 0x00, 0x00, 0x00, 0x00, 0x00, 0x00, 0x00, 0x00, 0x00, 0xcf, 0xff, 0xff, 0x00, 0x00, 0x00, 0x00, 0x00, 0x00, 0x00, 0x00, 0x00, 0x00, 0x00, 0x00, 0xcf, 0xff, 0xff, 0x00, 0x00, 0x00, 0x00, 0x00, 0x00, 0x00, 0x00, 0x00, 0x00, 0x00, 0x00, 0xcf, 0xff, 0xff, 0x00, 0x00, 0x00, 0x00, 0x00, 0x00, 0x00, 0x00, 0x00, 0x00, 0x00, 0x00, 0xcf, 0xff, 0xff, 0x00, 0x00, 0x00, 0x00, 0x00, 0x00, 0x00, 0x00, 0x00, 0x00, 0x00, 0x00, 0xcf, 0xff, 0xff, 0x00, 0x00, 0x00, 0x00, 0x00, 0x00, 0x00, 0x00, 0x00, 0x00, 0x00, 0x00, 0xcf, 0xff, 0xff, 0x00, 0x00, 0x00,
    /* U+0035 */ 0x00, 0x00, 0x14, 0x44, 0x44, 0x44, 0x44, 0x44, 0x44, 0x44, 0x44, 0x42, 0x00, 0x00, 0x00, 0x8f, 0xff, 0xff, 0xff, 0xff, 0xff, 0xff, 0xff, 0xff, 0xf8, 0x00, 0x00, 0x00, 0x8f, 0xff, 0xff, 0xff, 0xff, 0xff, 0xff, 0xff, 0xff, 0xf8, 0x00, 0x00, 0x00, 0x9f, 0xff, 0xff, 0xff, 0xff, 0xff, 0xff, 0xff, 0xff, 0xf8, 0x00, 0x00, 0x00, 0xcf, 0xff, 0xff, 0xff, 0xff, 0xff, 0xff, 0xff, 0xff, 0xf8, 0x00, 0x00, 0x00, 0xcf, 0xff, 0xff, 0xcc, 0xcc, 0xcc, 0xcc, 0xcc, 0xcc, 0xc6, 0x00, 0x00, 0x00, 0xff, 0xff, 0xfb, 0x00, 0x00, 0x00, 0x00, 0x00, 0x00, 0x00, 0x00, 0x00, 0x00, 0xff, 0xff, 0xf8, 0x00, 0x00, 0x00, 0x00, 0x00, 0x00, 0x00, 0x00, 0x00, 0x00, 0xff, 0xff, 0xf8, 0x00, 0x00, 0x00, 0x00, 0x00, 0x00, 0x00, 0x00, 0x00, 0x04, 0xff, 0xff, 0xf6, 0x00, 0x00, 0x00, 0x00, 0x00, 0x00, 0x00, 0x00, 0x00, 0x04, 0xff, 0xff, 0xf4, 0x00, 0x00, 0x00, 0x00, 0x00, 0x00, 0x00, 0x00, 0x00, 0x06, 0xff, 0xff, 0xf4, 0x00, 0x00, 0x00, 0x00, 0x00, 0x00, 0x00, 0x00, 0x00, 0x08, 0xff, 0xff, 0xf0, 0x00, 0x00, 0x00, 0x00, 0x00, 0x00, 0x00, 0x00, 0x00, 0x08, 0xff, 0xff, 0xfc, 0xcc, 0xcc, 0xa8, 0x63, 0x00, 0x00, 0x00, 0x00, 0x00, 0x0b, 0xff, 0xff, 0xff, 0xff, 0xff, 0xff, 0xff, 0xfa, 0x20, 0x00, 0x00, 0x00, 0x0c, 0xff, 0xff, 0xff, 0xff, 0xff, 0xff, 0xff, 0xff, 0xf9, 0x00, 0x00, 0x00, 0x0c, 0xff, 0xff, 0xff, 0xff, 0xff, 0xff, 0xff, 0xff, 0xff, 0xd1, 0x00, 0x00, 0x0f, 0xff, 0xff, 0xff, 0xff, 0xff, 0xff, 0xff, 0xff, 0xff, 0xfb, 0x00, 0x00, 0x04, 0x44, 0x44, 0x44, 0x44, 0x68, 0x9d, 0xff, 0xff, 0xff, 0xff, 0x60, 0x00, 0x00, 0x00, 0x00, 0x00, 0x00, 0x00, 0x00, 0x2b, 0xff, 0xff, 0xff, 0xd0, 0x00, 0x00, 0x00, 0x00, 0x00, 0x00, 0x00, 0x00, 0x00, 0x9f, 0xff, 0xff, 0xf2, 0x00, 0x00, 0x00, 0x00, 0x00, 0x00, 0x00, 0x00, 0x00, 0x0e, 0xff, 0xff, 0xf4, 0x00, 0x00, 0x00, 0x00, 0x00, 0x00, 0x00, 0x00, 0x00, 0x0b, 0xff, 0xff, 0xf8, 0x00, 0x00, 0x00, 0x00, 0x00, 0x00, 0x00, 0x00, 0x00, 0x08, 0xff, 0xff, 0xf8, 0x00, 0x00, 0x00, 0x00, 0x00, 0x00, 0x00, 0x00, 0x00, 0x0c, 0xff, 0xff, 0xf5, 0x00, 0x2a, 0x10, 0x00, 0x00, 0x00, 0x00, 0x00, 0x00, 0x2f, 0xff, 0xff, 0xf3, 0x00, 0xaf, 0xe6, 0x00, 0x00, 0x00, 0x00, 0x00, 0x01, 0xdf, 0xff, 0xff, 0xe0, 0x03, 0xff, 0xff, 0xf9, 0x40, 0x00, 0x00, 0x01, 0x7f, 0xff, 0xff, 0xff, 0x80, 0x0c, 0xff, 0xff, 0xff, 0xff, 0xec, 0xcc, 0xef, 0xff, 0xff, 0xff, 0xfe, 0x10, 0x3f, 0xff, 0xff, 0xff, 0xff, 0xff, 0xff, 0xff, 0xff, 0xff, 0xff, 0xf3, 0x00, 0x07, 0xff, 0xff, 0xff, 0xff, 0xff, 0xff, 0xff, 0xff, 0xff, 0xff, 0x30, 0x00, 0x00, 0x18, 0xff, 0xff, 0xff, 0xff, 0xff, 0xff, 0xff, 0xff, 0xb1, 0x00, 0x00, 0x00, 0x00, 0x05, 0xae, 0xff, 0xff, 0xff, 0xff, 0xfe, 0xa3, 0x00, 0x00, 0x00, 0x00, 0x00, 0x00, 0x00, 0x14, 0x58, 0x88, 0x74, 0x20, 0x00, 0x00, 0x00, 0x00,
    /* U+0036 */ 0x00, 0x00, 0x00, 0x00, 0x00, 0x03, 0x68, 0xac, 0xc8, 0x85, 0x20, 0x00, 0x00, 0x00, 0x00, 0x00, 0x00, 0x29, 0xff, 0xff, 0xff, 0xff, 0xff, 0xfe, 0x81, 0x00, 0x00, 0x00, 0x00, 0x1a, 0xff, 0xff, 0xff, 0xff, 0xff, 0xff, 0xff, 0xff, 0x20, 0x00, 0x00, 0x04, 0xff, 0xff, 0xff, 0xff, 0xff, 0xff, 0xff, 0xff, 0xfc, 0x00, 0x00, 0x00, 0x6f, 0xff, 0xff, 0xff, 0xff, 0xff, 0xff, 0xff, 0xff, 0xf4, 0x00, 0x00, 0x04, 0xff, 0xff, 0xff, 0xff, 0xe9, 0x86, 0x58, 0x9d, 0xff, 0xc0, 0x00, 0x00, 0x1f, 0xff, 0xff, 0xff, 0xc4, 0x00, 0x00, 0x00, 0x00, 0x2a, 0x40, 0x00, 0x00, 0xaf, 0xff, 0xff, 0xf7, 0x00, 0x00, 0x00, 0x00, 0x00, 0x00, 0x00, 0x00, 0x02, 0xff, 0xff, 0xff, 0x70, 0x00, 0x00, 0x00, 0x00, 0x00, 0x00, 0x00, 0x00, 0x0a, 0xff, 0xff, 0xfc, 0x00, 0x00, 0x00, 0x00, 0x00, 0x00, 0x00, 0x00, 0x00, 0x0f, 0xff, 0xff, 0xf2, 0x00, 0x00, 0x00, 0x00, 0x00, 0x00, 0x00, 0x00, 0x00, 0x4f, 0xff, 0xff, 0xd0, 0x00, 0x00, 0x00, 0x00, 0x00, 0x00, 0x00, 0x00, 0x00, 0x8f, 0xff, 0xff, 0x80, 0x00, 0x00, 0x00, 0x00, 0x00, 0x00, 0x00, 0x00, 0x00, 0xbf, 0xff, 0xff, 0x40, 0x00, 0x59, 0xcc, 0xcc, 0xc9, 0x61, 0x00, 0x00, 0x00, 0xcf, 0xff, 0xff, 0x30, 0x8f, 0xff, 0xff, 0xff, 0xff, 0xff, 0xa1, 0x00, 0x00, 0xff, 0xff, 0xff, 0x1d, 0xff, 0xff, 0xff, 0xff, 0xff, 0xff, 0xff, 0x40, 0x00, 0xff, 0xff, 0xff, 0xdf, 0xff, 0xff, 0xff, 0xff, 0xff, 0xff, 0xff, 0xf5, 0x00, 0xff, 0xff, 0xff, 0xff, 0xff, 0xff, 0xec, 0xef, 0xff, 0xff, 0xff, 0xff, 0x20, 0xff, 0xff, 0xff, 0xff, 0xfe, 0x61, 0x00, 0x00, 0x5d, 0xff, 0xff, 0xff, 0xc0, 0xff, 0xff, 0xff, 0xff, 0xa0, 0x00, 0x00, 0x00, 0x00, 0xaf, 0xff, 0xff, 0xf2, 0xcf, 0xff, 0xff, 0xfd, 0x00, 0x00, 0x00, 0x00, 0x00, 0x0c, 0xff, 0xff, 0xf7, 0xbf, 0xff, 0xff, 0xf5, 0x00, 0x00, 0x00, 0x00, 0x00, 0x05, 0xff, 0xff, 0xfa, 0x8f, 0xff, 0xff, 0xf0, 0x00, 0x00, 0x00, 0x00, 0x00, 0x02, 0xff, 0xff, 0xfc, 0x4f, 0xff, 0xff, 0xf0, 0x00, 0x00, 0x00, 0x00, 0x00, 0x00, 0xff, 0xff, 0xfc, 0x0f, 0xff, 0xff, 0xf1, 0x00, 0x00, 0x00, 0x00, 0x00, 0x03, 0xff, 0xff, 0xfa, 0x0a, 0xff, 0xff, 0xf6, 0x00, 0x00, 0x00, 0x00, 0x00, 0x08, 0xff, 0xff, 0xf7, 0x02, 0xff, 0xff, 0xff, 0x20, 0x00, 0x00, 0x00, 0x00, 0x3f, 0xff, 0xff, 0xf3, 0x00, 0xaf, 0xff, 0xff, 0xf4, 0x00, 0x00, 0x00, 0x04, 0xff, 0xff, 0xff, 0xc0, 0x00, 0x1e, 0xff, 0xff, 0xff, 0xc8, 0x44, 0x47, 0xcf, 0xff, 0xff, 0xff, 0x30, 0x00, 0x03, 0xff, 0xff, 0xff, 0xff, 0xff, 0xff, 0xff, 0xff, 0xff, 0xf6, 0x00, 0x00, 0x00, 0x3f, 0xff, 0xff, 0xff, 0xff, 0xff, 0xff, 0xff, 0xff, 0x60, 0x00, 0x00, 0x00, 0x01, 0xaf, 0xff, 0xff, 0xff, 0xff, 0xff, 0xff, 0xe4, 0x00, 0x00, 0x00, 0x00, 0x00, 0x02, 0x9e, 0xff, 0xff, 0xff, 0xff, 0xb6, 0x00, 0x00, 0x00, 0x00, 0x00, 0x00, 0x00, 0x00, 0x24, 0x78, 0x86, 0x41, 0x00, 0x00, 0x00, 0x00,
    /* U+0037 */ 0x34, 0x44, 0x44, 0x44, 0x44, 0x44, 0x44, 0x44, 0x44, 0x44, 0x44, 0x44, 0x41, 0xcf, 0xff, 0xff, 0xff, 0xff, 0xff, 0xff, 0xff, 0xff, 0xff, 0xff, 0xff, 0xf4, 0xcf, 0xff, 0xff, 0xff, 0xff, 0xff, 0xff, 0xff, 0xff, 0xff, 0xff, 0xff, 0xf4, 0xcf, 0xff, 0xff, 0xff, 0xff, 0xff, 0xff, 0xff, 0xff, 0xff, 0xff, 0xff, 0xf4, 0xcf, 0xff, 0xff, 0xff, 0xff, 0xff, 0xff, 0xff, 0xff, 0xff, 0xff, 0xff, 0xf4, 0xcf, 0xff, 0xff, 0xcc, 0xcc, 0xcc, 0xcc, 0xcc, 0xcc, 0xef, 0xff, 0xff, 0xf1, 0xcf, 0xff, 0xfc, 0x00, 0x00, 0x00, 0x00, 0x00, 0x00, 0xcf, 0xff, 0xff, 0x90, 0xcf, 0xff, 0xfc, 0x00, 0x00, 0x00, 0x00, 0x00, 0x04, 0xff, 0xff, 0xff, 0x20, 0xcf, 0xff, 0xfc, 0x00, 0x00, 0x00, 0x00, 0x00, 0x0a, 0xff, 0xff, 0xfa, 0x00, 0xcf, 0xff, 0xfc, 0x00, 0x00, 0x00, 0x00, 0x00, 0x2f, 0xff, 0xff, 0xf4, 0x00, 0xcf, 0xff, 0xfc, 0x00, 0x00, 0x00, 0x00, 0x00, 0x9f, 0xff, 0xff, 0xc0, 0x00, 0x34, 0x44, 0x43, 0x00, 0x00, 0x00, 0x00, 0x01, 0xff, 0xff, 0xff, 0x60, 0x00, 0x00, 0x00, 0x00, 0x00, 0x00, 0x00, 0x00, 0x07, 0xff, 0xff, 0xfe, 0x00, 0x00, 0x00, 0x00, 0x00, 0x00, 0x00, 0x00, 0x00, 0x0e, 0xff, 0xff, 0xf7, 0x00, 0x00, 0x00, 0x00, 0x00, 0x00, 0x00, 0x00, 0x00, 0x6f, 0xff, 0xff, 0xf1, 0x00, 0x00, 0x00, 0x00, 0x00, 0x00, 0x00, 0x00, 0x00, 0xdf, 0xff, 0xff, 0x90, 0x00, 0x00, 0x00, 0x00, 0x00, 0x00, 0x00, 0x00, 0x04, 0xff, 0xff, 0xff, 0x20, 0x00, 0x00, 0x00, 0x00, 0x00, 0x00, 0x00, 0x00, 0x0b, 0xff, 0xff, 0xfa, 0x00, 0x00, 0x00, 0x00, 0x00, 0x00, 0x00, 0x00, 0x00, 0x2f, 0xff, 0xff, 0xf4, 0x00, 0x00, 0x00, 0x00, 0x00, 0x00, 0x00, 0x00, 0x00, 0xaf, 0xff, 0xff, 0xc0, 0x00, 0x00, 0x00, 0x00, 0x00, 0x00, 0x00, 0x00, 0x01, 0xff, 0xff, 0xff, 0x60, 0x00, 0x00, 0x00, 0x00, 0x00, 0x00, 0x00, 0x00, 0x08, 0xff, 0xff, 0xfe, 0x00, 0x00, 0x00, 0x00, 0x00, 0x00, 0x00, 0x00, 0x00, 0x0e, 0xff, 0xff, 0xf8, 0x00, 0x00, 0x00, 0x00, 0x00, 0x00, 0x00, 0x00, 0x00, 0x6f, 0xff, 0xff, 0xf1, 0x00, 0x00, 0x00, 0x00, 0x00, 0x00, 0x00, 0x00, 0x00, 0xdf, 0xff, 0xff, 0xa0, 0x00, 0x00, 0x00, 0x00, 0x00, 0x00, 0x00, 0x00, 0x04, 0xff, 0xff, 0xff, 0x20, 0x00, 0x00, 0x00, 0x00, 0x00, 0x00, 0x00, 0x00, 0x0b, 0xff, 0xff, 0xfb, 0x00, 0x00, 0x00, 0x00, 0x00, 0x00, 0x00, 0x00, 0x00, 0x2f, 0xff, 0xff, 0xf4, 0x00, 0x00, 0x00, 0x00, 0x00, 0x00, 0x00, 0x00, 0x00, 0xaf, 0xff, 0xff, 0xd0, 0x00, 0x00, 0x00, 0x00, 0x00, 0x00, 0x00, 0x00, 0x01, 0xff, 0xff, 0xff, 0x60, 0x00, 0x00, 0x00, 0x00, 0x00, 0x00, 0x00, 0x00, 0x08, 0xff, 0xff, 0xfe, 0x00, 0x00, 0x00, 0x00, 0x00, 0x00, 0x00, 0x00, 0x00, 0x0e, 0xff, 0xff, 0xf8, 0x00, 0x00, 0x00, 0x00, 0x00, 0x00, 0x00, 0x00, 0x00, 0x6f, 0xff, 0xff, 0xf1, 0x00, 0x00, 0x00, 0x00, 0x00, 0x00,
    /* U+0038 */ 0x00, 0x00, 0x00, 0x00, 0x02, 0x68, 0x9c, 0xc9, 0x85, 0x20, 0x00, 0x00, 0x00, 0x00, 0x00, 0x00, 0x00, 0x17, 0xef, 0xff, 0xff, 0xff, 0xff, 0xfd, 0x71, 0x00, 0x00, 0x00, 0x00, 0x00, 0x06, 0xff, 0xff, 0xff, 0xff, 0xff, 0xff, 0xff, 0xff, 0x50, 0x00, 0x00, 0x00, 0x00, 0xaf, 0xff, 0xff, 0xff, 0xff, 0xff, 0xff, 0xff, 0xff, 0xf9, 0x00, 0x00, 0x00, 0x07, 0xff, 0xff, 0xff, 0xff, 0xff, 0xff, 0xff, 0xff, 0xff, 0xff, 0x60, 0x00, 0x00, 0x2f, 0xff, 0xff, 0xff, 0xa5, 0x20, 0x02, 0x6c, 0xff, 0xff, 0xff, 0xf2, 0x00, 0x00, 0x9f, 0xff, 0xff, 0xf4, 0x00, 0x00, 0x00, 0x00, 0x5f, 0xff, 0xff, 0xf9, 0x00, 0x00, 0xdf, 0xff, 0xff, 0x60, 0x00, 0x00, 0x00, 0x00, 0x07, 0xff, 0xff, 0xfd, 0x00, 0x00, 0xff, 0xff, 0xff, 0x00, 0x00, 0x00, 0x00, 0x00, 0x00, 0xff, 0xff, 0xff, 0x00, 0x00, 0xff, 0xff, 0xff, 0x00, 0x00, 0x00, 0x00, 0x00, 0x00, 0xff, 0xff, 0xff, 0x00, 0x00, 0xff, 0xff, 0xff, 0x00, 0x00, 0x00, 0x00, 0x00, 0x00, 0xff, 0xff, 0xff, 0x00, 0x00, 0xbf, 0xff, 0xff, 0x60, 0x00, 0x00, 0x00, 0x00, 0x06, 0xff, 0xff, 0xfb, 0x00, 0x00, 0x6f, 0xff, 0xff, 0xf3, 0x00, 0x00, 0x00, 0x00, 0x3f, 0xff, 0xff, 0xf6, 0x00, 0x00, 0x0d, 0xff, 0xff, 0xff, 0x93, 0x00, 0x00, 0x3a, 0xff, 0xff, 0xff, 0xc0, 0x00, 0x00, 0x03, 0xff, 0xff, 0xff, 0xff, 0xff, 0xff, 0xff, 0xff, 0xff, 0xfd, 0x10, 0x00, 0x00, 0x00, 0x2c, 0xff, 0xff, 0xff, 0xff, 0xff, 0xff, 0xff, 0xff, 0xc1, 0x00, 0x00, 0x00, 0x00, 0x2a, 0xff, 0xff, 0xff, 0xff, 0xff, 0xff, 0xff, 0xff, 0xa1, 0x00, 0x00, 0x00, 0x06, 0xff, 0xff, 0xff, 0xff, 0xff, 0xff, 0xff, 0xff, 0xff, 0xff, 0x50, 0x00, 0x00, 0x5f, 0xff, 0xff, 0xff, 0xfa, 0x88, 0x88, 0xbf, 0xff, 0xff, 0xff, 0xf4, 0x00, 0x01, 0xff, 0xff, 0xff, 0xf6, 0x00, 0x00, 0x00, 0x00, 0x6f, 0xff, 0xff, 0xff, 0x10, 0x08, 0xff, 0xff, 0xfe, 0x10, 0x00, 0x00, 0x00, 0x00, 0x03, 0xff, 0xff, 0xff, 0x80, 0x0e, 0xff, 0xff, 0xf5, 0x00, 0x00, 0x00, 0x00, 0x00, 0x00, 0x6f, 0xff, 0xff, 0xe0, 0x0f, 0xff, 0xff, 0xf0, 0x00, 0x00, 0x00, 0x00, 0x00, 0x00, 0x0f, 0xff, 0xff, 0xf0, 0x4f, 0xff, 0xff, 0xf0, 0x00, 0x00, 0x00, 0x00, 0x00, 0x00, 0x0f, 0xff, 0xff, 0xf4, 0x2f, 0xff, 0xff, 0xf0, 0x00, 0x00, 0x00, 0x00, 0x00, 0x00, 0x0f, 0xff, 0xff, 0xf2, 0x0f, 0xff, 0xff, 0xf4, 0x00, 0x00, 0x00, 0x00, 0x00, 0x00, 0x4f, 0xff, 0xff, 0xf0, 0x0c, 0xff, 0xff, 0xfd, 0x10, 0x00, 0x00, 0x00, 0x00, 0x01, 0xdf, 0xff, 0xff, 0xb0, 0x06, 0xff, 0xff, 0xff, 0xd2, 0x00, 0x00, 0x00, 0x00, 0x4d, 0xff, 0xff, 0xff, 0x60, 0x00, 0xdf, 0xff, 0xff, 0xff, 0xb8, 0x44, 0x44, 0x8d, 0xff, 0xff, 0xff, 0xfd, 0x00, 0x00, 0x3f, 0xff, 0xff, 0xff, 0xff, 0xff, 0xff, 0xff, 0xff, 0xff, 0xff, 0xf2, 0x00, 0x00, 0x03, 0xef, 0xff, 0xff, 0xff, 0xff, 0xff, 0xff, 0xff, 0xff, 0xfd, 0x30, 0x00, 0x00, 0x00, 0x19, 0xff, 0xff, 0xff, 0xff, 0xff, 0xff, 0xff, 0xff, 0x81, 0x00, 0x00, 0x00, 0x00, 0x00, 0x17, 0xcf, 0xff, 0xff, 0xff, 0xff, 0xfc, 0x71, 0x00, 0x00, 0x00, 0x00, 0x00, 0x00, 0x00, 0x00, 0x44, 0x88, 0x88, 0x44, 0x00, 0x00, 0x00, 0x00, 0x00,
    /* U+0039 */ 0x00, 0x00, 0x00, 0x00, 0x48, 0x9c, 0xb8, 0x84, 0x10, 0x00, 0x00, 0x00, 0x00, 0x00, 0x00, 0x02, 0xaf, 0xff, 0xff, 0xff, 0xff, 0xfb, 0x40, 0x00, 0x00, 0x00, 0x00, 0x00, 0x9f, 0xff, 0xff, 0xff, 0xff, 0xff, 0xff, 0xfc, 0x20, 0x00, 0x00, 0x00, 0x1d, 0xff, 0xff, 0xff, 0xff, 0xff, 0xff, 0xff, 0xff, 0xf3, 0x00, 0x00, 0x00, 0xcf, 0xff, 0xff, 0xff, 0xff, 0xff, 0xff, 0xff, 0xff, 0xff, 0x30, 0x00, 0x08, 0xff, 0xff, 0xff, 0xe7, 0x30, 0x01, 0x5a, 0xff, 0xff, 0xff, 0xe1, 0x00, 0x1f, 0xff, 0xff, 0xfa, 0x10, 0x00, 0x00, 0x00, 0x3d, 0xff, 0xff, 0xf9, 0x00, 0x6f, 0xff, 0xff, 0xc0, 0x00, 0x00, 0x00, 0x00, 0x02, 0xff, 0xff, 0xff, 0x20, 0xbf, 0xff, 0xff, 0x40, 0x00, 0x00, 0x00, 0x00, 0x00, 0x8f, 0xff, 0xff, 0x90, 0xcf, 0xff, 0xff, 0x00, 0x00, 0x00, 0x00, 0x00, 0x00, 0x4f, 0xff, 0xff, 0xe0, 0xff, 0xff, 0xff, 0x00, 0x00, 0x00, 0x00, 0x00, 0x00, 0x4f, 0xff, 0xff, 0xf3, 0xef, 0xff, 0xff, 0x00, 0x00, 0x00, 0x00, 0x00, 0x00, 0x4f, 0xff, 0xff, 0xf6, 0xcf, 0xff, 0xff, 0x40, 0x00, 0x00, 0x00, 0x00, 0x00, 0x9f, 0xff, 0xff, 0xf8, 0x9f, 0xff, 0xff, 0xc0, 0x00, 0x00, 0x00, 0x00, 0x03, 0xff, 0xff, 0xff, 0xfc, 0x3f, 0xff, 0xff, 0xfa, 0x10, 0x00, 0x00, 0x00, 0x3f, 0xff, 0xff, 0xff, 0xfc, 0x0c, 0xff, 0xff, 0xff, 0xe7, 0x30, 0x01, 0x5a, 0xff, 0xff, 0xff, 0xff, 0xfc, 0x02, 0xff, 0xff, 0xff, 0xff, 0xff, 0xff, 0xff, 0xff, 0xff, 0xff, 0xff, 0xfc, 0x00, 0x5f, 0xff, 0xff, 0xff, 0xff, 0xff, 0xff, 0xff, 0xfd, 0xff, 0xff, 0xfc, 0x00, 0x03, 0xef, 0xff, 0xff, 0xff, 0xff, 0xff, 0xff, 0x84, 0xff, 0xff, 0xfc, 0x00, 0x00, 0x18, 0xef, 0xff, 0xff, 0xff, 0xff, 0xb3, 0x04, 0xff, 0xff, 0xfa, 0x00, 0x00, 0x00, 0x03, 0x78, 0xcc, 0xa8, 0x51, 0x00, 0x08, 0xff, 0xff, 0xf8, 0x00, 0x00, 0x00, 0x00, 0x00, 0x00, 0x00, 0x00, 0x00, 0x0b, 0xff, 0xff, 0xf4, 0x00, 0x00, 0x00, 0x00, 0x00, 0x00, 0x00, 0x00, 0x00, 0x1f, 0xff, 0xff, 0xf1, 0x00, 0x00, 0x00, 0x00, 0x00, 0x00, 0x00, 0x00, 0x00, 0x6f, 0xff, 0xff, 0xb0, 0x00, 0x00, 0x00, 0x00, 0x00, 0x00, 0x00, 0x00, 0x01, 0xff, 0xff, 0xff, 0x60, 0x00, 0x00, 0x00, 0x00, 0x00, 0x00, 0x00, 0x00, 0x0c, 0xff, 0xff, 0xfe, 0x00, 0x00, 0x00, 0x00, 0x00, 0x00, 0x00, 0x00, 0x01, 0xdf, 0xff, 0xff, 0xf5, 0x00, 0x00, 0x08, 0xc5, 0x00, 0x00, 0x00, 0x02, 0x8f, 0xff, 0xff, 0xff, 0xb0, 0x00, 0x00, 0x1f, 0xff, 0xfc, 0xa8, 0x8b, 0xdf, 0xff, 0xff, 0xff, 0xfd, 0x10, 0x00, 0x00, 0x8f, 0xff, 0xff, 0xff, 0xff, 0xff, 0xff, 0xff, 0xff, 0xd1, 0x00, 0x00, 0x01, 0xff, 0xff, 0xff, 0xff, 0xff, 0xff, 0xff, 0xff, 0xfb, 0x10, 0x00, 0x00, 0x03, 0xef, 0xff, 0xff, 0xff, 0xff, 0xff, 0xff, 0xfe, 0x50, 0x00, 0x00, 0x00, 0x00, 0x06, 0xbf, 0xff, 0xff, 0xff, 0xff, 0xfa, 0x50, 0x00, 0x00, 0x00, 0x00, 0x00, 0x00, 0x00, 0x34, 0x88, 0x87, 0x43, 0x00, 0x00, 0x00, 0x00, 0x00, 0x00,
    /* U+003A */ 0x00, 0x4b, 0xcc, 0x60, 0x00, 0x5f, 0xff, 0xff, 0x90, 0x0e, 0xff, 0xff, 0xff, 0x22, 0xff, 0xff, 0xff, 0xf5, 0x2f, 0xff, 0xff, 0xff, 0x50, 0xef, 0xff, 0xff, 0xf2, 0x04, 0xff, 0xff, 0xf6, 0x00, 0x03, 0xac, 0xb5, 0x00, 0x00, 0x00, 0x00, 0x00, 0x00, 0x00, 0x00, 0x00, 0x00, 0x00, 0x00, 0x00, 0x00, 0x00, 0x00, 0x00, 0x00, 0x00, 0x00, 0x00, 0x00, 0x00, 0x00, 0x00, 0x00, 0x00, 0x00, 0x00, 0x00, 0x00, 0x00, 0x00, 0x00, 0x00, 0x00, 0x00, 0x00, 0x00, 0x00, 0x00, 0x00, 0x00, 0x34, 0x30, 0x00, 0x01, 0xcf, 0xff, 0xd3, 0x00, 0xaf, 0xff, 0xff, 0xe0, 0x0f, 0xff, 0xff, 0xff, 0x44, 0xff, 0xff, 0xff, 0xf6, 0x0f, 0xff, 0xff, 0xff, 0x40, 0xaf, 0xff, 0xff, 0xd0, 0x01, 0xbf, 0xff, 0xd3, 0x00, 0x00, 0x34, 0x30, 0x00,
};

static const lv_font_fmt_txt_glyph_dsc_t glyph_dsc_clock_46[] = {
    {.bitmap_index = 0, .adv_w = 0, .box_w = 0, .box_h = 0, .ofs_x = 0, .ofs_y = 0},
    {.bitmap_index = 0, .adv_w = 203, .box_w = 0, .box_h = 0, .ofs_x = 0, .ofs_y = 0},
    {.bitmap_index = 0, .adv_w = 283, .box_w = 14, .box_h = 6, .ofs_x = 2, .ofs_y = 10},
    {.bitmap_index = 42, .adv_w = 495, .box_w = 27, .box_h = 34, .ofs_x = 2, .ofs_y = -1},
    {.bitmap_index = 501, .adv_w = 280, .box_w = 14, .box_h = 33, .ofs_x = 0, .ofs_y = 0},
    {.bitmap_index = 732, .adv_w = 428, .box_w = 26, .box_h = 33, .ofs_x = 0, .ofs_y = 0},
    {.bitmap_index = 1161, .adv_w = 428, .box_w = 25, .box_h = 34, .ofs_x = 0, .ofs_y = -1},
    {.bitmap_index = 1586, .adv_w = 500, .box_w = 30, .box_h = 33, .ofs_x = 1, .ofs_y = 0},
    {.bitmap_index = 2081, .adv_w = 430, .box_w = 26, .box_h = 34, .ofs_x = 0, .ofs_y = -1},
    {.bitmap_index = 2523, .adv_w = 461, .box_w = 26, .box_h = 34, .ofs_x = 2, .ofs_y = -1},
    {.bitmap_index = 2965, .adv_w = 447, .box_w = 26, .box_h = 33, .ofs_x = 1, .ofs_y = 0},
    {.bitmap_index = 3394, .adv_w = 480, .box_w = 28, .box_h = 34, .ofs_x = 1, .ofs_y = -1},
    {.bitmap_index = 3870, .adv_w = 461, .box_w = 26, .box_h = 34, .ofs_x = 1, .ofs_y = -1},
    {.bitmap_index = 4312, .adv_w = 180, .box_w = 9, .box_h = 26, .ofs_x = 1, .ofs_y = -1},
};

static const lv_font_fmt_txt_cmap_t cmaps_clock_46[] = {
    {.range_start = 0x20, .range_length = 1, .glyph_id_start = 1, .unicode_list = NULL, .glyph_id_ofs_list = NULL, .list_length = 0, .type = LV_FONT_FMT_TXT_CMAP_FORMAT0_TINY},
    {.range_start = 0x2D, .range_length = 1, .glyph_id_start = 2, .unicode_list = NULL, .glyph_id_ofs_list = NULL, .list_length = 0, .type = LV_FONT_FMT_TXT_CMAP_FORMAT0_TINY},
    {.range_start = 0x30, .range_length = 11, .glyph_id_start = 3, .unicode_list = NULL, .glyph_id_ofs_list = NULL, .list_length = 0, .type = LV_FONT_FMT_TXT_CMAP_FORMAT0_TINY},
};

static const lv_font_fmt_txt_dsc_t font_dsc_clock_46 = {
    .glyph_bitmap = glyph_bitmap_clock_46, .glyph_dsc = glyph_dsc_clock_46, .cmaps = cmaps_clock_46,
    .kern_dsc = NULL, .kern_scale = 0, .cmap_num = 3, .bpp = 4, .kern_classes = 0,
    .bitmap_format = 0,
};

const lv_font_t bed_font_clock_46 = {
    .get_glyph_dsc = lv_font_get_glyph_dsc_fmt_txt,
    .get_glyph_bitmap = lv_font_get_bitmap_fmt_txt,
    .line_height = 57, .base_line = 12, .subpx = LV_FONT_SUBPX_NONE,
    .underline_position = 0, .underline_thickness = 0, .dsc = &font_dsc_clock_46,
    .fallback = NULL,
};
